<?xml version='1.0' encoding='utf-8'?>
<osm version="0.6" generator="CAMP_Autonomous_System">
  <bounds minlat="30.96" minlon="76.46491" maxlat="30.97108" maxlon="76.48156" origin="openstreetmap-cgimap 2.1.0 (244700 spike-07.openstreetmap.org)" />
  <node id="-25355" action="modify" visible="true" version="1" lat="30.96799872868" lon="76.47163048426">
    <tag k="amenity" v="bus_station" />
    <tag k="description" v="Campus Stop - Nearest Junction: 14103649902" />
    <tag k="name" v="M2 Lecture Hall" />
  </node>
  <node id="-25356" visible="true" version="1" lat="30.9673992" lon="76.474445">
    <tag k="amenity" v="bus_station" />
    <tag k="description" v="Campus Stop - Nearest Junction: 11752291184" />
    <tag k="name" v="Super Academic Building" />
  </node>
  <node id="-25357" action="modify" visible="true" version="1" lat="30.96722857015" lon="76.47322901946">
    <tag k="amenity" v="bus_station" />
    <tag k="description" v="Campus Stop - Nearest Junction: 11752291184" />
    <tag k="name" v="Nalanda library" />
  </node>
  <node id="-25358" action="modify" visible="true" version="1" lat="30.96875560686" lon="76.47421317321">
    <tag k="amenity" v="bus_station" />
    <tag k="description" v="Campus Stop - Nearest Junction: 9514233028" />
    <tag k="name" v="J.C. Bose Building" />
  </node>
  <node id="-25359" action="modify" visible="true" version="1" lat="30.9692764812" lon="76.47564387652">
    <tag k="amenity" v="bus_station" />
    <tag k="description" v="Campus Stop - Nearest Junction: 14212446381" />
    <tag k="name" v="S Ramanujan building" />
  </node>
  <node id="-25360" action="modify" visible="true" version="1" lat="30.96817656967" lon="76.46858888354">
    <tag k="amenity" v="bus_station" />
    <tag k="description" v="Campus Stop - Nearest Junction: 11052493596" />
    <tag k="name" v="Satluj Boys hostel" />
  </node>
  <node id="-25361" visible="true" version="1" lat="30.9686835" lon="76.4705967">
    <tag k="amenity" v="bus_station" />
    <tag k="description" v="Campus Stop - Nearest Junction: 9513402251" />
    <tag k="name" v="soc lab" />
  </node>
  <node id="-25362" action="modify" visible="true" version="1" lat="30.96773794705" lon="76.46964893291">
    <tag k="amenity" v="bus_station" />
    <tag k="description" v="Campus Stop - Nearest Junction: 9513069046" />
    <tag k="name" v="Utility block" />
  </node>
  <node id="-25363" action="modify" visible="true" version="1" lat="30.96741159494" lon="76.4696446215">
    <tag k="amenity" v="bus_station" />
    <tag k="description" v="Campus Stop - Nearest Junction: 9513069047" />
    <tag k="name" v="Ravi Girls Hostel" />
  </node>
  <node id="-25364" visible="true" version="1" lat="30.9661766" lon="76.4712977">
    <tag k="amenity" v="bus_station" />
    <tag k="description" v="Campus Stop - Nearest Junction: 9513402276" />
    <tag k="name" v="Mess &amp; Cafeteria" />
  </node>
  <node id="-25365" action="modify" visible="true" version="1" lat="30.96647925608" lon="76.47174513147">
    <tag k="amenity" v="bus_station" />
    <tag k="description" v="Campus Stop - Nearest Junction: 9513402276" />
    <tag k="name" v="Mechanics Lab" />
  </node>
  <node id="-25366" visible="true" version="1" lat="30.967668" lon="76.4683997">
    <tag k="amenity" v="bus_station" />
    <tag k="description" v="Campus Stop - Nearest Junction: 14103608580" />
    <tag k="name" v="Girls Hostel2" />
  </node>
  <node id="-25367" action="modify" visible="true" version="1" lat="30.96812835043" lon="76.46938709898">
    <tag k="amenity" v="bus_station" />
    <tag k="description" v="Campus Stop - Nearest Junction: 9513069042" />
    <tag k="name" v="Maggi Point" />
  </node>
  <node id="-25368" action="modify" visible="true" version="1" lat="30.96811256424" lon="76.46939010955">
    <tag k="amenity" v="bus_station" />
    <tag k="description" v="Campus Stop - Nearest Junction: 9513069042" />
    <tag k="name" v="Burger House" />
  </node>
  <node id="-25369" action="modify" visible="true" version="1" lat="30.96701121406" lon="76.46709082783">
    <tag k="amenity" v="bus_station" />
    <tag k="description" v="Campus Stop - Nearest Junction: 11052493596" />
    <tag k="name" v="Brahmaputra Hostel" />
  </node>
  <node id="-25605" action="modify" visible="true" lat="30.96741173356" lon="76.46965233059">
    <tag k="junction" v="yes" />
    <tag k="junction_type" v="Road End / Cul-de-sac" />
    <tag k="degree" v="1" />
    <tag k="name" v="Junction -25605 (Road End / Cul-de-sac)" />
  </node>
  <node id="2206225955" timestamp="2013-03-17T03:39:28Z" uid="56597" user="Oberaffe" visible="true" version="1" changeset="15391173" lat="30.9681427" lon="76.4695174">
    <tag k="power" v="tower" />
  </node>
  <node id="9513055669" timestamp="2022-02-17T08:05:58Z" uid="12256953" user="the_cool_guy" visible="true" version="1" changeset="117507363" lat="30.970877" lon="76.4723715" />
  <node id="9513055670" timestamp="2022-02-17T08:05:58Z" uid="12256953" user="the_cool_guy" visible="true" version="1" changeset="117507363" lat="30.9696485" lon="76.472383" />
  <node id="9513055671" timestamp="2022-02-17T08:05:58Z" uid="12256953" user="the_cool_guy" visible="true" version="1" changeset="117507363" lat="30.9696591" lon="76.4739172" />
  <node id="9513055672" timestamp="2022-02-17T08:05:58Z" uid="12256953" user="the_cool_guy" visible="true" version="1" changeset="117507363" lat="30.9709006" lon="76.4739056" />
  <node id="9513055673" timestamp="2022-02-17T08:05:58Z" uid="12256953" user="the_cool_guy" visible="true" version="1" changeset="117507363" lat="30.9708968" lon="76.4733581" />
  <node id="9513055674" timestamp="2022-02-17T08:05:58Z" uid="12256953" user="the_cool_guy" visible="true" version="1" changeset="117507363" lat="30.9707849" lon="76.4733592" />
  <node id="9513055675" timestamp="2022-02-17T08:05:58Z" uid="12256953" user="the_cool_guy" visible="true" version="1" changeset="117507363" lat="30.9707819" lon="76.472914" />
  <node id="9513055676" timestamp="2022-02-17T08:05:58Z" uid="12256953" user="the_cool_guy" visible="true" version="1" changeset="117507363" lat="30.9708808" lon="76.4729131" />
  <node id="9513055677" timestamp="2025-01-07T08:37:54Z" uid="22355679" user="Nikita2445" visible="true" version="2" changeset="161086661" lat="30.9694954" lon="76.4724501" />
  <node id="9513055678" timestamp="2025-01-07T08:37:54Z" uid="22355679" user="Nikita2445" visible="true" version="2" changeset="161086661" lat="30.9690855" lon="76.472456" />
  <node id="9513055679" timestamp="2025-01-07T08:37:54Z" uid="22355679" user="Nikita2445" visible="true" version="2" changeset="161086661" lat="30.9691014" lon="76.4739635" />
  <node id="9513055680" timestamp="2025-01-07T08:37:54Z" uid="22355679" user="Nikita2445" visible="true" version="2" changeset="161086661" lat="30.9695115" lon="76.4739576" />
  <node id="9513055681" timestamp="2025-01-07T08:37:54Z" uid="22355679" user="Nikita2445" visible="true" version="2" changeset="161086661" lat="30.9692268" lon="76.4746167" />
  <node id="9513055682" timestamp="2025-01-07T08:37:54Z" uid="22355679" user="Nikita2445" visible="true" version="2" changeset="161086661" lat="30.9690493" lon="76.4745947" />
  <node id="9513055683" timestamp="2025-01-07T08:37:54Z" uid="22355679" user="Nikita2445" visible="true" version="2" changeset="161086661" lat="30.9690323" lon="76.4746145" />
  <node id="9513055684" timestamp="2025-01-07T08:37:54Z" uid="22355679" user="Nikita2445" visible="true" version="2" changeset="161086661" lat="30.9690304" lon="76.4746454" />
  <node id="9513055685" timestamp="2025-01-07T08:37:54Z" uid="22355679" user="Nikita2445" visible="true" version="2" changeset="161086661" lat="30.9690361" lon="76.4750485" />
  <node id="9513055686" timestamp="2025-01-07T08:37:54Z" uid="22355679" user="Nikita2445" visible="true" version="2" changeset="161086661" lat="30.9690531" lon="76.4750639" />
  <node id="9513055687" timestamp="2025-01-07T08:37:54Z" uid="22355679" user="Nikita2445" visible="true" version="2" changeset="161086661" lat="30.9692306" lon="76.4750529" />
  <node id="9513055688" timestamp="2025-01-07T08:37:54Z" uid="22355679" user="Nikita2445" visible="true" version="2" changeset="161086661" lat="30.9692438" lon="76.4750353" />
  <node id="9513055689" timestamp="2025-01-07T08:37:54Z" uid="22355679" user="Nikita2445" visible="true" version="2" changeset="161086661" lat="30.9692476" lon="76.4750111" />
  <node id="9513055690" timestamp="2025-01-07T08:37:54Z" uid="22355679" user="Nikita2445" visible="true" version="2" changeset="161086661" lat="30.9692363" lon="76.4746454" />
  <node id="9513055691" timestamp="2022-02-17T08:05:58Z" uid="12256953" user="the_cool_guy" visible="true" version="1" changeset="117507363" lat="30.969497" lon="76.4705463" />
  <node id="9513055692" timestamp="2022-02-17T08:05:58Z" uid="12256953" user="the_cool_guy" visible="true" version="1" changeset="117507363" lat="30.9693729" lon="76.470553" />
  <node id="9513055693" timestamp="2022-02-17T08:05:58Z" uid="12256953" user="the_cool_guy" visible="true" version="1" changeset="117507363" lat="30.9693873" lon="76.4720641" />
  <node id="9513055694" timestamp="2022-02-17T08:05:58Z" uid="12256953" user="the_cool_guy" visible="true" version="1" changeset="117507363" lat="30.9693527" lon="76.4720742" />
  <node id="9513055695" timestamp="2022-02-17T08:05:58Z" uid="12256953" user="the_cool_guy" visible="true" version="1" changeset="117507363" lat="30.9693527" lon="76.4722122" />
  <node id="9513055696" timestamp="2022-02-17T08:05:58Z" uid="12256953" user="the_cool_guy" visible="true" version="1" changeset="117507363" lat="30.9695201" lon="76.4722089" />
  <node id="9513055697" timestamp="2022-02-17T08:05:58Z" uid="12256953" user="the_cool_guy" visible="true" version="1" changeset="117507363" lat="30.9695028" lon="76.4711214" />
  <node id="9513068987" timestamp="2022-02-17T08:05:58Z" uid="12256953" user="the_cool_guy" visible="true" version="1" changeset="117507363" lat="30.9691185" lon="76.4705628" />
  <node id="9513068988" timestamp="2022-02-17T08:05:58Z" uid="12256953" user="the_cool_guy" visible="true" version="1" changeset="117507363" lat="30.9691301" lon="76.471115" />
  <node id="9513068989" timestamp="2022-02-17T08:05:58Z" uid="12256953" user="the_cool_guy" visible="true" version="1" changeset="117507363" lat="30.9692195" lon="76.471115" />
  <node id="9513068990" timestamp="2022-02-17T08:05:58Z" uid="12256953" user="the_cool_guy" visible="true" version="1" changeset="117507363" lat="30.9692224" lon="76.471088" />
  <node id="9513068991" timestamp="2022-02-17T08:05:58Z" uid="12256953" user="the_cool_guy" visible="true" version="1" changeset="117507363" lat="30.9691647" lon="76.471088" />
  <node id="9513068992" timestamp="2022-02-17T08:05:58Z" uid="12256953" user="the_cool_guy" visible="true" version="1" changeset="117507363" lat="30.969156" lon="76.4705628" />
  <node id="9513069011" timestamp="2026-09-24T17:25:54Z" uid="24589846" user="Y@shP" visible="true" version="2" changeset="189509374" lat="30.9709449" lon="76.4731211" />
  <node id="9513069012" timestamp="2026-09-24T17:25:54Z" uid="24589846" user="Y@shP" visible="true" version="2" changeset="189509374" lat="30.9709585" lon="76.4739075" />
  <node id="9513069013" timestamp="2022-02-17T08:05:58Z" uid="12256953" user="the_cool_guy" visible="true" version="1" changeset="117507363" lat="30.9709534" lon="76.4739561" />
  <node id="9513069014" timestamp="2026-09-24T17:25:54Z" uid="24589846" user="Y@shP" visible="true" version="2" changeset="189509374" lat="30.9708929" lon="76.4740659" />
  <node id="9513069015" timestamp="2026-09-24T17:25:54Z" uid="24589846" user="Y@shP" visible="true" version="2" changeset="189509374" lat="30.9695943" lon="76.4740893">
    <tag k="highway" v="crossing" />
    <tag k="junction" v="yes" />
    <tag k="junction_type" v="4-way Crossroad" />
    <tag k="degree" v="4" />
    <tag k="name" v="Junction 9513069015 (4-way Crossroad)" />
  </node>
  <node id="9513069016" timestamp="2026-09-24T17:25:54Z" uid="24589846" user="Y@shP" visible="true" version="2" changeset="189509374" lat="30.9709286" lon="76.4724269" />
  <node id="9513069017" timestamp="2026-09-24T17:25:54Z" uid="24589846" user="Y@shP" visible="true" version="2" changeset="189509374" lat="30.9708941" lon="76.4723547" />
  <node id="9513069018" timestamp="2026-09-24T17:25:54Z" uid="24589846" user="Y@shP" visible="true" version="2" changeset="189509374" lat="30.9708406" lon="76.4723328" />
  <node id="9513069019" timestamp="2026-09-24T17:25:54Z" uid="24589846" user="Y@shP" visible="true" version="2" changeset="189509374" lat="30.9695748" lon="76.4723526">
    <tag k="highway" v="crossing" />
    <tag k="junction" v="yes" />
    <tag k="junction_type" v="4-way Crossroad" />
    <tag k="degree" v="4" />
    <tag k="name" v="Junction 9513069019 (4-way Crossroad)" />
  </node>
  <node id="9513069020" timestamp="2026-09-24T17:25:54Z" uid="24589846" user="Y@shP" visible="true" version="2" changeset="189509374" lat="30.9692042" lon="76.4723524" />
  <node id="9513069021" timestamp="2026-09-24T17:25:54Z" uid="24589846" user="Y@shP" visible="true" version="2" changeset="189509374" lat="30.9691095" lon="76.4723508" />
  <node id="9513069022" timestamp="2026-09-24T17:25:54Z" uid="24589846" user="Y@shP" visible="true" version="2" changeset="189509374" lat="30.9690714" lon="76.4723543" />
  <node id="9513069023" timestamp="2026-09-24T17:25:54Z" uid="24589846" user="Y@shP" visible="true" version="2" changeset="189509374" lat="30.9690467" lon="76.4723618" />
  <node id="9513069024" timestamp="2026-09-24T17:25:54Z" uid="24589846" user="Y@shP" visible="true" version="2" changeset="189509374" lat="30.9689923" lon="76.4723967">
    <tag k="highway" v="crossing" />
    <tag k="junction" v="yes" />
    <tag k="junction_type" v="3-way T/Y Junction" />
    <tag k="degree" v="3" />
    <tag k="name" v="Junction 9513069024 (3-way T/Y Junction)" />
  </node>
  <node id="9513069025" timestamp="2026-09-24T17:25:54Z" uid="24589846" user="Y@shP" visible="true" version="2" changeset="189509374" lat="30.9689781" lon="76.4724528" />
  <node id="9513069026" timestamp="2026-09-24T17:25:54Z" uid="24589846" user="Y@shP" visible="true" version="2" changeset="189509374" lat="30.9689767" lon="76.4725478" />
  <node id="9513069027" timestamp="2026-09-24T17:25:54Z" uid="24589846" user="Y@shP" visible="true" version="2" changeset="189509374" lat="30.9689892" lon="76.4739213" />
  <node id="9513069028" timestamp="2026-09-24T17:25:54Z" uid="24589846" user="Y@shP" visible="true" version="2" changeset="189509374" lat="30.9690246" lon="76.4740436" />
  <node id="9513069029" timestamp="2026-09-24T17:25:54Z" uid="24589846" user="Y@shP" visible="true" version="2" changeset="189509374" lat="30.9691005" lon="76.4740843" />
  <node id="9513069030" timestamp="2026-09-24T17:25:54Z" uid="24589846" user="Y@shP" visible="true" version="2" changeset="189509374" lat="30.9692026" lon="76.4740889" />
  <node id="9513069031" timestamp="2023-07-25T03:41:18Z" uid="19819926" user="madsravs" visible="true" version="2" changeset="138966300" lat="30.9695126" lon="76.4683034" />
  <node id="9513069033" timestamp="2023-07-25T03:41:18Z" uid="19819926" user="madsravs" visible="true" version="2" changeset="138966300" lat="30.9695178" lon="76.4678628" />
  <node id="9513069034" timestamp="2023-07-25T03:41:18Z" uid="19819926" user="madsravs" visible="true" version="2" changeset="138966300" lat="30.9695052" lon="76.4675539" />
  <node id="9513069035" timestamp="2023-07-25T03:41:18Z" uid="19819926" user="madsravs" visible="true" version="2" changeset="138966300" lat="30.969465" lon="76.4673234" />
  <node id="9513069036" timestamp="2023-07-25T03:41:18Z" uid="19819926" user="madsravs" visible="true" version="2" changeset="138966300" lat="30.9693342" lon="76.4670203" />
  <node id="9513069037" timestamp="2023-07-25T03:41:18Z" uid="19819926" user="madsravs" visible="true" version="2" changeset="138966300" lat="30.9692529" lon="76.4668369" />
  <node id="9513069039" timestamp="2026-09-24T17:25:54Z" uid="24589846" user="Y@shP" visible="true" version="2" changeset="189509374" lat="30.9692362" lon="76.4657993" />
  <node id="9513069040" timestamp="2026-09-24T17:25:54Z" uid="24589846" user="Y@shP" visible="true" version="2" changeset="189509374" lat="30.9692165" lon="76.4652476">
    <tag k="highway" v="crossing" />
    <tag k="junction" v="yes" />
    <tag k="junction_type" v="Road End / Cul-de-sac" />
    <tag k="degree" v="1" />
    <tag k="name" v="Junction 9513069040 (Road End / Cul-de-sac)" />
  </node>
  <node id="9513069041" timestamp="2023-07-25T03:41:18Z" uid="19819926" user="madsravs" visible="true" version="2" changeset="138966300" lat="30.9695284" lon="76.4693499">
    <tag k="highway" v="crossing" />
    <tag k="junction" v="yes" />
    <tag k="junction_type" v="3-way T/Y Junction" />
    <tag k="degree" v="3" />
    <tag k="name" v="Junction 9513069041 (3-way T/Y Junction)" />
  </node>
  <node id="9513069042" timestamp="2023-07-25T03:41:18Z" uid="19819926" user="madsravs" visible="true" version="2" changeset="138966300" lat="30.9682059" lon="76.4693799">
    <tag k="highway" v="bus_stop" />
    <tag k="junction" v="yes" />
    <tag k="junction_type" v="4-way Crossroad" />
    <tag k="degree" v="4" />
    <tag k="name" v="Junction 9513069042 (4-way Crossroad)" />
  </node>
  <node id="9513069043" timestamp="2026-09-24T17:25:54Z" uid="24589846" user="Y@shP" visible="true" version="2" changeset="189509374" lat="30.9681327" lon="76.4696807">
    <tag k="highway" v="crossing" />
    <tag k="junction" v="yes" />
    <tag k="junction_type" v="3-way T/Y Junction" />
    <tag k="degree" v="3" />
    <tag k="name" v="Junction 9513069043 (3-way T/Y Junction)" />
  </node>
  <node id="9513069044" timestamp="2026-09-24T17:25:54Z" uid="24589846" user="Y@shP" visible="true" version="2" changeset="189509374" lat="30.9681353" lon="76.4700471" />
  <node id="9513069045" timestamp="2026-09-24T17:25:54Z" uid="24589846" user="Y@shP" visible="true" version="2" changeset="189509374" lat="30.9681331" lon="76.4700654" />
  <node id="9513069046" timestamp="2026-09-24T17:25:54Z" uid="24589846" user="Y@shP" visible="true" version="2" changeset="189509374" lat="30.9680874" lon="76.4701178">
    <tag k="highway" v="bus_stop" />
    <tag k="junction" v="yes" />
    <tag k="junction_type" v="3-way T/Y Junction" />
    <tag k="degree" v="3" />
    <tag k="name" v="Junction 9513069046 (3-way T/Y Junction)" />
  </node>
  <node id="9513069047" timestamp="2025-01-07T12:41:28Z" uid="22355679" user="Nikita2445" visible="true" version="2" changeset="161093922" lat="30.9673489" lon="76.47013">
    <tag k="highway" v="bus_stop" />
    <tag k="junction" v="yes" />
    <tag k="junction_type" v="Road End / Cul-de-sac" />
    <tag k="degree" v="1" />
    <tag k="name" v="Junction 9513069047 (Road End / Cul-de-sac)" />
  </node>
  <node id="9513069048" timestamp="2026-09-24T17:25:54Z" uid="24589846" user="Y@shP" visible="true" version="2" changeset="189509374" lat="30.9679267" lon="76.470126" />
  <node id="9513069049" timestamp="2026-09-24T17:25:54Z" uid="24589846" user="Y@shP" visible="true" version="3" changeset="189509374" lat="30.96793" lon="76.4716181" />
  <node id="9513069050" timestamp="2026-09-24T17:25:54Z" uid="24589846" user="Y@shP" visible="true" version="2" changeset="189509374" lat="30.9696138" lon="76.4751677" />
  <node id="9513069051" timestamp="2026-09-24T17:25:54Z" uid="24589846" user="Y@shP" visible="true" version="2" changeset="189509374" lat="30.9696283" lon="76.4768394" />
  <node id="9513069052" timestamp="2026-09-24T17:25:54Z" uid="24589846" user="Y@shP" visible="true" version="2" changeset="189509374" lat="30.9696511" lon="76.4778913" />
  <node id="9513069054" timestamp="2026-09-24T17:25:54Z" uid="24589846" user="Y@shP" visible="true" version="2" changeset="189509374" lat="30.9695627" lon="76.4779259" />
  <node id="9513069055" timestamp="2026-09-24T17:25:54Z" uid="24589846" user="Y@shP" visible="true" version="2" changeset="189509374" lat="30.9694373" lon="76.4778612" />
  <node id="9513069056" timestamp="2026-09-24T17:25:54Z" uid="24589846" user="Y@shP" visible="true" version="2" changeset="189509374" lat="30.9692476" lon="76.477779" />
  <node id="9513069057" timestamp="2026-09-24T17:25:54Z" uid="24589846" user="Y@shP" visible="true" version="2" changeset="189509374" lat="30.9690554" lon="76.4777282" />
  <node id="9513069058" timestamp="2026-09-24T17:25:54Z" uid="24589846" user="Y@shP" visible="true" version="2" changeset="189509374" lat="30.9688259" lon="76.4776796" />
  <node id="9513069059" timestamp="2026-09-24T17:25:54Z" uid="24589846" user="Y@shP" visible="true" version="2" changeset="189509374" lat="30.968512" lon="76.4776951" />
  <node id="9513069060" timestamp="2026-09-24T17:25:54Z" uid="24589846" user="Y@shP" visible="true" version="2" changeset="189509374" lat="30.9682196" lon="76.4777525">
    <tag k="highway" v="crossing" />
    <tag k="junction" v="yes" />
    <tag k="junction_type" v="3-way T/Y Junction" />
    <tag k="degree" v="3" />
    <tag k="name" v="Junction 9513069060 (3-way T/Y Junction)" />
  </node>
  <node id="9513069061" timestamp="2026-09-24T17:25:54Z" uid="24589846" user="Y@shP" visible="true" version="2" changeset="189509374" lat="30.9680351" lon="76.4778282" />
  <node id="9513069062" timestamp="2026-09-24T17:25:54Z" uid="24589846" user="Y@shP" visible="true" version="2" changeset="189509374" lat="30.9678686" lon="76.4779038" />
  <node id="9513069064" timestamp="2026-09-24T17:25:54Z" uid="24589846" user="Y@shP" visible="true" version="2" changeset="189509374" lat="30.9676862" lon="76.4778492" />
  <node id="9513069065" timestamp="2026-09-24T17:25:54Z" uid="24589846" user="Y@shP" visible="true" version="2" changeset="189509374" lat="30.9675323" lon="76.4776742" />
  <node id="9513069066" timestamp="2026-09-24T17:25:54Z" uid="24589846" user="Y@shP" visible="true" version="2" changeset="189509374" lat="30.9674995" lon="76.477612" />
  <node id="9513069067" timestamp="2026-09-24T17:25:54Z" uid="24589846" user="Y@shP" visible="true" version="2" changeset="189509374" lat="30.9674883" lon="76.4775387" />
  <node id="9513069068" timestamp="2026-09-24T17:25:54Z" uid="24589846" user="Y@shP" visible="true" version="4" changeset="189509374" lat="30.9674661" lon="76.4764891" />
  <node id="9513069069" timestamp="2026-09-24T17:25:54Z" uid="24589846" user="Y@shP" visible="true" version="2" changeset="189509374" lat="30.9696441" lon="76.4774298">
    <tag k="highway" v="crossing" />
    <tag k="junction" v="yes" />
    <tag k="junction_type" v="3-way T/Y Junction" />
    <tag k="degree" v="3" />
    <tag k="name" v="Junction 9513069069 (3-way T/Y Junction)" />
  </node>
  <node id="9513069070" timestamp="2026-09-24T17:25:54Z" uid="24589846" user="Y@shP" visible="true" version="2" changeset="189509374" lat="30.9711359" lon="76.4774552" />
  <node id="9513069071" timestamp="2026-09-24T17:25:54Z" uid="24589846" user="Y@shP" visible="true" version="2" changeset="189509374" lat="30.9711628" lon="76.4784444" />
  <node id="9513069072" timestamp="2026-09-24T17:25:54Z" uid="24589846" user="Y@shP" visible="true" version="2" changeset="189509374" lat="30.9711185" lon="76.4785336" />
  <node id="9513069073" timestamp="2026-09-24T17:25:54Z" uid="24589846" user="Y@shP" visible="true" version="2" changeset="189509374" lat="30.9698919" lon="76.4785356">
    <tag k="highway" v="crossing" />
    <tag k="junction" v="yes" />
    <tag k="junction_type" v="3-way T/Y Junction" />
    <tag k="degree" v="3" />
    <tag k="name" v="Junction 9513069073 (3-way T/Y Junction)" />
  </node>
  <node id="9513069074" timestamp="2026-09-24T17:25:54Z" uid="24589846" user="Y@shP" visible="true" version="2" changeset="189509374" lat="30.9711105" lon="76.4774448" />
  <node id="9513069075" timestamp="2026-09-24T17:25:54Z" uid="24589846" user="Y@shP" visible="true" version="2" changeset="189509374" lat="30.9701951" lon="76.4774839">
    <tag k="highway" v="crossing" />
    <tag k="junction" v="yes" />
    <tag k="junction_type" v="3-way T/Y Junction" />
    <tag k="degree" v="3" />
    <tag k="name" v="Junction 9513069075 (3-way T/Y Junction)" />
  </node>
  <node id="9513069076" timestamp="2026-09-24T17:25:54Z" uid="24589846" user="Y@shP" visible="true" version="2" changeset="189509374" lat="30.9702065" lon="76.4785512">
    <tag k="highway" v="crossing" />
    <tag k="junction" v="yes" />
    <tag k="junction_type" v="4-way Crossroad" />
    <tag k="degree" v="4" />
    <tag k="name" v="Junction 9513069076 (4-way Crossroad)" />
  </node>
  <node id="9513069077" timestamp="2026-09-24T17:25:54Z" uid="24589846" user="Y@shP" visible="true" version="2" changeset="189509374" lat="30.9705113" lon="76.4774775">
    <tag k="highway" v="crossing" />
    <tag k="junction" v="yes" />
    <tag k="junction_type" v="3-way T/Y Junction" />
    <tag k="degree" v="3" />
    <tag k="name" v="Junction 9513069077 (3-way T/Y Junction)" />
  </node>
  <node id="9513069078" timestamp="2026-09-24T17:25:54Z" uid="24589846" user="Y@shP" visible="true" version="2" changeset="189509374" lat="30.9705176" lon="76.4785481">
    <tag k="highway" v="crossing" />
    <tag k="junction" v="yes" />
    <tag k="junction_type" v="3-way T/Y Junction" />
    <tag k="degree" v="3" />
    <tag k="name" v="Junction 9513069078 (3-way T/Y Junction)" />
  </node>
  <node id="9513069079" timestamp="2026-09-24T17:25:54Z" uid="24589846" user="Y@shP" visible="true" version="2" changeset="189509374" lat="30.9708325" lon="76.4774668">
    <tag k="highway" v="crossing" />
    <tag k="junction" v="yes" />
    <tag k="junction_type" v="3-way T/Y Junction" />
    <tag k="degree" v="3" />
    <tag k="name" v="Junction 9513069079 (3-way T/Y Junction)" />
  </node>
  <node id="9513069080" timestamp="2026-09-24T17:25:54Z" uid="24589846" user="Y@shP" visible="true" version="2" changeset="189509374" lat="30.9708393" lon="76.4785346">
    <tag k="highway" v="crossing" />
    <tag k="junction" v="yes" />
    <tag k="junction_type" v="3-way T/Y Junction" />
    <tag k="degree" v="3" />
    <tag k="name" v="Junction 9513069080 (3-way T/Y Junction)" />
  </node>
  <node id="9513069081" timestamp="2026-09-24T17:25:54Z" uid="24589846" user="Y@shP" visible="true" version="2" changeset="189509374" lat="30.9702178" lon="76.4791999" />
  <node id="9513069082" timestamp="2022-02-17T08:05:58Z" uid="12256953" user="the_cool_guy" visible="true" version="1" changeset="117507363" lat="30.9702028" lon="76.4792459" />
  <node id="9513069083" timestamp="2026-09-24T17:25:54Z" uid="24589846" user="Y@shP" visible="true" version="2" changeset="189509374" lat="30.9698881" lon="76.4792906" />
  <node id="9513069084" timestamp="2026-09-24T17:25:54Z" uid="24589846" user="Y@shP" visible="true" version="2" changeset="189509374" lat="30.9698906" lon="76.4774829">
    <tag k="highway" v="crossing" />
    <tag k="junction" v="yes" />
    <tag k="junction_type" v="3-way T/Y Junction" />
    <tag k="degree" v="3" />
    <tag k="name" v="Junction 9513069084 (3-way T/Y Junction)" />
  </node>
  <node id="9513402242" timestamp="2026-09-24T17:25:54Z" uid="24589846" user="Y@shP" visible="true" version="2" changeset="189509374" lat="30.9690598" lon="76.4710988">
    <tag k="highway" v="crossing" />
    <tag k="junction" v="yes" />
    <tag k="junction_type" v="Road End / Cul-de-sac" />
    <tag k="degree" v="1" />
    <tag k="name" v="Junction 9513402242 (Road End / Cul-de-sac)" />
  </node>
  <node id="9513402243" timestamp="2026-09-24T17:25:54Z" uid="24589846" user="Y@shP" visible="true" version="2" changeset="189509374" lat="30.9682918" lon="76.4710992" />
  <node id="9513402244" timestamp="2026-09-24T17:25:54Z" uid="24589846" user="Y@shP" visible="true" version="2" changeset="189509374" lat="30.9682292" lon="76.4711384" />
  <node id="9513402245" action="modify" timestamp="2026-09-24T17:25:54Z" uid="24589846" user="Y@shP" visible="true" version="2" changeset="189509374" lat="30.96822006034" lon="76.4717387" />
  <node id="9513402246" timestamp="2026-09-24T17:25:54Z" uid="24589846" user="Y@shP" visible="true" version="2" changeset="189509374" lat="30.9682347" lon="76.472234" />
  <node id="9513402247" timestamp="2026-09-24T17:25:54Z" uid="24589846" user="Y@shP" visible="true" version="2" changeset="189509374" lat="30.9682839" lon="76.4722635" />
  <node id="9513402248" timestamp="2026-09-24T17:25:54Z" uid="24589846" user="Y@shP" visible="true" version="2" changeset="189509374" lat="30.9688354" lon="76.4722324" />
  <node id="9513402249" timestamp="2026-09-24T17:25:54Z" uid="24589846" user="Y@shP" visible="true" version="2" changeset="189509374" lat="30.9688485" lon="76.4722" />
  <node id="9513402250" timestamp="2026-09-24T17:25:54Z" uid="24589846" user="Y@shP" visible="true" version="2" changeset="189509374" lat="30.9688258" lon="76.4715878" />
  <node id="9513402251" timestamp="2026-09-24T17:25:54Z" uid="24589846" user="Y@shP" visible="true" version="2" changeset="189509374" lat="30.9688205" lon="76.4711056">
    <tag k="highway" v="bus_stop" />
    <tag k="junction" v="yes" />
    <tag k="junction_type" v="3-way T/Y Junction" />
    <tag k="degree" v="3" />
    <tag k="name" v="Junction 9513402251 (3-way T/Y Junction)" />
  </node>
  <node id="9513402252" timestamp="2026-09-24T17:25:54Z" uid="24589846" user="Y@shP" visible="true" version="2" changeset="189509374" lat="30.9683957" lon="76.4722742">
    <tag k="highway" v="crossing" />
    <tag k="junction" v="yes" />
    <tag k="junction_type" v="3-way T/Y Junction" />
    <tag k="degree" v="3" />
    <tag k="name" v="Junction 9513402252 (3-way T/Y Junction)" />
  </node>
  <node id="9513402253" timestamp="2026-09-24T17:25:54Z" uid="24589846" user="Y@shP" visible="true" version="2" changeset="189509374" lat="30.9684219" lon="76.4742102" />
  <node id="9513402263" timestamp="2026-09-24T17:25:54Z" uid="24589846" user="Y@shP" visible="true" version="2" changeset="189509374" lat="30.9692634" lon="76.472355">
    <tag k="highway" v="crossing" />
    <tag k="junction" v="yes" />
    <tag k="junction_type" v="3-way T/Y Junction" />
    <tag k="degree" v="3" />
    <tag k="name" v="Junction 9513402263 (3-way T/Y Junction)" />
  </node>
  <node id="9513402264" timestamp="2022-02-17T10:34:21Z" uid="12256953" user="the_cool_guy" visible="true" version="1" changeset="117513771" lat="30.969251" lon="76.4702808">
    <tag k="highway" v="crossing" />
    <tag k="junction" v="yes" />
    <tag k="junction_type" v="Road End / Cul-de-sac" />
    <tag k="degree" v="1" />
    <tag k="name" v="Junction 9513402264 (Road End / Cul-de-sac)" />
  </node>
  <node id="9513402265" timestamp="2026-09-24T17:25:54Z" uid="24589846" user="Y@shP" visible="true" version="2" changeset="189509374" lat="30.9692441" lon="76.4712173" />
  <node id="9513402271" timestamp="2022-02-17T10:34:21Z" uid="12256953" user="the_cool_guy" visible="true" version="1" changeset="117513771" lat="30.9692642" lon="76.4717773" />
  <node id="9513402272" timestamp="2023-07-25T03:41:18Z" uid="19819926" user="madsravs" visible="true" version="2" changeset="138966300" lat="30.9695287" lon="76.4697235" />
  <node id="9513402274" timestamp="2026-09-24T17:25:54Z" uid="24589846" user="Y@shP" visible="true" version="3" changeset="189509374" lat="30.9664198" lon="76.4667272">
    <tag k="highway" v="crossing" />
    <tag k="junction" v="yes" />
    <tag k="junction_type" v="4-way Crossroad" />
    <tag k="degree" v="4" />
    <tag k="name" v="Junction 9513402274 (4-way Crossroad)" />
  </node>
  <node id="9513402275" timestamp="2022-02-17T10:34:21Z" uid="12256953" user="the_cool_guy" visible="true" version="1" changeset="117513771" lat="30.9664903" lon="76.4690069" />
  <node id="9513402276" timestamp="2026-09-24T17:25:54Z" uid="24589846" user="Y@shP" visible="true" version="3" changeset="189509374" lat="30.9664668" lon="76.4707024">
    <tag k="highway" v="bus_stop" />
    <tag k="junction" v="yes" />
    <tag k="junction_type" v="3-way T/Y Junction" />
    <tag k="degree" v="3" />
    <tag k="name" v="Junction 9513402276 (3-way T/Y Junction)" />
  </node>
  <node id="9513402277" timestamp="2026-09-24T17:25:54Z" uid="24589846" user="Y@shP" visible="true" version="4" changeset="189509374" lat="30.9664884" lon="76.472158">
    <tag k="highway" v="crossing" />
    <tag k="junction" v="yes" />
    <tag k="junction_type" v="3-way T/Y Junction" />
    <tag k="degree" v="3" />
    <tag k="name" v="Junction 9513402277 (3-way T/Y Junction)" />
  </node>
  <node id="9513402278" timestamp="2026-09-24T17:25:54Z" uid="24589846" user="Y@shP" visible="true" version="2" changeset="189509374" lat="30.9665078" lon="76.4743271" />
  <node id="9513402279" timestamp="2026-09-24T17:25:54Z" uid="24589846" user="Y@shP" visible="true" version="2" changeset="189509374" lat="30.9665619" lon="76.4773565" />
  <node id="9513402280" timestamp="2026-09-24T17:25:54Z" uid="24589846" user="Y@shP" visible="true" version="2" changeset="189509374" lat="30.966591" lon="76.479516" />
  <node id="9513402281" timestamp="2026-09-24T17:25:54Z" uid="24589846" user="Y@shP" visible="true" version="2" changeset="189509374" lat="30.9665677" lon="76.4797935" />
  <node id="9513402282" timestamp="2026-09-24T17:25:54Z" uid="24589846" user="Y@shP" visible="true" version="2" changeset="189509374" lat="30.9665345" lon="76.4760046">
    <tag k="highway" v="crossing" />
    <tag k="junction" v="yes" />
    <tag k="junction_type" v="3-way T/Y Junction" />
    <tag k="degree" v="3" />
    <tag k="name" v="Junction 9513402282 (3-way T/Y Junction)" />
  </node>
  <node id="9513402283" timestamp="2026-09-24T17:25:54Z" uid="24589846" user="Y@shP" visible="true" version="3" changeset="189509374" lat="30.9639004" lon="76.4760742">
    <tag k="highway" v="crossing" />
    <tag k="junction" v="yes" />
    <tag k="junction_type" v="3-way T/Y Junction" />
    <tag k="degree" v="3" />
    <tag k="name" v="Junction 9513402283 (3-way T/Y Junction)" />
  </node>
  <node id="9513402284" timestamp="2026-09-24T17:25:54Z" uid="24589846" user="Y@shP" visible="true" version="3" changeset="189509374" lat="30.9639389" lon="76.4762695">
    <tag k="highway" v="crossing" />
    <tag k="junction" v="yes" />
    <tag k="junction_type" v="3-way T/Y Junction" />
    <tag k="degree" v="3" />
    <tag k="name" v="Junction 9513402284 (3-way T/Y Junction)" />
  </node>
  <node id="9513402285" timestamp="2022-02-17T10:34:21Z" uid="12256953" user="the_cool_guy" visible="true" version="1" changeset="117513771" lat="30.96213" lon="76.4762735" />
  <node id="9513402286" timestamp="2022-02-17T10:34:21Z" uid="12256953" user="the_cool_guy" visible="true" version="1" changeset="117513771" lat="30.9610507" lon="76.4762891" />
  <node id="9513402287" timestamp="2022-02-17T10:34:21Z" uid="12256953" user="the_cool_guy" visible="true" version="1" changeset="117513771" lat="30.9605765" lon="76.4762891" />
  <node id="9513402288" timestamp="2022-02-17T10:34:21Z" uid="12256953" user="the_cool_guy" visible="true" version="1" changeset="117513771" lat="30.9604621" lon="76.4762713" />
  <node id="9513402289" timestamp="2022-02-17T10:34:21Z" uid="12256953" user="the_cool_guy" visible="true" version="1" changeset="117513771" lat="30.9603507" lon="76.4762189" />
  <node id="9513402290" timestamp="2022-02-17T10:34:21Z" uid="12256953" user="the_cool_guy" visible="true" version="1" changeset="117513771" lat="30.9602543" lon="76.4761569" />
  <node id="9513402291" timestamp="2022-02-17T10:34:21Z" uid="12256953" user="the_cool_guy" visible="true" version="1" changeset="117513771" lat="30.9601977" lon="76.4760871" />
  <node id="9513402292" timestamp="2022-02-17T10:34:21Z" uid="12256953" user="the_cool_guy" visible="true" version="1" changeset="117513771" lat="30.9601595" lon="76.4760231" />
  <node id="9513402293" timestamp="2022-02-17T10:34:21Z" uid="12256953" user="the_cool_guy" visible="true" version="1" changeset="117513771" lat="30.9601312" lon="76.4759436" />
  <node id="9513402294" timestamp="2022-02-17T10:34:21Z" uid="12256953" user="the_cool_guy" visible="true" version="1" changeset="117513771" lat="30.9601063" lon="76.4758427" />
  <node id="9513402295" timestamp="2022-02-17T10:34:21Z" uid="12256953" user="the_cool_guy" visible="true" version="1" changeset="117513771" lat="30.9600963" lon="76.4757613" />
  <node id="9513402296" timestamp="2022-02-17T10:34:21Z" uid="12256953" user="the_cool_guy" visible="true" version="1" changeset="117513771" lat="30.9600896" lon="76.4752998" />
  <node id="9513402297" timestamp="2022-02-17T10:34:21Z" uid="12256953" user="the_cool_guy" visible="true" version="1" changeset="117513771" lat="30.9600892" lon="76.474411" />
  <node id="9513402298" timestamp="2022-02-17T10:34:21Z" uid="12256953" user="the_cool_guy" visible="true" version="1" changeset="117513771" lat="30.9601389" lon="76.4742233" />
  <node id="9513402299" timestamp="2022-02-17T10:34:21Z" uid="12256953" user="the_cool_guy" visible="true" version="1" changeset="117513771" lat="30.9601916" lon="76.4740799" />
  <node id="9513402300" timestamp="2022-02-17T10:34:21Z" uid="12256953" user="the_cool_guy" visible="true" version="1" changeset="117513771" lat="30.9602824" lon="76.4738955" />
  <node id="9513402301" timestamp="2022-02-17T10:34:21Z" uid="12256953" user="the_cool_guy" visible="true" version="1" changeset="117513771" lat="30.9603936" lon="76.4737624" />
  <node id="9513402302" timestamp="2022-02-17T10:34:21Z" uid="12256953" user="the_cool_guy" visible="true" version="1" changeset="117513771" lat="30.9604742" lon="76.4736676" />
  <node id="9513402303" timestamp="2022-02-17T10:34:21Z" uid="12256953" user="the_cool_guy" visible="true" version="1" changeset="117513771" lat="30.961435" lon="76.4728267" />
  <node id="9513402304" timestamp="2022-02-17T10:34:21Z" uid="12256953" user="the_cool_guy" visible="true" version="1" changeset="117513771" lat="30.9623332" lon="76.4719255" />
  <node id="9513402305" timestamp="2022-02-17T10:34:21Z" uid="12256953" user="the_cool_guy" visible="true" version="1" changeset="117513771" lat="30.9625143" lon="76.4717185" />
  <node id="9513402306" timestamp="2022-02-17T10:34:21Z" uid="12256953" user="the_cool_guy" visible="true" version="1" changeset="117513771" lat="30.9627166" lon="76.471379" />
  <node id="9513402307" timestamp="2022-02-17T10:34:21Z" uid="12256953" user="the_cool_guy" visible="true" version="1" changeset="117513771" lat="30.9629718" lon="76.4709667" />
  <node id="9513402308" timestamp="2022-02-17T10:34:21Z" uid="12256953" user="the_cool_guy" visible="true" version="1" changeset="117513771" lat="30.963313" lon="76.4704148" />
  <node id="9513402309" timestamp="2026-09-24T17:25:54Z" uid="24589846" user="Y@shP" visible="true" version="2" changeset="189509374" lat="30.9634141" lon="76.470351" />
  <node id="9513402310" timestamp="2026-09-24T17:25:54Z" uid="24589846" user="Y@shP" visible="true" version="2" changeset="189509374" lat="30.9635097" lon="76.4703418" />
  <node id="9513402311" timestamp="2026-09-24T17:25:54Z" uid="24589846" user="Y@shP" visible="true" version="2" changeset="189509374" lat="30.9638456" lon="76.4703622">
    <tag k="highway" v="crossing" />
    <tag k="junction" v="yes" />
    <tag k="junction_type" v="3-way T/Y Junction" />
    <tag k="degree" v="3" />
    <tag k="name" v="Junction 9513402311 (3-way T/Y Junction)" />
  </node>
  <node id="9513418817" timestamp="2026-09-24T17:25:54Z" uid="24589846" user="Y@shP" visible="true" version="3" changeset="189509374" lat="30.9667803" lon="76.4706903" />
  <node id="9513418818" timestamp="2026-09-24T17:25:54Z" uid="24589846" user="Y@shP" visible="true" version="3" changeset="189509374" lat="30.9670246" lon="76.4706848" />
  <node id="9513418819" timestamp="2026-09-24T17:25:54Z" uid="24589846" user="Y@shP" visible="true" version="3" changeset="189509374" lat="30.9670652" lon="76.4706906" />
  <node id="9513418820" timestamp="2026-09-24T17:25:54Z" uid="24589846" user="Y@shP" visible="true" version="3" changeset="189509374" lat="30.9670963" lon="76.4707151" />
  <node id="9513418821" timestamp="2026-09-24T17:25:54Z" uid="24589846" user="Y@shP" visible="true" version="3" changeset="189509374" lat="30.9671158" lon="76.4707596" />
  <node id="9513418822" timestamp="2026-09-24T17:25:54Z" uid="24589846" user="Y@shP" visible="true" version="3" changeset="189509374" lat="30.9671409" lon="76.4720709" />
  <node id="9513418823" timestamp="2026-09-24T17:25:54Z" uid="24589846" user="Y@shP" visible="true" version="3" changeset="189509374" lat="30.9671301" lon="76.4721167" />
  <node id="9513418824" timestamp="2026-09-24T17:25:54Z" uid="24589846" user="Y@shP" visible="true" version="3" changeset="189509374" lat="30.967103" lon="76.4721316" />
  <node id="9513418826" timestamp="2025-01-08T05:35:21Z" uid="22355679" user="Nikita2445" visible="true" version="3" changeset="161120018" lat="30.966491" lon="76.4692566" />
  <node id="9513418829" timestamp="2026-08-25T05:53:53Z" uid="11840981" user="sahilister" visible="true" version="3" changeset="187970606" lat="30.9665046" lon="76.4704612" />
  <node id="9513432146" timestamp="2026-09-24T17:25:54Z" uid="24589846" user="Y@shP" visible="true" version="2" changeset="189509374" lat="30.9674645" lon="76.4772943">
    <tag k="highway" v="crossing" />
    <tag k="junction" v="yes" />
    <tag k="junction_type" v="3-way T/Y Junction" />
    <tag k="degree" v="3" />
    <tag k="name" v="Junction 9513432146 (3-way T/Y Junction)" />
  </node>
  <node id="9513432147" timestamp="2026-09-24T17:25:54Z" uid="24589846" user="Y@shP" visible="true" version="2" changeset="189509374" lat="30.9665598" lon="76.4773042">
    <tag k="highway" v="crossing" />
    <tag k="junction" v="yes" />
    <tag k="junction_type" v="3-way T/Y Junction" />
    <tag k="degree" v="3" />
    <tag k="name" v="Junction 9513432147 (3-way T/Y Junction)" />
  </node>
  <node id="9513432148" timestamp="2026-09-24T17:25:54Z" uid="24589846" user="Y@shP" visible="true" version="3" changeset="189509374" lat="30.9683319" lon="76.4764781">
    <tag k="highway" v="crossing" />
    <tag k="junction" v="yes" />
    <tag k="junction_type" v="3-way T/Y Junction" />
    <tag k="degree" v="3" />
    <tag k="name" v="Junction 9513432148 (3-way T/Y Junction)" />
  </node>
  <node id="9513432149" timestamp="2026-09-24T17:25:54Z" uid="24589846" user="Y@shP" visible="true" version="2" changeset="189509374" lat="30.9683488" lon="76.477697">
    <tag k="highway" v="crossing" />
    <tag k="junction" v="yes" />
    <tag k="junction_type" v="3-way T/Y Junction" />
    <tag k="degree" v="3" />
    <tag k="name" v="Junction 9513432149 (3-way T/Y Junction)" />
  </node>
  <node id="9513432150" timestamp="2025-01-07T12:41:28Z" uid="22355679" user="Nikita2445" visible="true" version="3" changeset="161093922" lat="30.9686068" lon="76.4764554">
    <tag k="highway" v="crossing" />
    <tag k="junction" v="yes" />
    <tag k="junction_type" v="3-way T/Y Junction" />
    <tag k="degree" v="3" />
    <tag k="name" v="Junction 9513432150 (3-way T/Y Junction)" />
  </node>
  <node id="9513432151" timestamp="2026-09-24T17:25:54Z" uid="24589846" user="Y@shP" visible="true" version="3" changeset="189509374" lat="30.9686193" lon="76.4776826">
    <tag k="highway" v="crossing" />
    <tag k="junction" v="yes" />
    <tag k="junction_type" v="3-way T/Y Junction" />
    <tag k="degree" v="3" />
    <tag k="name" v="Junction 9513432151 (3-way T/Y Junction)" />
  </node>
  <node id="9513432152" timestamp="2025-01-07T12:41:28Z" uid="22355679" user="Nikita2445" visible="true" version="2" changeset="161093922" lat="30.9689369" lon="76.4764492" />
  <node id="9513432153" timestamp="2026-09-24T17:25:54Z" uid="24589846" user="Y@shP" visible="true" version="2" changeset="189509374" lat="30.9689273" lon="76.4776895">
    <tag k="highway" v="crossing" />
    <tag k="junction" v="yes" />
    <tag k="junction_type" v="3-way T/Y Junction" />
    <tag k="degree" v="3" />
    <tag k="name" v="Junction 9513432153 (3-way T/Y Junction)" />
  </node>
  <node id="9513432158" timestamp="2025-01-07T12:41:28Z" uid="22355679" user="Nikita2445" visible="true" version="2" changeset="161093922" lat="30.967778" lon="76.4764744">
    <tag k="highway" v="crossing" />
    <tag k="junction" v="yes" />
    <tag k="junction_type" v="3-way T/Y Junction" />
    <tag k="degree" v="3" />
    <tag k="name" v="Junction 9513432158 (3-way T/Y Junction)" />
  </node>
  <node id="9513432159" timestamp="2026-09-24T17:25:54Z" uid="24589846" user="Y@shP" visible="true" version="3" changeset="189509374" lat="30.9677977" lon="76.4778972">
    <tag k="highway" v="crossing" />
    <tag k="junction" v="yes" />
    <tag k="junction_type" v="3-way T/Y Junction" />
    <tag k="degree" v="3" />
    <tag k="name" v="Junction 9513432159 (3-way T/Y Junction)" />
  </node>
  <node id="9513432160" timestamp="2025-01-07T12:41:28Z" uid="22355679" user="Nikita2445" visible="true" version="2" changeset="161093922" lat="30.9680852" lon="76.4764672">
    <tag k="highway" v="crossing" />
    <tag k="junction" v="yes" />
    <tag k="junction_type" v="3-way T/Y Junction" />
    <tag k="degree" v="3" />
    <tag k="name" v="Junction 9513432160 (3-way T/Y Junction)" />
  </node>
  <node id="9513432161" timestamp="2025-01-07T12:41:28Z" uid="22355679" user="Nikita2445" visible="true" version="2" changeset="161093922" lat="30.9680958" lon="76.4774046" />
  <node id="9513432162" timestamp="2026-09-24T17:25:54Z" uid="24589846" user="Y@shP" visible="true" version="3" changeset="189509374" lat="30.9681052" lon="76.4777933">
    <tag k="highway" v="crossing" />
    <tag k="junction" v="yes" />
    <tag k="junction_type" v="3-way T/Y Junction" />
    <tag k="degree" v="3" />
    <tag k="name" v="Junction 9513432162 (3-way T/Y Junction)" />
  </node>
  <node id="9513732063" timestamp="2025-01-08T05:35:21Z" uid="22355679" user="Nikita2445" visible="true" version="2" changeset="161120018" lat="30.96775" lon="76.4720202" />
  <node id="9513732064" timestamp="2025-01-08T05:35:21Z" uid="22355679" user="Nikita2445" visible="true" version="2" changeset="161120018" lat="30.9675194" lon="76.4722268" />
  <node id="9513732065" timestamp="2025-01-08T05:35:21Z" uid="22355679" user="Nikita2445" visible="true" version="2" changeset="161120018" lat="30.9676128" lon="76.4723686" />
  <node id="9513732066" timestamp="2025-01-08T05:35:21Z" uid="22355679" user="Nikita2445" visible="true" version="2" changeset="161120018" lat="30.9677036" lon="76.4722873" />
  <node id="9513732067" timestamp="2025-01-08T05:35:21Z" uid="22355679" user="Nikita2445" visible="true" version="2" changeset="161120018" lat="30.9676835" lon="76.4722567" />
  <node id="9513732068" timestamp="2025-01-08T05:35:21Z" uid="22355679" user="Nikita2445" visible="true" version="2" changeset="161120018" lat="30.96772" lon="76.4722239" />
  <node id="9513732069" timestamp="2025-01-08T05:35:21Z" uid="22355679" user="Nikita2445" visible="true" version="2" changeset="161120018" lat="30.9677425" lon="76.4722581" />
  <node id="9513732070" timestamp="2025-01-08T05:35:21Z" uid="22355679" user="Nikita2445" visible="true" version="2" changeset="161120018" lat="30.9678458" lon="76.4721656" />
  <node id="9513732071" timestamp="2025-01-08T05:35:21Z" uid="22355679" user="Nikita2445" visible="true" version="2" changeset="161120018" lat="30.9679585" lon="76.4718429" />
  <node id="9513732072" timestamp="2025-01-08T05:35:21Z" uid="22355679" user="Nikita2445" visible="true" version="3" changeset="161120018" lat="30.9677722" lon="76.4720116" />
  <node id="9513732073" timestamp="2025-01-08T05:35:21Z" uid="22355679" user="Nikita2445" visible="true" version="2" changeset="161120018" lat="30.9678223" lon="76.4720823" />
  <node id="9513732074" timestamp="2025-01-08T05:35:21Z" uid="22355679" user="Nikita2445" visible="true" version="2" changeset="161120018" lat="30.9679028" lon="76.4720139" />
  <node id="9513732075" timestamp="2025-01-08T05:35:21Z" uid="22355679" user="Nikita2445" visible="true" version="2" changeset="161120018" lat="30.9678764" lon="76.4719716" />
  <node id="9513732076" timestamp="2025-01-08T05:35:21Z" uid="22355679" user="Nikita2445" visible="true" version="2" changeset="161120018" lat="30.9679025" lon="76.4719495" />
  <node id="9513732077" timestamp="2025-01-08T05:35:21Z" uid="22355679" user="Nikita2445" visible="true" version="2" changeset="161120018" lat="30.9679247" lon="76.4719849" />
  <node id="9513732078" timestamp="2025-01-08T05:35:21Z" uid="22355679" user="Nikita2445" visible="true" version="2" changeset="161120018" lat="30.9680047" lon="76.4719168" />
  <node id="9513732079" timestamp="2025-01-08T05:35:21Z" uid="22355679" user="Nikita2445" visible="true" version="2" changeset="161120018" lat="30.9678773" lon="76.4719057" />
  <node id="9513732080" timestamp="2025-01-08T05:35:21Z" uid="22355679" user="Nikita2445" visible="true" version="2" changeset="161120018" lat="30.9678558" lon="76.4718734" />
  <node id="9513732081" timestamp="2025-01-08T05:35:21Z" uid="22355679" user="Nikita2445" visible="true" version="2" changeset="161120018" lat="30.9679955" lon="76.4717919" />
  <node id="9513732082" timestamp="2025-01-08T05:35:21Z" uid="22355679" user="Nikita2445" visible="true" version="2" changeset="161120018" lat="30.9678791" lon="76.4716833" />
  <node id="9513732083" timestamp="2025-01-08T05:35:21Z" uid="22355679" user="Nikita2445" visible="true" version="2" changeset="161120018" lat="30.9678458" lon="76.4717027" />
  <node id="9513732084" timestamp="2025-01-08T05:35:21Z" uid="22355679" user="Nikita2445" visible="true" version="2" changeset="161120018" lat="30.9677869" lon="76.4715798" />
  <node id="9513732085" timestamp="2025-01-08T05:35:21Z" uid="22355679" user="Nikita2445" visible="true" version="2" changeset="161120018" lat="30.9676777" lon="76.4716515" />
  <node id="9513732086" timestamp="2025-01-08T05:35:21Z" uid="22355679" user="Nikita2445" visible="true" version="2" changeset="161120018" lat="30.9677544" lon="76.4717686" />
  <node id="9513732087" timestamp="2025-01-08T05:35:21Z" uid="22355679" user="Nikita2445" visible="true" version="2" changeset="161120018" lat="30.9676895" lon="76.4718307" />
  <node id="9513732088" timestamp="2025-01-08T05:35:21Z" uid="22355679" user="Nikita2445" visible="true" version="2" changeset="161120018" lat="30.9676646" lon="76.4718927" />
  <node id="9513732089" timestamp="2025-01-08T05:35:21Z" uid="22355679" user="Nikita2445" visible="true" version="2" changeset="161120018" lat="30.9676396" lon="76.4718423" />
  <node id="9513732090" timestamp="2025-01-08T05:35:21Z" uid="22355679" user="Nikita2445" visible="true" version="2" changeset="161120018" lat="30.9677095" lon="76.4717628" />
  <node id="9513732091" timestamp="2025-01-08T05:35:21Z" uid="22355679" user="Nikita2445" visible="true" version="2" changeset="161120018" lat="30.9676296" lon="76.4716639" />
  <node id="9513732092" timestamp="2025-01-08T05:35:21Z" uid="22355679" user="Nikita2445" visible="true" version="2" changeset="161120018" lat="30.9675471" lon="76.4717423" />
  <node id="9513732093" timestamp="2025-01-08T05:35:21Z" uid="22355679" user="Nikita2445" visible="true" version="2" changeset="161120018" lat="30.9675881" lon="76.4717764" />
  <node id="9513732094" timestamp="2025-01-08T05:35:21Z" uid="22355679" user="Nikita2445" visible="true" version="2" changeset="161120018" lat="30.9675598" lon="76.4718035" />
  <node id="9513732095" timestamp="2025-01-08T05:35:21Z" uid="22355679" user="Nikita2445" visible="true" version="2" changeset="161120018" lat="30.9675299" lon="76.4717706" />
  <node id="9513732096" timestamp="2025-01-08T05:35:21Z" uid="22355679" user="Nikita2445" visible="true" version="2" changeset="161120018" lat="30.9674434" lon="76.4718578" />
  <node id="9513732097" timestamp="2025-01-08T05:35:21Z" uid="22355679" user="Nikita2445" visible="true" version="2" changeset="161120018" lat="30.9675232" lon="76.4719529" />
  <node id="9513732098" timestamp="2025-01-08T05:35:21Z" uid="22355679" user="Nikita2445" visible="true" version="2" changeset="161120018" lat="30.9676064" lon="76.4718811" />
  <node id="9513732099" timestamp="2025-01-08T05:35:21Z" uid="22355679" user="Nikita2445" visible="true" version="2" changeset="161120018" lat="30.9676263" lon="76.4719141" />
  <node id="9513732100" timestamp="2025-01-08T05:35:21Z" uid="22355679" user="Nikita2445" visible="true" version="2" changeset="161120018" lat="30.9675831" lon="76.4719393" />
  <node id="9513732101" timestamp="2025-01-08T05:35:21Z" uid="22355679" user="Nikita2445" visible="true" version="2" changeset="161120018" lat="30.9675449" lon="76.4720091" />
  <node id="9513732102" timestamp="2025-01-08T05:35:21Z" uid="22355679" user="Nikita2445" visible="true" version="2" changeset="161120018" lat="30.9675066" lon="76.4720498" />
  <node id="9513732103" timestamp="2025-01-08T05:35:21Z" uid="22355679" user="Nikita2445" visible="true" version="2" changeset="161120018" lat="30.9674534" lon="76.4720828" />
  <node id="9513732104" timestamp="2025-01-08T05:35:21Z" uid="22355679" user="Nikita2445" visible="true" version="2" changeset="161120018" lat="30.9675362" lon="76.4722027" />
  <node id="9513732106" timestamp="2025-01-08T05:35:21Z" uid="22355679" user="Nikita2445" visible="true" version="2" changeset="161120018" lat="30.9679725" lon="76.4718363" />
  <node id="9513732107" timestamp="2025-01-08T05:35:21Z" uid="22355679" user="Nikita2445" visible="true" version="2" changeset="161120018" lat="30.967989" lon="76.4718444" />
  <node id="9513732108" timestamp="2025-01-08T05:35:21Z" uid="22355679" user="Nikita2445" visible="true" version="2" changeset="161120018" lat="30.9680068" lon="76.4718458" />
  <node id="9513732109" timestamp="2025-01-08T05:35:21Z" uid="22355679" user="Nikita2445" visible="true" version="2" changeset="161120018" lat="30.9680502" lon="76.4717523" />
  <node id="9513732110" timestamp="2025-01-08T05:35:21Z" uid="22355679" user="Nikita2445" visible="true" version="2" changeset="161120018" lat="30.9680391" lon="76.4717354" />
  <node id="9513732111" timestamp="2025-01-08T05:35:21Z" uid="22355679" user="Nikita2445" visible="true" version="2" changeset="161120018" lat="30.968024" lon="76.4717237" />
  <node id="9513732112" timestamp="2025-01-08T05:35:21Z" uid="22355679" user="Nikita2445" visible="true" version="2" changeset="161120018" lat="30.968024" lon="76.4718405" />
  <node id="9513732113" timestamp="2025-01-08T05:35:21Z" uid="22355679" user="Nikita2445" visible="true" version="2" changeset="161120018" lat="30.9680389" lon="76.471829" />
  <node id="9513732114" timestamp="2025-01-08T05:35:21Z" uid="22355679" user="Nikita2445" visible="true" version="2" changeset="161120018" lat="30.9680499" lon="76.4718126" />
  <node id="9513732115" timestamp="2025-01-08T05:35:21Z" uid="22355679" user="Nikita2445" visible="true" version="2" changeset="161120018" lat="30.9680557" lon="76.4717929" />
  <node id="9513732116" timestamp="2025-01-08T05:35:21Z" uid="22355679" user="Nikita2445" visible="true" version="2" changeset="161120018" lat="30.9680558" lon="76.4717721" />
  <node id="9513732517" timestamp="2025-01-08T05:35:21Z" uid="22355679" user="Nikita2445" visible="true" version="2" changeset="161120018" lat="30.9680063" lon="76.4717184" />
  <node id="9513732518" timestamp="2025-01-08T05:35:21Z" uid="22355679" user="Nikita2445" visible="true" version="2" changeset="161120018" lat="30.9679882" lon="76.4717201" />
  <node id="9513732519" timestamp="2025-01-08T05:35:21Z" uid="22355679" user="Nikita2445" visible="true" version="2" changeset="161120018" lat="30.9679715" lon="76.4717287" />
  <node id="9513732520" timestamp="2025-01-08T05:35:21Z" uid="22355679" user="Nikita2445" visible="true" version="2" changeset="161120018" lat="30.9679582" lon="76.4717431" />
  <node id="9513732521" timestamp="2025-01-08T05:35:21Z" uid="22355679" user="Nikita2445" visible="true" version="2" changeset="161120018" lat="30.9679496" lon="76.4717618" />
  <node id="9513732522" timestamp="2025-01-08T05:35:21Z" uid="22355679" user="Nikita2445" visible="true" version="2" changeset="161120018" lat="30.9679468" lon="76.4717828" />
  <node id="9513732523" timestamp="2025-01-08T05:35:21Z" uid="22355679" user="Nikita2445" visible="true" version="2" changeset="161120018" lat="30.96795" lon="76.4718037" />
  <node id="9513732524" timestamp="2025-01-08T05:35:21Z" uid="22355679" user="Nikita2445" visible="true" version="2" changeset="161120018" lat="30.9679589" lon="76.4718222" />
  <node id="9513732525" timestamp="2026-09-24T17:25:54Z" uid="24589846" user="Y@shP" visible="true" version="3" changeset="189509374" lat="30.9671408" lon="76.4718407">
    <tag k="highway" v="crossing" />
    <tag k="junction" v="yes" />
    <tag k="junction_type" v="3-way T/Y Junction" />
    <tag k="degree" v="3" />
    <tag k="name" v="Junction 9513732525 (3-way T/Y Junction)" />
  </node>
  <node id="9513732526" timestamp="2022-02-17T12:02:10Z" uid="12256953" user="the_cool_guy" visible="true" version="1" changeset="117518197" lat="30.9674405" lon="76.4717813" />
  <node id="9513732527" timestamp="2022-02-17T12:02:10Z" uid="12256953" user="the_cool_guy" visible="true" version="1" changeset="117518197" lat="30.9676303" lon="76.4716038" />
  <node id="9513732528" timestamp="2026-09-24T17:25:54Z" uid="24589846" user="Y@shP" visible="true" version="2" changeset="189509374" lat="30.9677774" lon="76.4715284" />
  <node id="9513732529" timestamp="2026-09-24T17:25:54Z" uid="24589846" user="Y@shP" visible="true" version="2" changeset="189509374" lat="30.9678351" lon="76.4715508" />
  <node id="9513732530" timestamp="2026-09-24T17:25:54Z" uid="24589846" user="Y@shP" visible="true" version="2" changeset="189509374" lat="30.9682256" lon="76.4716707">
    <tag k="highway" v="crossing" />
    <tag k="junction" v="yes" />
    <tag k="junction_type" v="3-way T/Y Junction" />
    <tag k="degree" v="3" />
    <tag k="name" v="Junction 9513732530 (3-way T/Y Junction)" />
  </node>
  <node id="9513732531" timestamp="2025-01-08T05:35:21Z" uid="22355679" user="Nikita2445" visible="true" version="2" changeset="161120018" lat="30.967378" lon="76.4718196">
    <tag k="highway" v="crossing" />
    <tag k="junction" v="yes" />
    <tag k="junction_type" v="3-way T/Y Junction" />
    <tag k="degree" v="3" />
    <tag k="name" v="Junction 9513732531 (3-way T/Y Junction)" />
  </node>
  <node id="9513732532" timestamp="2025-01-08T05:35:21Z" uid="22355679" user="Nikita2445" visible="true" version="2" changeset="161120018" lat="30.9673901" lon="76.4721014" />
  <node id="9513732533" timestamp="2025-01-08T05:35:21Z" uid="22355679" user="Nikita2445" visible="true" version="2" changeset="161120018" lat="30.96762" lon="76.4724601" />
  <node id="9513732534" timestamp="2026-09-24T17:25:54Z" uid="24589846" user="Y@shP" visible="true" version="2" changeset="189509374" lat="30.9679295" lon="76.4721315" />
  <node id="9513732535" timestamp="2022-02-17T12:02:10Z" uid="12256953" user="the_cool_guy" visible="true" version="1" changeset="117518197" lat="30.9681332" lon="76.4718415" />
  <node id="9513732536" timestamp="2022-02-17T12:02:10Z" uid="12256953" user="the_cool_guy" visible="true" version="1" changeset="117518197" lat="30.9681638" lon="76.4718281" />
  <node id="9513732537" timestamp="2026-09-24T17:25:54Z" uid="24589846" user="Y@shP" visible="true" version="2" changeset="189509374" lat="30.968215" lon="76.4718239">
    <tag k="highway" v="crossing" />
    <tag k="junction" v="yes" />
    <tag k="junction_type" v="3-way T/Y Junction" />
    <tag k="degree" v="3" />
    <tag k="name" v="Junction 9513732537 (3-way T/Y Junction)" />
  </node>
  <node id="9513732538" timestamp="2022-02-17T12:02:10Z" uid="12256953" user="the_cool_guy" visible="true" version="1" changeset="117518197" lat="30.9712387" lon="76.4730064" />
  <node id="9513732539" timestamp="2022-02-17T12:02:10Z" uid="12256953" user="the_cool_guy" visible="true" version="1" changeset="117518197" lat="30.9710669" lon="76.4730132" />
  <node id="9513732540" timestamp="2022-02-17T12:02:10Z" uid="12256953" user="the_cool_guy" visible="true" version="1" changeset="117518197" lat="30.9710337" lon="76.4730283" />
  <node id="9513732541" timestamp="2022-02-17T12:02:10Z" uid="12256953" user="the_cool_guy" visible="true" version="1" changeset="117518197" lat="30.9710193" lon="76.4730603" />
  <node id="9513732542" timestamp="2022-02-17T12:02:10Z" uid="12256953" user="the_cool_guy" visible="true" version="1" changeset="117518197" lat="30.9710236" lon="76.4731899" />
  <node id="9513732543" timestamp="2022-02-17T12:02:10Z" uid="12256953" user="the_cool_guy" visible="true" version="1" changeset="117518197" lat="30.9710322" lon="76.4732185" />
  <node id="9513732544" timestamp="2022-02-17T12:02:10Z" uid="12256953" user="the_cool_guy" visible="true" version="1" changeset="117518197" lat="30.9710669" lon="76.4732488" />
  <node id="9513732545" timestamp="2022-02-17T12:02:10Z" uid="12256953" user="the_cool_guy" visible="true" version="1" changeset="117518197" lat="30.9711188" lon="76.4732522" />
  <node id="9513732546" timestamp="2022-02-17T12:02:10Z" uid="12256953" user="the_cool_guy" visible="true" version="1" changeset="117518197" lat="30.9712271" lon="76.4732505" />
  <node id="9513732547" timestamp="2022-02-17T12:02:10Z" uid="12256953" user="the_cool_guy" visible="true" version="1" changeset="117518197" lat="30.9712733" lon="76.4732169" />
  <node id="9513732548" timestamp="2022-02-17T12:02:10Z" uid="12256953" user="the_cool_guy" visible="true" version="1" changeset="117518197" lat="30.9712935" lon="76.4731495" />
  <node id="9513732549" timestamp="2022-02-17T12:02:10Z" uid="12256953" user="the_cool_guy" visible="true" version="1" changeset="117518197" lat="30.9712935" lon="76.473094" />
  <node id="9513732550" timestamp="2022-02-17T12:02:10Z" uid="12256953" user="the_cool_guy" visible="true" version="1" changeset="117518197" lat="30.9712805" lon="76.4730502" />
  <node id="9513732551" timestamp="2022-02-17T12:02:10Z" uid="12256953" user="the_cool_guy" visible="true" version="1" changeset="117518197" lat="30.9712574" lon="76.4730266" />
  <node id="9513732556" timestamp="2025-04-21T12:18:58Z" uid="22355679" user="Nikita2445" visible="true" version="2" changeset="165236656" lat="30.9711215" lon="76.4727756" />
  <node id="9513732557" timestamp="2025-04-21T12:18:58Z" uid="22355679" user="Nikita2445" visible="true" version="2" changeset="165236656" lat="30.9710259" lon="76.4727784" />
  <node id="9513732558" timestamp="2025-04-21T12:18:58Z" uid="22355679" user="Nikita2445" visible="true" version="2" changeset="165236656" lat="30.9710282" lon="76.4728844" />
  <node id="9513732559" timestamp="2025-04-21T12:18:58Z" uid="22355679" user="Nikita2445" visible="true" version="2" changeset="165236656" lat="30.9711238" lon="76.4728816" />
  <node id="9513732560" timestamp="2025-04-21T12:18:58Z" uid="22355679" user="Nikita2445" visible="true" version="2" changeset="165236656" lat="30.9711311" lon="76.4735623" />
  <node id="9513732561" timestamp="2025-04-21T12:18:58Z" uid="22355679" user="Nikita2445" visible="true" version="2" changeset="165236656" lat="30.9710356" lon="76.4735652" />
  <node id="9513732562" timestamp="2025-04-21T12:18:58Z" uid="22355679" user="Nikita2445" visible="true" version="2" changeset="165236656" lat="30.9710379" lon="76.4736711" />
  <node id="9513732563" timestamp="2025-04-21T12:18:58Z" uid="22355679" user="Nikita2445" visible="true" version="2" changeset="165236656" lat="30.9711335" lon="76.4736683" />
  <node id="9513732576" timestamp="2026-09-24T17:25:54Z" uid="24589846" user="Y@shP" visible="true" version="2" changeset="189509374" lat="30.9709393" lon="76.472937" />
  <node id="9513732584" timestamp="2026-09-24T17:25:54Z" uid="24589846" user="Y@shP" visible="true" version="2" changeset="189509374" lat="30.9709501" lon="76.4733377" />
  <node id="9513732586" timestamp="2022-02-17T12:02:10Z" uid="12256953" user="the_cool_guy" visible="true" version="1" changeset="117518197" lat="30.9696494" lon="76.4722121" />
  <node id="9513732587" timestamp="2022-02-17T12:02:10Z" uid="12256953" user="the_cool_guy" visible="true" version="1" changeset="117518197" lat="30.9696898" lon="76.4721986" />
  <node id="9513732588" timestamp="2022-02-17T12:02:10Z" uid="12256953" user="the_cool_guy" visible="true" version="1" changeset="117518197" lat="30.969723" lon="76.4722239" />
  <node id="9513732589" timestamp="2022-02-17T12:02:10Z" uid="12256953" user="the_cool_guy" visible="true" version="1" changeset="117518197" lat="30.9699078" lon="76.4722222" />
  <node id="9513732590" timestamp="2022-02-17T12:02:10Z" uid="12256953" user="the_cool_guy" visible="true" version="1" changeset="117518197" lat="30.9702281" lon="76.4722138" />
  <node id="9513732591" timestamp="2022-02-17T12:02:10Z" uid="12256953" user="the_cool_guy" visible="true" version="1" changeset="117518197" lat="30.9705349" lon="76.472207" />
  <node id="9513732592" timestamp="2022-02-17T12:02:10Z" uid="12256953" user="the_cool_guy" visible="true" version="1" changeset="117518197" lat="30.9708705" lon="76.4721986" />
  <node id="9513732593" timestamp="2022-02-17T12:02:10Z" uid="12256953" user="the_cool_guy" visible="true" version="1" changeset="117518197" lat="30.9709124" lon="76.4722138" />
  <node id="9513732594" timestamp="2022-02-17T12:02:10Z" uid="12256953" user="the_cool_guy" visible="true" version="1" changeset="117518197" lat="30.9709586" lon="76.4722508" />
  <node id="9513732595" timestamp="2022-02-17T12:02:10Z" uid="12256953" user="the_cool_guy" visible="true" version="1" changeset="117518197" lat="30.970986" lon="76.4722845" />
  <node id="9513732596" timestamp="2022-02-17T12:02:10Z" uid="12256953" user="the_cool_guy" visible="true" version="1" changeset="117518197" lat="30.9710091" lon="76.4723265" />
  <node id="9513732597" timestamp="2022-02-17T12:02:10Z" uid="12256953" user="the_cool_guy" visible="true" version="1" changeset="117518197" lat="30.9710206" lon="76.4723737" />
  <node id="9513732598" timestamp="2022-02-17T12:02:10Z" uid="12256953" user="the_cool_guy" visible="true" version="1" changeset="117518197" lat="30.9710264" lon="76.4725336" />
  <node id="9513732599" timestamp="2022-02-17T12:02:10Z" uid="12256953" user="the_cool_guy" visible="true" version="1" changeset="117518197" lat="30.9710264" lon="76.4726464" />
  <node id="9513732600" timestamp="2022-02-17T12:02:10Z" uid="12256953" user="the_cool_guy" visible="true" version="1" changeset="117518197" lat="30.9710264" lon="76.4728114" />
  <node id="9513732601" timestamp="2022-02-17T12:02:10Z" uid="12256953" user="the_cool_guy" visible="true" version="1" changeset="117518197" lat="30.9710452" lon="76.4728568" />
  <node id="9513732602" timestamp="2022-02-17T12:02:10Z" uid="12256953" user="the_cool_guy" visible="true" version="1" changeset="117518197" lat="30.9710596" lon="76.4728669" />
  <node id="9513732603" timestamp="2022-02-17T12:02:10Z" uid="12256953" user="the_cool_guy" visible="true" version="1" changeset="117518197" lat="30.9711159" lon="76.4728669" />
  <node id="9513732604" timestamp="2022-02-17T12:02:10Z" uid="12256953" user="the_cool_guy" visible="true" version="1" changeset="117518197" lat="30.9711318" lon="76.4728669" />
  <node id="9513732605" timestamp="2022-02-17T12:02:10Z" uid="12256953" user="the_cool_guy" visible="true" version="1" changeset="117518197" lat="30.9711347" lon="76.4729006" />
  <node id="9513732606" timestamp="2022-02-17T12:02:10Z" uid="12256953" user="the_cool_guy" visible="true" version="1" changeset="117518197" lat="30.9711365" lon="76.4729324" />
  <node id="9513732625" timestamp="2025-04-24T09:22:25Z" uid="22355679" user="Nikita2445" visible="true" version="2" changeset="165368903" lat="30.969916" lon="76.4732562">
    <tag k="artwork_type" v="installation" />
    <tag k="ele" v="20" />
    <tag k="material" v="metal" />
    <tag k="tourism" v="artwork" />
  </node>
  <node id="9513732626" timestamp="2025-01-07T08:31:19Z" uid="22355679" user="Nikita2445" visible="true" version="2" changeset="161086508" lat="30.968676" lon="76.4723911" />
  <node id="9513732627" timestamp="2025-01-07T08:31:19Z" uid="22355679" user="Nikita2445" visible="true" version="2" changeset="161086508" lat="30.9684974" lon="76.4723902" />
  <node id="9513732628" timestamp="2025-01-07T08:31:19Z" uid="22355679" user="Nikita2445" visible="true" version="2" changeset="161086508" lat="30.9684953" lon="76.4729637" />
  <node id="9513732629" timestamp="2025-01-07T08:31:19Z" uid="22355679" user="Nikita2445" visible="true" version="2" changeset="161086508" lat="30.9686738" lon="76.4729646" />
  <node id="9513732630" timestamp="2025-01-07T08:31:19Z" uid="22355679" user="Nikita2445" visible="true" version="2" changeset="161086508" lat="30.9686974" lon="76.4734161" />
  <node id="9513732631" timestamp="2025-01-07T08:31:19Z" uid="22355679" user="Nikita2445" visible="true" version="2" changeset="161086508" lat="30.9685233" lon="76.4734183" />
  <node id="9513732632" timestamp="2025-01-07T08:31:19Z" uid="22355679" user="Nikita2445" visible="true" version="2" changeset="161086508" lat="30.9685248" lon="76.474023" />
  <node id="9513732633" timestamp="2025-01-07T08:31:19Z" uid="22355679" user="Nikita2445" visible="true" version="2" changeset="161086508" lat="30.9686948" lon="76.4740255" />
  <node id="9513732634" timestamp="2025-01-07T08:31:19Z" uid="22355679" user="Nikita2445" visible="true" version="2" changeset="161086508" lat="30.9687916" lon="76.4743215" />
  <node id="9513732635" timestamp="2025-01-07T08:31:19Z" uid="22355679" user="Nikita2445" visible="true" version="2" changeset="161086508" lat="30.9682871" lon="76.4742764" />
  <node id="9513732636" timestamp="2025-01-07T08:31:19Z" uid="22355679" user="Nikita2445" visible="true" version="2" changeset="161086508" lat="30.9682496" lon="76.4745568" />
  <node id="9513732637" timestamp="2025-01-07T08:31:19Z" uid="22355679" user="Nikita2445" visible="true" version="2" changeset="161086508" lat="30.9683488" lon="76.4744834" />
  <node id="9513732638" timestamp="2025-01-07T08:31:19Z" uid="22355679" user="Nikita2445" visible="true" version="2" changeset="161086508" lat="30.9684191" lon="76.4744762" />
  <node id="9513732639" timestamp="2025-01-07T08:31:19Z" uid="22355679" user="Nikita2445" visible="true" version="2" changeset="161086508" lat="30.9684719" lon="76.4744703" />
  <node id="9513732640" timestamp="2025-01-07T08:31:19Z" uid="22355679" user="Nikita2445" visible="true" version="2" changeset="161086508" lat="30.9685366" lon="76.4745" />
  <node id="9513732641" timestamp="2025-01-07T08:31:19Z" uid="22355679" user="Nikita2445" visible="true" version="2" changeset="161086508" lat="30.9685837" lon="76.4745539" />
  <node id="9513732642" timestamp="2025-01-07T08:31:19Z" uid="22355679" user="Nikita2445" visible="true" version="2" changeset="161086508" lat="30.9686432" lon="76.4746706" />
  <node id="9513732643" timestamp="2025-01-07T08:31:19Z" uid="22355679" user="Nikita2445" visible="true" version="2" changeset="161086508" lat="30.9686554" lon="76.4747844" />
  <node id="9513732644" timestamp="2025-01-07T08:31:19Z" uid="22355679" user="Nikita2445" visible="true" version="2" changeset="161086508" lat="30.9686068" lon="76.4748855" />
  <node id="9513732645" timestamp="2025-01-07T08:31:19Z" uid="22355679" user="Nikita2445" visible="true" version="2" changeset="161086508" lat="30.9685476" lon="76.4749562" />
  <node id="9513732646" timestamp="2025-01-07T08:31:19Z" uid="22355679" user="Nikita2445" visible="true" version="2" changeset="161086508" lat="30.9685453" lon="76.4750914" />
  <node id="9513732647" timestamp="2025-01-07T08:31:19Z" uid="22355679" user="Nikita2445" visible="true" version="2" changeset="161086508" lat="30.9688058" lon="76.475083" />
  <node id="9513732657" timestamp="2025-01-07T12:41:28Z" uid="22355679" user="Nikita2445" visible="true" version="2" changeset="161093922" lat="30.9666456" lon="76.4671213" />
  <node id="9513732658" timestamp="2025-01-07T12:41:28Z" uid="22355679" user="Nikita2445" visible="true" version="2" changeset="161093922" lat="30.9669693" lon="76.4674437" />
  <node id="9513732659" timestamp="2025-01-07T12:41:28Z" uid="22355679" user="Nikita2445" visible="true" version="2" changeset="161093922" lat="30.9670197" lon="76.4678023" />
  <node id="9513732660" timestamp="2025-01-07T12:41:28Z" uid="22355679" user="Nikita2445" visible="true" version="2" changeset="161093922" lat="30.9670426" lon="76.4677979" />
  <node id="9513732661" timestamp="2025-01-07T12:41:28Z" uid="22355679" user="Nikita2445" visible="true" version="2" changeset="161093922" lat="30.9670495" lon="76.4678469" />
  <node id="9513732662" timestamp="2025-01-07T12:41:28Z" uid="22355679" user="Nikita2445" visible="true" version="2" changeset="161093922" lat="30.9670412" lon="76.4679319" />
  <node id="9513732663" timestamp="2025-01-07T12:41:28Z" uid="22355679" user="Nikita2445" visible="true" version="2" changeset="161093922" lat="30.9670192" lon="76.4679289" />
  <node id="9513732664" timestamp="2025-01-07T12:41:28Z" uid="22355679" user="Nikita2445" visible="true" version="2" changeset="161093922" lat="30.9669853" lon="76.4682772" />
  <node id="9513732665" timestamp="2025-01-07T12:41:28Z" uid="22355679" user="Nikita2445" visible="true" version="2" changeset="161093922" lat="30.9666676" lon="76.4686091" />
  <node id="9514211665" timestamp="2022-02-17T15:51:08Z" uid="12256953" user="the_cool_guy" visible="true" version="1" changeset="117527732" lat="30.9708944" lon="76.4727313" />
  <node id="9514211666" timestamp="2022-02-17T15:51:08Z" uid="12256953" user="the_cool_guy" visible="true" version="1" changeset="117527732" lat="30.9709054" lon="76.4733669" />
  <node id="9514211667" timestamp="2022-02-17T15:51:08Z" uid="12256953" user="the_cool_guy" visible="true" version="1" changeset="117527732" lat="30.9709088" lon="76.4737204" />
  <node id="9514211668" timestamp="2022-02-17T15:51:08Z" uid="12256953" user="the_cool_guy" visible="true" version="1" changeset="117527732" lat="30.970911" lon="76.4738704" />
  <node id="9514211669" timestamp="2022-02-17T15:51:08Z" uid="12256953" user="the_cool_guy" visible="true" version="1" changeset="117527732" lat="30.9709054" lon="76.4739019" />
  <node id="9514211670" timestamp="2022-02-17T15:51:08Z" uid="12256953" user="the_cool_guy" visible="true" version="1" changeset="117527732" lat="30.9708946" lon="76.4739145" />
  <node id="9514211671" timestamp="2022-02-17T15:51:08Z" uid="12256953" user="the_cool_guy" visible="true" version="1" changeset="117527732" lat="30.9706653" lon="76.4739198" />
  <node id="9514211672" timestamp="2022-02-17T15:51:08Z" uid="12256953" user="the_cool_guy" visible="true" version="1" changeset="117527732" lat="30.9702959" lon="76.4739273" />
  <node id="9514211673" timestamp="2022-02-17T15:51:08Z" uid="12256953" user="the_cool_guy" visible="true" version="1" changeset="117527732" lat="30.9699559" lon="76.4739373" />
  <node id="9514211674" timestamp="2022-02-17T15:51:08Z" uid="12256953" user="the_cool_guy" visible="true" version="1" changeset="117527732" lat="30.9696636" lon="76.4739373" />
  <node id="9514211675" timestamp="2022-02-17T15:51:08Z" uid="12256953" user="the_cool_guy" visible="true" version="1" changeset="117527732" lat="30.9708929" lon="76.472395" />
  <node id="9514211676" timestamp="2022-02-17T15:51:08Z" uid="12256953" user="the_cool_guy" visible="true" version="1" changeset="117527732" lat="30.9708831" lon="76.4723671" />
  <node id="9514211677" timestamp="2022-02-17T15:51:08Z" uid="12256953" user="the_cool_guy" visible="true" version="1" changeset="117527732" lat="30.9708672" lon="76.4723619" />
  <node id="9514211678" timestamp="2022-02-17T15:51:08Z" uid="12256953" user="the_cool_guy" visible="true" version="1" changeset="117527732" lat="30.9706357" lon="76.4723619" />
  <node id="9514211679" timestamp="2022-02-17T15:51:08Z" uid="12256953" user="the_cool_guy" visible="true" version="1" changeset="117527732" lat="30.9704116" lon="76.4723654" />
  <node id="9514211680" timestamp="2022-02-17T15:51:08Z" uid="12256953" user="the_cool_guy" visible="true" version="1" changeset="117527732" lat="30.9701842" lon="76.4723671" />
  <node id="9514211681" timestamp="2022-02-17T15:51:08Z" uid="12256953" user="the_cool_guy" visible="true" version="1" changeset="117527732" lat="30.9696797" lon="76.4723827" />
  <node id="9514211703" timestamp="2026-09-24T17:25:54Z" uid="24589846" user="Y@shP" visible="true" version="2" changeset="189509374" lat="30.9664903" lon="76.4797916" />
  <node id="9514211704" timestamp="2026-09-24T17:25:54Z" uid="24589846" user="Y@shP" visible="true" version="2" changeset="189509374" lat="30.9662728" lon="76.479741" />
  <node id="9514211705" timestamp="2026-09-24T17:25:54Z" uid="24589846" user="Y@shP" visible="true" version="2" changeset="189509374" lat="30.9660272" lon="76.4796743" />
  <node id="9514211706" timestamp="2026-09-24T17:25:54Z" uid="24589846" user="Y@shP" visible="true" version="2" changeset="189509374" lat="30.9653769" lon="76.4794929">
    <tag k="highway" v="crossing" />
    <tag k="junction" v="yes" />
    <tag k="junction_type" v="3-way T/Y Junction" />
    <tag k="degree" v="3" />
    <tag k="name" v="Junction 9514211706 (3-way T/Y Junction)" />
  </node>
  <node id="9514211707" timestamp="2026-09-24T17:25:54Z" uid="24589846" user="Y@shP" visible="true" version="2" changeset="189509374" lat="30.9652786" lon="76.4794111" />
  <node id="9514211708" timestamp="2026-09-24T17:25:54Z" uid="24589846" user="Y@shP" visible="true" version="2" changeset="189509374" lat="30.9650776" lon="76.479147" />
  <node id="9514211709" timestamp="2026-09-24T17:25:54Z" uid="24589846" user="Y@shP" visible="true" version="2" changeset="189509374" lat="30.9648335" lon="76.4786453" />
  <node id="9514211710" timestamp="2026-09-24T17:25:54Z" uid="24589846" user="Y@shP" visible="true" version="2" changeset="189509374" lat="30.9643685" lon="76.4776201" />
  <node id="9514211711" timestamp="2026-09-24T17:25:54Z" uid="24589846" user="Y@shP" visible="true" version="2" changeset="189509374" lat="30.9641058" lon="76.4768127" />
  <node id="9514211712" timestamp="2022-02-17T15:51:08Z" uid="12256953" user="the_cool_guy" visible="true" version="1" changeset="117527732" lat="30.9636385" lon="76.4746053">
    <tag k="degree" v="3" />
    <tag k="highway" v="crossing" />
    <tag k="junction" v="yes" />
    <tag k="junction_type" v="3-way T/Y Junction" />
    <tag k="name" v="Junction 9514211712 (3-way T/Y Junction)" />
  </node>
  <node id="9514211716" timestamp="2022-02-17T15:51:08Z" uid="12256953" user="the_cool_guy" visible="true" version="1" changeset="117527732" lat="30.9639063" lon="76.4761738">
    <tag k="degree" v="1" />
    <tag k="highway" v="crossing" />
    <tag k="junction" v="yes" />
    <tag k="junction_type" v="Road End / Cul-de-sac" />
    <tag k="name" v="Junction 9514211716 (Road End / Cul-de-sac)" />
  </node>
  <node id="9514233021" timestamp="2025-01-07T08:31:19Z" uid="22355679" user="Nikita2445" visible="true" version="2" changeset="161086508" lat="30.9686095" lon="76.4729669" />
  <node id="9514233022" timestamp="2025-01-07T08:31:19Z" uid="22355679" user="Nikita2445" visible="true" version="2" changeset="161086508" lat="30.9685302" lon="76.4729698" />
  <node id="9514233023" timestamp="2025-01-07T08:31:19Z" uid="22355679" user="Nikita2445" visible="true" version="2" changeset="161086508" lat="30.9685421" lon="76.4734114" />
  <node id="9514233024" timestamp="2025-01-07T08:31:19Z" uid="22355679" user="Nikita2445" visible="true" version="2" changeset="161086508" lat="30.9686213" lon="76.4734085" />
  <node id="9514233025" timestamp="2026-09-24T17:25:54Z" uid="24589846" user="Y@shP" visible="true" version="2" changeset="189509374" lat="30.9689758" lon="76.4731881" />
  <node id="9514233026" timestamp="2026-09-24T17:25:54Z" uid="24589846" user="Y@shP" visible="true" version="2" changeset="189509374" lat="30.9684018" lon="76.4731898" />
  <node id="9514233027" timestamp="2026-09-24T17:25:54Z" uid="24589846" user="Y@shP" visible="true" version="2" changeset="189509374" lat="30.9688033" lon="76.4722679">
    <tag k="highway" v="crossing" />
    <tag k="junction" v="yes" />
    <tag k="junction_type" v="3-way T/Y Junction" />
    <tag k="degree" v="3" />
    <tag k="name" v="Junction 9514233027 (3-way T/Y Junction)" />
  </node>
  <node id="9514233028" action="modify" timestamp="2026-09-24T17:25:54Z" uid="24589846" user="Y@shP" visible="true" version="2" changeset="189509374" lat="30.96880860445" lon="76.47420971544">
    <tag k="highway" v="bus_stop" />
    <tag k="junction" v="yes" />
    <tag k="junction_type" v="Road End / Cul-de-sac" />
    <tag k="degree" v="1" />
    <tag k="name" v="Junction 9514233028 (Road End / Cul-de-sac)" />
  </node>
  <node id="9516401595" timestamp="2026-09-24T17:25:54Z" uid="24589846" user="Y@shP" visible="true" version="3" changeset="189509374" lat="30.9694874" lon="76.4674729">
    <tag k="highway" v="crossing" />
    <tag k="junction" v="yes" />
    <tag k="junction_type" v="3-way T/Y Junction" />
    <tag k="degree" v="3" />
    <tag k="name" v="Junction 9516401595 (3-way T/Y Junction)" />
  </node>
  <node id="9516401596" timestamp="2026-09-24T17:25:54Z" uid="24589846" user="Y@shP" visible="true" version="2" changeset="189509374" lat="30.9693749" lon="76.467554" />
  <node id="9516401597" timestamp="2026-09-24T17:25:54Z" uid="24589846" user="Y@shP" visible="true" version="2" changeset="189509374" lat="30.9690779" lon="76.467708" />
  <node id="9516401598" timestamp="2026-09-24T17:25:54Z" uid="24589846" user="Y@shP" visible="true" version="2" changeset="189509374" lat="30.9689999" lon="76.4677426" />
  <node id="9516401599" timestamp="2026-09-24T17:25:54Z" uid="24589846" user="Y@shP" visible="true" version="2" changeset="189509374" lat="30.9688216" lon="76.4677836" />
  <node id="9516401600" timestamp="2026-09-24T17:25:54Z" uid="24589846" user="Y@shP" visible="true" version="2" changeset="189509374" lat="30.9686326" lon="76.4677917" />
  <node id="9516401601" timestamp="2026-09-24T17:25:54Z" uid="24589846" user="Y@shP" visible="true" version="2" changeset="189509374" lat="30.968407" lon="76.467803" />
  <node id="9516401602" timestamp="2026-09-24T17:25:54Z" uid="24589846" user="Y@shP" visible="true" version="2" changeset="189509374" lat="30.968222" lon="76.467792" />
  <node id="9516401603" timestamp="2026-09-24T17:25:54Z" uid="24589846" user="Y@shP" visible="true" version="2" changeset="189509374" lat="30.9681096" lon="76.4677622" />
  <node id="9516401604" timestamp="2026-09-24T17:25:54Z" uid="24589846" user="Y@shP" visible="true" version="2" changeset="189509374" lat="30.9678483" lon="76.4676315" />
  <node id="9516401605" timestamp="2026-09-24T17:25:54Z" uid="24589846" user="Y@shP" visible="true" version="2" changeset="189509374" lat="30.9675555" lon="76.4674586" />
  <node id="9516401606" timestamp="2026-09-24T17:25:54Z" uid="24589846" user="Y@shP" visible="true" version="2" changeset="189509374" lat="30.9668991" lon="76.46702" />
  <node id="9569455909" timestamp="2025-01-08T05:35:21Z" uid="22355679" user="Nikita2445" visible="true" version="2" changeset="161120018" lat="30.9678212" lon="76.4719431" />
  <node id="9569455910" timestamp="2025-01-08T05:35:21Z" uid="22355679" user="Nikita2445" visible="true" version="2" changeset="161120018" lat="30.9678293" lon="76.4719556" />
  <node id="9569455911" timestamp="2025-01-08T05:35:21Z" uid="22355679" user="Nikita2445" visible="true" version="2" changeset="161120018" lat="30.9676177" lon="76.4721318" />
  <node id="9569455912" timestamp="2025-01-08T05:35:21Z" uid="22355679" user="Nikita2445" visible="true" version="2" changeset="161120018" lat="30.9676424" lon="76.4721102" />
  <node id="9569455913" timestamp="2025-01-08T05:35:21Z" uid="22355679" user="Nikita2445" visible="true" version="2" changeset="161120018" lat="30.9676451" lon="76.4721141" />
  <node id="9569455914" timestamp="2025-01-08T05:35:21Z" uid="22355679" user="Nikita2445" visible="true" version="2" changeset="161120018" lat="30.9676206" lon="76.4721361" />
  <node id="10939627765" timestamp="2026-09-24T17:25:54Z" uid="24589846" user="Y@shP" visible="true" version="2" changeset="189509374" lat="30.9665819" lon="76.4786827" />
  <node id="10939627766" timestamp="2026-09-24T17:25:54Z" uid="24589846" user="Y@shP" visible="true" version="2" changeset="189509374" lat="30.9682514" lon="76.4786585" />
  <node id="11052493591" timestamp="2026-09-24T17:25:54Z" uid="24589846" user="Y@shP" visible="true" version="2" changeset="189509374" lat="30.9692177" lon="76.4652914" />
  <node id="11052493596" timestamp="2026-09-24T17:25:54Z" uid="24589846" user="Y@shP" visible="true" version="2" changeset="189509374" lat="30.9681426" lon="76.4677641">
    <tag k="highway" v="bus_stop" />
    <tag k="junction" v="yes" />
    <tag k="junction_type" v="3-way T/Y Junction" />
    <tag k="degree" v="3" />
    <tag k="name" v="Junction 11052493596 (3-way T/Y Junction)" />
  </node>
  <node id="11052493600" timestamp="2026-09-24T17:25:54Z" uid="24589846" user="Y@shP" visible="true" version="2" changeset="189509374" lat="30.969228" lon="76.4656374" />
  <node id="11064569386" timestamp="2026-09-24T17:25:54Z" uid="24589846" user="Y@shP" visible="true" version="3" changeset="189509374" lat="30.968893" lon="76.4677679" />
  <node id="11066077902" timestamp="2023-07-25T03:41:18Z" uid="19819926" user="madsravs" visible="true" version="1" changeset="138966300" lat="30.9695146" lon="76.4684381" />
  <node id="11066077904" timestamp="2023-07-25T03:41:18Z" uid="19819926" user="madsravs" visible="true" version="1" changeset="138966300" lat="30.9695167" lon="76.4685779" />
  <node id="11066138208" timestamp="2023-07-25T03:41:18Z" uid="19819926" user="madsravs" visible="true" version="1" changeset="138966300" lat="30.9692011" lon="76.4689119" />
  <node id="11752274322" timestamp="2026-09-24T17:25:54Z" uid="24589846" user="Y@shP" visible="true" version="2" changeset="189509374" lat="30.9663902" lon="76.4654356">
    <tag k="highway" v="crossing" />
    <tag k="junction" v="yes" />
    <tag k="junction_type" v="Road End / Cul-de-sac" />
    <tag k="degree" v="1" />
    <tag k="name" v="Junction 11752274322 (Road End / Cul-de-sac)" />
  </node>
  <node id="11752274323" timestamp="2026-09-24T17:25:54Z" uid="24589846" user="Y@shP" visible="true" version="2" changeset="189509374" lat="30.9663947" lon="76.4655863" />
  <node id="11752274325" timestamp="2026-09-24T17:25:54Z" uid="24589846" user="Y@shP" visible="true" version="2" changeset="189509374" lat="30.9660341" lon="76.4664809" />
  <node id="11752274326" timestamp="2026-09-24T17:25:54Z" uid="24589846" user="Y@shP" visible="true" version="2" changeset="189509374" lat="30.9659358" lon="76.466434" />
  <node id="11752274327" timestamp="2026-09-24T17:25:54Z" uid="24589846" user="Y@shP" visible="true" version="2" changeset="189509374" lat="30.9658552" lon="76.4664192" />
  <node id="11752274328" timestamp="2026-09-24T17:25:54Z" uid="24589846" user="Y@shP" visible="true" version="2" changeset="189509374" lat="30.9657988" lon="76.4664303" />
  <node id="11752274329" timestamp="2024-03-22T08:21:07Z" uid="11840981" user="sahilister" visible="true" version="1" changeset="149000103" lat="30.9657273" lon="76.4664694" />
  <node id="11752274330" timestamp="2024-03-22T08:21:07Z" uid="11840981" user="sahilister" visible="true" version="1" changeset="149000103" lat="30.9656955" lon="76.4664941" />
  <node id="11752274331" timestamp="2024-03-22T08:21:07Z" uid="11840981" user="sahilister" visible="true" version="1" changeset="149000103" lat="30.9656601" lon="76.46656" />
  <node id="11752274332" timestamp="2026-09-24T17:25:54Z" uid="24589846" user="Y@shP" visible="true" version="2" changeset="189509374" lat="30.9656124" lon="76.4666558" />
  <node id="11752274333" timestamp="2026-09-24T17:25:54Z" uid="24589846" user="Y@shP" visible="true" version="2" changeset="189509374" lat="30.9656169" lon="76.467361" />
  <node id="11752274334" timestamp="2026-09-24T17:25:54Z" uid="24589846" user="Y@shP" visible="true" version="2" changeset="189509374" lat="30.9656098" lon="76.4674692" />
  <node id="11752274335" timestamp="2024-03-22T08:21:07Z" uid="11840981" user="sahilister" visible="true" version="1" changeset="149000103" lat="30.9655859" lon="76.4675494" />
  <node id="11752274336" timestamp="2024-03-22T08:21:07Z" uid="11840981" user="sahilister" visible="true" version="1" changeset="149000103" lat="30.9655081" lon="76.4676153" />
  <node id="11752274337" timestamp="2026-09-24T17:25:54Z" uid="24589846" user="Y@shP" visible="true" version="2" changeset="189509374" lat="30.9654212" lon="76.4676377" />
  <node id="11752274338" timestamp="2026-09-24T17:25:54Z" uid="24589846" user="Y@shP" visible="true" version="2" changeset="189509374" lat="30.9651274" lon="76.4676653" />
  <node id="11752274339" timestamp="2026-09-24T17:25:54Z" uid="24589846" user="Y@shP" visible="true" version="2" changeset="189509374" lat="30.9650442" lon="76.4676707" />
  <node id="11752274340" timestamp="2024-03-22T08:21:07Z" uid="11840981" user="sahilister" visible="true" version="1" changeset="149000103" lat="30.9649497" lon="76.4676937" />
  <node id="11752274341" timestamp="2026-09-24T17:25:54Z" uid="24589846" user="Y@shP" visible="true" version="2" changeset="189509374" lat="30.9646517" lon="76.4681481" />
  <node id="11752274342" timestamp="2026-09-24T17:25:54Z" uid="24589846" user="Y@shP" visible="true" version="2" changeset="189509374" lat="30.9643859" lon="76.4686821" />
  <node id="11752274343" timestamp="2026-09-24T17:25:54Z" uid="24589846" user="Y@shP" visible="true" version="2" changeset="189509374" lat="30.9641812" lon="76.4692109" />
  <node id="11752274344" timestamp="2026-09-24T17:25:54Z" uid="24589846" user="Y@shP" visible="true" version="2" changeset="189509374" lat="30.9640117" lon="76.4697468" />
  <node id="11752274345" timestamp="2026-09-24T17:25:54Z" uid="24589846" user="Y@shP" visible="true" version="2" changeset="189509374" lat="30.9637734" lon="76.4707609" />
  <node id="11752274346" timestamp="2026-09-24T17:25:54Z" uid="24589846" user="Y@shP" visible="true" version="2" changeset="189509374" lat="30.963678" lon="76.4714287" />
  <node id="11752274347" timestamp="2026-09-24T17:25:54Z" uid="24589846" user="Y@shP" visible="true" version="2" changeset="189509374" lat="30.9636028" lon="76.4722732" />
  <node id="11752274348" timestamp="2026-09-24T17:25:54Z" uid="24589846" user="Y@shP" visible="true" version="2" changeset="189509374" lat="30.9635792" lon="76.4729942" />
  <node id="11752274349" timestamp="2026-09-24T17:25:54Z" uid="24589846" user="Y@shP" visible="true" version="2" changeset="189509374" lat="30.9636056" lon="76.4739482" />
  <node id="11752274351" timestamp="2026-09-24T17:25:54Z" uid="24589846" user="Y@shP" visible="true" version="2" changeset="189509374" lat="30.9637704" lon="76.475526">
    <tag k="degree" v="4" />
    <tag k="highway" v="crossing" />
    <tag k="junction" v="yes" />
    <tag k="junction_type" v="4-way Crossroad" />
    <tag k="name" v="Junction 11752274351 (4-way Crossroad)" />
  </node>
  <node id="11752274352" timestamp="2026-09-24T17:25:54Z" uid="24589846" user="Y@shP" visible="true" version="2" changeset="189509374" lat="30.9652203" lon="76.4760703" />
  <node id="11752274354" timestamp="2026-09-24T17:25:54Z" uid="24589846" user="Y@shP" visible="true" version="2" changeset="189509374" lat="30.9647795" lon="76.4785137" />
  <node id="11752274355" timestamp="2026-09-24T17:25:54Z" uid="24589846" user="Y@shP" visible="true" version="2" changeset="189509374" lat="30.9640545" lon="76.4767366">
    <tag k="highway" v="crossing" />
    <tag k="junction" v="yes" />
    <tag k="junction_type" v="3-way T/Y Junction" />
    <tag k="degree" v="3" />
    <tag k="name" v="Junction 11752274355 (3-way T/Y Junction)" />
  </node>
  <node id="11752274356" timestamp="2026-09-24T17:25:54Z" uid="24589846" user="Y@shP" visible="true" version="2" changeset="189509374" lat="30.9651817" lon="76.4767621">
    <tag k="highway" v="crossing" />
    <tag k="junction" v="yes" />
    <tag k="junction_type" v="Road End / Cul-de-sac" />
    <tag k="degree" v="1" />
    <tag k="name" v="Junction 11752274356 (Road End / Cul-de-sac)" />
  </node>
  <node id="11752274357" timestamp="2026-09-24T17:25:54Z" uid="24589846" user="Y@shP" visible="true" version="2" changeset="189509374" lat="30.9645453" lon="76.4779909">
    <tag k="highway" v="crossing" />
    <tag k="junction" v="yes" />
    <tag k="junction_type" v="3-way T/Y Junction" />
    <tag k="degree" v="3" />
    <tag k="name" v="Junction 11752274357 (3-way T/Y Junction)" />
  </node>
  <node id="11752274358" timestamp="2026-09-24T17:25:54Z" uid="24589846" user="Y@shP" visible="true" version="2" changeset="189509374" lat="30.9652379" lon="76.477966" />
  <node id="11752274359" timestamp="2026-09-24T17:25:54Z" uid="24589846" user="Y@shP" visible="true" version="2" changeset="189509374" lat="30.9648825" lon="76.476091">
    <tag k="highway" v="crossing" />
    <tag k="junction" v="yes" />
    <tag k="junction_type" v="3-way T/Y Junction" />
    <tag k="degree" v="3" />
    <tag k="name" v="Junction 11752274359 (3-way T/Y Junction)" />
  </node>
  <node id="11752274360" timestamp="2026-09-24T17:25:54Z" uid="24589846" user="Y@shP" visible="true" version="2" changeset="189509374" lat="30.9648659" lon="76.4767588">
    <tag k="highway" v="crossing" />
    <tag k="junction" v="yes" />
    <tag k="junction_type" v="3-way T/Y Junction" />
    <tag k="degree" v="3" />
    <tag k="name" v="Junction 11752274360 (3-way T/Y Junction)" />
  </node>
  <node id="11752274361" timestamp="2026-09-24T17:25:54Z" uid="24589846" user="Y@shP" visible="true" version="2" changeset="189509374" lat="30.9642205" lon="76.4761086">
    <tag k="highway" v="crossing" />
    <tag k="junction" v="yes" />
    <tag k="junction_type" v="3-way T/Y Junction" />
    <tag k="degree" v="3" />
    <tag k="name" v="Junction 11752274361 (3-way T/Y Junction)" />
  </node>
  <node id="11752274362" timestamp="2026-09-24T17:25:54Z" uid="24589846" user="Y@shP" visible="true" version="2" changeset="189509374" lat="30.9642288" lon="76.4767647">
    <tag k="highway" v="crossing" />
    <tag k="junction" v="yes" />
    <tag k="junction_type" v="3-way T/Y Junction" />
    <tag k="degree" v="3" />
    <tag k="name" v="Junction 11752274362 (3-way T/Y Junction)" />
  </node>
  <node id="11752274363" timestamp="2024-03-22T08:21:07Z" uid="11840981" user="sahilister" visible="true" version="1" changeset="149000103" lat="30.965424" lon="76.4807675" />
  <node id="11752274364" timestamp="2024-03-22T08:21:07Z" uid="11840981" user="sahilister" visible="true" version="1" changeset="149000103" lat="30.9652742" lon="76.4811419" />
  <node id="11752274365" timestamp="2024-03-22T08:21:07Z" uid="11840981" user="sahilister" visible="true" version="1" changeset="149000103" lat="30.9652871" lon="76.4812467" />
  <node id="11752274366" timestamp="2026-09-24T17:25:54Z" uid="24589846" user="Y@shP" visible="true" version="3" changeset="189509374" lat="30.9657036" lon="76.4760681">
    <tag k="highway" v="crossing" />
    <tag k="junction" v="yes" />
    <tag k="junction_type" v="3-way T/Y Junction" />
    <tag k="degree" v="3" />
    <tag k="name" v="Junction 11752274366 (3-way T/Y Junction)" />
  </node>
  <node id="11752274367" timestamp="2026-09-24T17:25:54Z" uid="24589846" user="Y@shP" visible="true" version="3" changeset="189509374" lat="30.9657231" lon="76.4779731">
    <tag k="highway" v="crossing" />
    <tag k="junction" v="yes" />
    <tag k="junction_type" v="3-way T/Y Junction" />
    <tag k="degree" v="3" />
    <tag k="name" v="Junction 11752274367 (3-way T/Y Junction)" />
  </node>
  <node id="11752274368" timestamp="2026-09-24T17:25:54Z" uid="24589846" user="Y@shP" visible="true" version="3" changeset="189509374" lat="30.9660097" lon="76.4760676">
    <tag k="highway" v="crossing" />
    <tag k="junction" v="yes" />
    <tag k="junction_type" v="3-way T/Y Junction" />
    <tag k="degree" v="3" />
    <tag k="name" v="Junction 11752274368 (3-way T/Y Junction)" />
  </node>
  <node id="11752291169" timestamp="2025-01-07T12:41:28Z" uid="22355679" user="Nikita2445" visible="true" version="2" changeset="161093922" lat="30.9660398" lon="76.4779267">
    <tag k="highway" v="crossing" />
    <tag k="junction" v="yes" />
    <tag k="junction_type" v="3-way T/Y Junction" />
    <tag k="degree" v="3" />
    <tag k="name" v="Junction 11752291169 (3-way T/Y Junction)" />
  </node>
  <node id="11752291170" timestamp="2026-09-24T17:25:54Z" uid="24589846" user="Y@shP" visible="true" version="3" changeset="189509374" lat="30.9663095" lon="76.4760762">
    <tag k="highway" v="crossing" />
    <tag k="junction" v="yes" />
    <tag k="junction_type" v="3-way T/Y Junction" />
    <tag k="degree" v="3" />
    <tag k="name" v="Junction 11752291170 (3-way T/Y Junction)" />
  </node>
  <node id="11752291171" timestamp="2025-01-07T12:41:28Z" uid="22355679" user="Nikita2445" visible="true" version="2" changeset="161093922" lat="30.9663681" lon="76.4789941">
    <tag k="highway" v="crossing" />
    <tag k="junction" v="yes" />
    <tag k="junction_type" v="3-way T/Y Junction" />
    <tag k="degree" v="3" />
    <tag k="name" v="Junction 11752291171 (3-way T/Y Junction)" />
  </node>
  <node id="11752291172" timestamp="2025-01-07T12:41:28Z" uid="22355679" user="Nikita2445" visible="true" version="2" changeset="161093922" lat="30.9656975" lon="76.476709">
    <tag k="highway" v="crossing" />
    <tag k="junction" v="yes" />
    <tag k="junction_type" v="3-way T/Y Junction" />
    <tag k="degree" v="3" />
    <tag k="name" v="Junction 11752291172 (3-way T/Y Junction)" />
  </node>
  <node id="11752291173" timestamp="2026-09-24T17:25:54Z" uid="24589846" user="Y@shP" visible="true" version="2" changeset="189509374" lat="30.9665553" lon="76.4766939">
    <tag k="highway" v="crossing" />
    <tag k="junction" v="yes" />
    <tag k="junction_type" v="3-way T/Y Junction" />
    <tag k="degree" v="3" />
    <tag k="name" v="Junction 11752291173 (3-way T/Y Junction)" />
  </node>
  <node id="11752291174" timestamp="2025-01-07T12:41:28Z" uid="22355679" user="Nikita2445" visible="true" version="2" changeset="161093922" lat="30.9660212" lon="76.4766996">
    <tag k="highway" v="crossing" />
    <tag k="junction" v="yes" />
    <tag k="junction_type" v="4-way Crossroad" />
    <tag k="degree" v="4" />
    <tag k="name" v="Junction 11752291174 (4-way Crossroad)" />
  </node>
  <node id="11752291175" timestamp="2025-01-07T12:41:28Z" uid="22355679" user="Nikita2445" visible="true" version="2" changeset="161093922" lat="30.9663357" lon="76.4766899">
    <tag k="highway" v="crossing" />
    <tag k="junction" v="yes" />
    <tag k="junction_type" v="4-way Crossroad" />
    <tag k="degree" v="4" />
    <tag k="name" v="Junction 11752291175 (4-way Crossroad)" />
  </node>
  <node id="11752291176" timestamp="2026-09-24T17:25:54Z" uid="24589846" user="Y@shP" visible="true" version="2" changeset="189509374" lat="30.9665733" lon="76.4779308">
    <tag k="highway" v="crossing" />
    <tag k="junction" v="yes" />
    <tag k="junction_type" v="3-way T/Y Junction" />
    <tag k="degree" v="3" />
    <tag k="name" v="Junction 11752291176 (3-way T/Y Junction)" />
  </node>
  <node id="11752291177" timestamp="2026-09-24T17:25:54Z" uid="24589846" user="Y@shP" visible="true" version="3" changeset="189509374" lat="30.9663543" lon="76.4779479">
    <tag k="highway" v="crossing" />
    <tag k="junction" v="yes" />
    <tag k="junction_type" v="4-way Crossroad" />
    <tag k="degree" v="4" />
    <tag k="name" v="Junction 11752291177 (4-way Crossroad)" />
  </node>
  <node id="11752291178" timestamp="2024-03-22T08:21:07Z" uid="11840981" user="sahilister" visible="true" version="1" changeset="149000103" lat="30.9659594" lon="76.477929">
    <tag k="highway" v="crossing" />
    <tag k="junction" v="yes" />
    <tag k="junction_type" v="3-way T/Y Junction" />
    <tag k="degree" v="3" />
    <tag k="name" v="Junction 11752291178 (3-way T/Y Junction)" />
  </node>
  <node id="11752291179" timestamp="2024-03-22T08:21:07Z" uid="11840981" user="sahilister" visible="true" version="1" changeset="149000103" lat="30.9659834" lon="76.4790038" />
  <node id="11752291180" timestamp="2026-09-24T17:25:54Z" uid="24589846" user="Y@shP" visible="true" version="2" changeset="189509374" lat="30.9665879" lon="76.4790052">
    <tag k="highway" v="crossing" />
    <tag k="junction" v="yes" />
    <tag k="junction_type" v="3-way T/Y Junction" />
    <tag k="degree" v="3" />
    <tag k="name" v="Junction 11752291180 (3-way T/Y Junction)" />
  </node>
  <node id="11752291181" timestamp="2024-03-22T08:21:07Z" uid="11840981" user="sahilister" visible="true" version="1" changeset="149000103" lat="30.9659711" lon="76.4784557">
    <tag k="highway" v="crossing" />
    <tag k="junction" v="yes" />
    <tag k="junction_type" v="3-way T/Y Junction" />
    <tag k="degree" v="3" />
    <tag k="name" v="Junction 11752291181 (3-way T/Y Junction)" />
  </node>
  <node id="11752291182" timestamp="2025-01-07T12:41:28Z" uid="22355679" user="Nikita2445" visible="true" version="2" changeset="161093922" lat="30.9663605" lon="76.4784561">
    <tag k="highway" v="crossing" />
    <tag k="junction" v="yes" />
    <tag k="junction_type" v="3-way T/Y Junction" />
    <tag k="degree" v="3" />
    <tag k="name" v="Junction 11752291182 (3-way T/Y Junction)" />
  </node>
  <node id="11752291183" timestamp="2026-09-24T17:25:54Z" uid="24589846" user="Y@shP" visible="true" version="3" changeset="189509374" lat="30.9664994" lon="76.4735684">
    <tag k="highway" v="crossing" />
    <tag k="junction" v="yes" />
    <tag k="junction_type" v="3-way T/Y Junction" />
    <tag k="degree" v="3" />
    <tag k="name" v="Junction 11752291183 (3-way T/Y Junction)" />
  </node>
  <node id="11752291184" timestamp="2026-09-24T17:25:54Z" uid="24589846" user="Y@shP" visible="true" version="2" changeset="189509374" lat="30.9680076" lon="76.4736372">
    <tag k="highway" v="bus_stop" />
    <tag k="junction" v="yes" />
    <tag k="junction_type" v="3-way T/Y Junction" />
    <tag k="degree" v="3" />
    <tag k="name" v="Junction 11752291184 (3-way T/Y Junction)" />
  </node>
  <node id="11752291185" timestamp="2026-09-24T17:25:54Z" uid="24589846" user="Y@shP" visible="true" version="2" changeset="189509374" lat="30.9679939" lon="76.4728068" />
  <node id="11752291186" timestamp="2026-09-24T17:25:54Z" uid="24589846" user="Y@shP" visible="true" version="2" changeset="189509374" lat="30.9664853" lon="76.4726428">
    <tag k="highway" v="crossing" />
    <tag k="junction" v="yes" />
    <tag k="junction_type" v="3-way T/Y Junction" />
    <tag k="degree" v="3" />
    <tag k="name" v="Junction 11752291186 (3-way T/Y Junction)" />
  </node>
  <node id="11752291187" timestamp="2026-09-24T17:25:54Z" uid="24589846" user="Y@shP" visible="true" version="2" changeset="189509374" lat="30.9666499" lon="76.4727449">
    <tag k="highway" v="crossing" />
    <tag k="junction" v="yes" />
    <tag k="junction_type" v="3-way T/Y Junction" />
    <tag k="degree" v="3" />
    <tag k="name" v="Junction 11752291187 (3-way T/Y Junction)" />
  </node>
  <node id="11752291188" timestamp="2026-09-24T17:25:54Z" uid="24589846" user="Y@shP" visible="true" version="2" changeset="189509374" lat="30.9664854" lon="76.4728448">
    <tag k="highway" v="crossing" />
    <tag k="junction" v="yes" />
    <tag k="junction_type" v="3-way T/Y Junction" />
    <tag k="degree" v="3" />
    <tag k="name" v="Junction 11752291188 (3-way T/Y Junction)" />
  </node>
  <node id="11752291189" timestamp="2026-09-24T17:25:54Z" uid="24589846" user="Y@shP" visible="true" version="2" changeset="189509374" lat="30.9675824" lon="76.4727112" />
  <node id="11752291190" timestamp="2026-09-24T17:25:54Z" uid="24589846" user="Y@shP" visible="true" version="2" changeset="189509374" lat="30.9670498" lon="76.4727269" />
  <node id="11752291194" timestamp="2026-09-24T17:25:54Z" uid="24589846" user="Y@shP" visible="true" version="2" changeset="189509374" lat="30.9680424" lon="76.475403">
    <tag k="highway" v="crossing" />
    <tag k="junction" v="yes" />
    <tag k="junction_type" v="3-way T/Y Junction" />
    <tag k="degree" v="3" />
    <tag k="name" v="Junction 11752291194 (3-way T/Y Junction)" />
  </node>
  <node id="11752291195" timestamp="2026-09-24T17:25:54Z" uid="24589846" user="Y@shP" visible="true" version="2" changeset="189509374" lat="30.9665282" lon="76.4754">
    <tag k="highway" v="crossing" />
    <tag k="junction" v="yes" />
    <tag k="junction_type" v="3-way T/Y Junction" />
    <tag k="degree" v="3" />
    <tag k="name" v="Junction 11752291195 (3-way T/Y Junction)" />
  </node>
  <node id="11752291197" timestamp="2026-09-24T17:25:54Z" uid="24589846" user="Y@shP" visible="true" version="2" changeset="189509374" lat="30.9683038" lon="76.4806082" />
  <node id="11752291198" timestamp="2026-09-24T17:25:54Z" uid="24589846" user="Y@shP" visible="true" version="2" changeset="189509374" lat="30.9684229" lon="76.4810459" />
  <node id="11752291199" timestamp="2024-03-22T08:21:07Z" uid="11840981" user="sahilister" visible="true" version="1" changeset="149000103" lat="30.9657971" lon="76.4811955" />
  <node id="11752291200" timestamp="2024-03-22T08:21:07Z" uid="11840981" user="sahilister" visible="true" version="1" changeset="149000103" lat="30.9695221" lon="76.4689367" />
  <node id="11752291205" timestamp="2025-01-08T05:35:21Z" uid="22355679" user="Nikita2445" visible="true" version="4" changeset="161120018" lat="30.9664605" lon="76.4705904" />
  <node id="11752291210" timestamp="2026-09-24T17:25:54Z" uid="24589846" user="Y@shP" visible="true" version="4" changeset="189509374" lat="30.9664743" lon="76.4720283" />
  <node id="11799462518" timestamp="2024-04-07T11:13:07Z" uid="11429095" user="Aravindsu007" visible="true" version="1" changeset="149687449" lat="30.9678597" lon="76.4737607" />
  <node id="11799462519" timestamp="2024-04-07T11:13:07Z" uid="11429095" user="Aravindsu007" visible="true" version="1" changeset="149687449" lat="30.967869" lon="76.4743129" />
  <node id="11799462520" timestamp="2024-04-07T11:13:07Z" uid="11429095" user="Aravindsu007" visible="true" version="1" changeset="149687449" lat="30.96777" lon="76.4743165" />
  <node id="11799462521" timestamp="2024-04-07T11:13:07Z" uid="11429095" user="Aravindsu007" visible="true" version="1" changeset="149687449" lat="30.96777" lon="76.4744464" />
  <node id="11799462522" timestamp="2024-04-07T11:13:07Z" uid="11429095" user="Aravindsu007" visible="true" version="1" changeset="149687449" lat="30.9678071" lon="76.47445" />
  <node id="11799462523" timestamp="2024-04-07T11:13:07Z" uid="11429095" user="Aravindsu007" visible="true" version="1" changeset="149687449" lat="30.9678071" lon="76.4748903" />
  <node id="11799462524" timestamp="2024-04-07T11:13:07Z" uid="11429095" user="Aravindsu007" visible="true" version="1" changeset="149687449" lat="30.9679092" lon="76.4748794" />
  <node id="11799462525" timestamp="2024-04-07T11:13:07Z" uid="11429095" user="Aravindsu007" visible="true" version="1" changeset="149687449" lat="30.9679216" lon="76.4751393" />
  <node id="11799462526" timestamp="2024-04-07T11:13:07Z" uid="11429095" user="Aravindsu007" visible="true" version="1" changeset="149687449" lat="30.9673986" lon="76.4751754" />
  <node id="11799462527" timestamp="2024-04-07T11:13:07Z" uid="11429095" user="Aravindsu007" visible="true" version="1" changeset="149687449" lat="30.9673955" lon="76.4750563" />
  <node id="11799462528" timestamp="2024-04-07T11:13:07Z" uid="11429095" user="Aravindsu007" visible="true" version="1" changeset="149687449" lat="30.9672903" lon="76.4750671" />
  <node id="11799462529" timestamp="2024-04-07T11:13:07Z" uid="11429095" user="Aravindsu007" visible="true" version="1" changeset="149687449" lat="30.9672872" lon="76.4751826" />
  <node id="11799462530" timestamp="2024-04-07T11:13:07Z" uid="11429095" user="Aravindsu007" visible="true" version="1" changeset="149687449" lat="30.9667983" lon="76.4751826" />
  <node id="11799462531" timestamp="2024-04-07T11:13:07Z" uid="11429095" user="Aravindsu007" visible="true" version="1" changeset="149687449" lat="30.9667921" lon="76.4740061" />
  <node id="11799462532" timestamp="2024-04-07T11:13:07Z" uid="11429095" user="Aravindsu007" visible="true" version="1" changeset="149687449" lat="30.9668602" lon="76.4740386" />
  <node id="11799462533" timestamp="2024-04-07T11:13:07Z" uid="11429095" user="Aravindsu007" visible="true" version="1" changeset="149687449" lat="30.9668912" lon="76.4740855" />
  <node id="11799462534" timestamp="2024-04-07T11:13:07Z" uid="11429095" user="Aravindsu007" visible="true" version="1" changeset="149687449" lat="30.9669654" lon="76.4740025" />
  <node id="11799462535" timestamp="2024-04-07T11:13:07Z" uid="11429095" user="Aravindsu007" visible="true" version="1" changeset="149687449" lat="30.9668788" lon="76.4739015" />
  <node id="11799462536" timestamp="2024-04-07T11:13:07Z" uid="11429095" user="Aravindsu007" visible="true" version="1" changeset="149687449" lat="30.9671164" lon="76.4738997" />
  <node id="11799462537" timestamp="2024-04-07T11:13:07Z" uid="11429095" user="Aravindsu007" visible="true" version="1" changeset="149687449" lat="30.9671356" lon="76.4737901" />
  <node id="12480004821" timestamp="2025-01-07T08:17:46Z" uid="22355679" user="Nikita2445" visible="true" version="1" changeset="161086170" lat="30.9674855" lon="76.4732145" />
  <node id="12480004822" timestamp="2025-01-07T08:17:46Z" uid="22355679" user="Nikita2445" visible="true" version="1" changeset="161086170" lat="30.9675305" lon="76.4733437" />
  <node id="12480004823" timestamp="2025-01-07T08:17:46Z" uid="22355679" user="Nikita2445" visible="true" version="1" changeset="161086170" lat="30.9676197" lon="76.4734108" />
  <node id="12480004824" timestamp="2025-01-08T05:35:21Z" uid="22355679" user="Nikita2445" visible="true" version="2" changeset="161120018" lat="30.9677161" lon="76.4734117" />
  <node id="12480004825" timestamp="2025-01-07T08:17:46Z" uid="22355679" user="Nikita2445" visible="true" version="1" changeset="161086170" lat="30.9677851" lon="76.4733604" />
  <node id="12480004826" timestamp="2025-01-08T05:35:21Z" uid="22355679" user="Nikita2445" visible="true" version="2" changeset="161120018" lat="30.9678938" lon="76.4733514" />
  <node id="12480004827" timestamp="2025-01-07T08:17:46Z" uid="22355679" user="Nikita2445" visible="true" version="1" changeset="161086170" lat="30.9678838" lon="76.4730879" />
  <node id="12480004828" timestamp="2025-01-07T08:17:46Z" uid="22355679" user="Nikita2445" visible="true" version="1" changeset="161086170" lat="30.9677988" lon="76.4730847" />
  <node id="12480004829" timestamp="2025-01-07T08:17:46Z" uid="22355679" user="Nikita2445" visible="true" version="1" changeset="161086170" lat="30.9677339" lon="76.4730185" />
  <node id="12480004830" timestamp="2025-01-07T08:17:46Z" uid="22355679" user="Nikita2445" visible="true" version="1" changeset="161086170" lat="30.9676184" lon="76.4730212" />
  <node id="12480004831" timestamp="2025-01-07T08:17:46Z" uid="22355679" user="Nikita2445" visible="true" version="1" changeset="161086170" lat="30.9675194" lon="76.4730883" />
  <node id="12480004832" timestamp="2025-01-07T08:17:46Z" uid="22355679" user="Nikita2445" visible="true" version="1" changeset="161086170" lat="30.967087" lon="76.4730311" />
  <node id="12480004833" timestamp="2025-01-07T08:17:46Z" uid="22355679" user="Nikita2445" visible="true" version="1" changeset="161086170" lat="30.9671846" lon="76.4730311" />
  <node id="12480004834" timestamp="2025-01-07T08:17:46Z" uid="22355679" user="Nikita2445" visible="true" version="1" changeset="161086170" lat="30.9671881" lon="76.4729985" />
  <node id="12480004835" timestamp="2025-01-07T08:17:46Z" uid="22355679" user="Nikita2445" visible="true" version="1" changeset="161086170" lat="30.9678993" lon="76.4729457" />
  <node id="12480004836" timestamp="2025-01-07T08:17:46Z" uid="22355679" user="Nikita2445" visible="true" version="1" changeset="161086170" lat="30.9679028" lon="76.4730758" />
  <node id="12480004837" timestamp="2025-01-07T08:17:46Z" uid="22355679" user="Nikita2445" visible="true" version="1" changeset="161086170" lat="30.967976" lon="76.4730961" />
  <node id="12480004838" timestamp="2025-01-07T08:17:46Z" uid="22355679" user="Nikita2445" visible="true" version="1" changeset="161086170" lat="30.9679725" lon="76.4731693" />
  <node id="12480004839" timestamp="2025-01-07T08:17:46Z" uid="22355679" user="Nikita2445" visible="true" version="1" changeset="161086170" lat="30.9679411" lon="76.4731733" />
  <node id="12480004840" timestamp="2025-01-07T08:17:46Z" uid="22355679" user="Nikita2445" visible="true" version="1" changeset="161086170" lat="30.9679411" lon="76.4732709" />
  <node id="12480004841" timestamp="2025-01-07T08:17:46Z" uid="22355679" user="Nikita2445" visible="true" version="1" changeset="161086170" lat="30.9679794" lon="76.4732831" />
  <node id="12480004842" timestamp="2025-01-07T08:17:46Z" uid="22355679" user="Nikita2445" visible="true" version="1" changeset="161086170" lat="30.9679794" lon="76.4733604" />
  <node id="12480004843" timestamp="2025-01-07T08:17:46Z" uid="22355679" user="Nikita2445" visible="true" version="1" changeset="161086170" lat="30.9679202" lon="76.4733685" />
  <node id="12480004844" timestamp="2025-01-07T08:17:46Z" uid="22355679" user="Nikita2445" visible="true" version="1" changeset="161086170" lat="30.9679202" lon="76.4734742" />
  <node id="12480004845" timestamp="2025-01-07T08:17:46Z" uid="22355679" user="Nikita2445" visible="true" version="1" changeset="161086170" lat="30.967087" lon="76.4734417" />
  <node id="12480004846" timestamp="2025-01-07T08:17:46Z" uid="22355679" user="Nikita2445" visible="true" version="1" changeset="161086170" lat="30.9670836" lon="76.473401" />
  <node id="12480011910" timestamp="2025-01-07T08:31:19Z" uid="22355679" user="Nikita2445" visible="true" version="1" changeset="161086508" lat="30.9683883" lon="76.4744726" />
  <node id="12480011911" timestamp="2025-01-07T08:31:19Z" uid="22355679" user="Nikita2445" visible="true" version="1" changeset="161086508" lat="30.9683953" lon="76.4746282" />
  <node id="12480011912" timestamp="2025-01-07T08:31:19Z" uid="22355679" user="Nikita2445" visible="true" version="1" changeset="161086508" lat="30.9683477" lon="76.4746343" />
  <node id="12480011913" timestamp="2025-01-07T08:31:19Z" uid="22355679" user="Nikita2445" visible="true" version="1" changeset="161086508" lat="30.9683517" lon="76.4747853" />
  <node id="12480011914" timestamp="2025-01-07T08:31:19Z" uid="22355679" user="Nikita2445" visible="true" version="1" changeset="161086508" lat="30.9683979" lon="76.4747915" />
  <node id="12480011915" timestamp="2025-01-07T08:31:19Z" uid="22355679" user="Nikita2445" visible="true" version="1" changeset="161086508" lat="30.9683992" lon="76.4748346" />
  <node id="12480011916" timestamp="2025-01-07T08:31:19Z" uid="22355679" user="Nikita2445" visible="true" version="1" changeset="161086508" lat="30.9683636" lon="76.4748361" />
  <node id="12480011917" timestamp="2025-01-07T08:31:19Z" uid="22355679" user="Nikita2445" visible="true" version="1" changeset="161086508" lat="30.9683636" lon="76.474984" />
  <node id="12480011918" timestamp="2025-01-07T08:31:19Z" uid="22355679" user="Nikita2445" visible="true" version="1" changeset="161086508" lat="30.9684983" lon="76.4749825" />
  <node id="12480011919" timestamp="2025-01-07T08:31:19Z" uid="22355679" user="Nikita2445" visible="true" version="1" changeset="161086508" lat="30.9684996" lon="76.4748423" />
  <node id="12480011920" timestamp="2025-01-07T08:31:19Z" uid="22355679" user="Nikita2445" visible="true" version="1" changeset="161086508" lat="30.9686552" lon="76.4748471" />
  <node id="12480011921" timestamp="2025-01-07T08:31:19Z" uid="22355679" user="Nikita2445" visible="true" version="1" changeset="161086508" lat="30.968501" lon="76.4747884" />
  <node id="12480011922" timestamp="2025-01-07T08:31:19Z" uid="22355679" user="Nikita2445" visible="true" version="1" changeset="161086508" lat="30.9684996" lon="76.4747653" />
  <node id="12480011923" timestamp="2025-01-07T08:31:19Z" uid="22355679" user="Nikita2445" visible="true" version="1" changeset="161086508" lat="30.968501" lon="76.4746312" />
  <node id="12480011924" timestamp="2025-01-07T08:31:19Z" uid="22355679" user="Nikita2445" visible="true" version="1" changeset="161086508" lat="30.9684309" lon="76.4746297" />
  <node id="12480011925" timestamp="2025-01-07T08:31:19Z" uid="22355679" user="Nikita2445" visible="true" version="1" changeset="161086508" lat="30.968895" lon="76.4755946" />
  <node id="12480011926" timestamp="2025-01-07T08:31:19Z" uid="22355679" user="Nikita2445" visible="true" version="1" changeset="161086508" lat="30.968895" lon="76.4757202" />
  <node id="12480011927" timestamp="2025-01-07T08:31:19Z" uid="22355679" user="Nikita2445" visible="true" version="1" changeset="161086508" lat="30.9689466" lon="76.4757273" />
  <node id="12480011928" timestamp="2025-01-07T08:31:19Z" uid="22355679" user="Nikita2445" visible="true" version="1" changeset="161086508" lat="30.968936" lon="76.4758211" />
  <node id="12480011929" timestamp="2025-01-07T08:31:19Z" uid="22355679" user="Nikita2445" visible="true" version="1" changeset="161086508" lat="30.9688692" lon="76.4758052" />
  <node id="12480011930" timestamp="2025-01-07T08:31:19Z" uid="22355679" user="Nikita2445" visible="true" version="1" changeset="161086508" lat="30.968851" lon="76.4758494" />
  <node id="12480011931" timestamp="2025-01-07T08:31:19Z" uid="22355679" user="Nikita2445" visible="true" version="1" changeset="161086508" lat="30.9688237" lon="76.4758813" />
  <node id="12480011932" timestamp="2025-01-07T08:31:19Z" uid="22355679" user="Nikita2445" visible="true" version="1" changeset="161086508" lat="30.9687721" lon="76.4758936" />
  <node id="12480011933" timestamp="2025-01-07T08:31:19Z" uid="22355679" user="Nikita2445" visible="true" version="1" changeset="161086508" lat="30.9687387" lon="76.4758777" />
  <node id="12480011934" timestamp="2025-01-07T08:31:19Z" uid="22355679" user="Nikita2445" visible="true" version="1" changeset="161086508" lat="30.9687266" lon="76.4758582" />
  <node id="12480011935" timestamp="2025-01-07T08:31:19Z" uid="22355679" user="Nikita2445" visible="true" version="1" changeset="161086508" lat="30.9687251" lon="76.475745" />
  <node id="12480011936" timestamp="2025-01-07T08:31:19Z" uid="22355679" user="Nikita2445" visible="true" version="1" changeset="161086508" lat="30.9687706" lon="76.4757397" />
  <node id="12480011937" timestamp="2025-01-07T08:31:19Z" uid="22355679" user="Nikita2445" visible="true" version="1" changeset="161086508" lat="30.9687691" lon="76.4755946" />
  <node id="12480011938" timestamp="2025-01-07T08:31:19Z" uid="22355679" user="Nikita2445" visible="true" version="1" changeset="161086508" lat="30.9687827" lon="76.4755256" />
  <node id="12480011939" timestamp="2025-01-07T08:31:19Z" uid="22355679" user="Nikita2445" visible="true" version="1" changeset="161086508" lat="30.9689041" lon="76.4755273" />
  <node id="12480011940" timestamp="2025-01-07T08:31:19Z" uid="22355679" user="Nikita2445" visible="true" version="1" changeset="161086508" lat="30.9689011" lon="76.4754035" />
  <node id="12480011941" timestamp="2025-01-07T08:31:19Z" uid="22355679" user="Nikita2445" visible="true" version="1" changeset="161086508" lat="30.9690422" lon="76.4754052" />
  <node id="12480011942" timestamp="2025-01-07T08:31:19Z" uid="22355679" user="Nikita2445" visible="true" version="1" changeset="161086508" lat="30.9690437" lon="76.4754813" />
  <node id="12480011943" timestamp="2025-01-07T08:31:19Z" uid="22355679" user="Nikita2445" visible="true" version="1" changeset="161086508" lat="30.9690103" lon="76.4754849" />
  <node id="12480011944" timestamp="2025-01-07T08:31:19Z" uid="22355679" user="Nikita2445" visible="true" version="1" changeset="161086508" lat="30.9690118" lon="76.4755114" />
  <node id="12480011945" timestamp="2025-01-07T08:31:19Z" uid="22355679" user="Nikita2445" visible="true" version="1" changeset="161086508" lat="30.9690437" lon="76.4755149" />
  <node id="12480011946" timestamp="2025-01-07T08:31:19Z" uid="22355679" user="Nikita2445" visible="true" version="1" changeset="161086508" lat="30.9690452" lon="76.4757344" />
  <node id="12480011947" timestamp="2025-01-07T08:31:19Z" uid="22355679" user="Nikita2445" visible="true" version="1" changeset="161086508" lat="30.9690209" lon="76.4757361" />
  <node id="12480011948" timestamp="2025-01-07T08:31:19Z" uid="22355679" user="Nikita2445" visible="true" version="1" changeset="161086508" lat="30.9690209" lon="76.4757645" />
  <node id="12480011949" timestamp="2025-01-07T08:31:19Z" uid="22355679" user="Nikita2445" visible="true" version="1" changeset="161086508" lat="30.9690482" lon="76.4757645" />
  <node id="12480011950" timestamp="2025-01-07T08:31:19Z" uid="22355679" user="Nikita2445" visible="true" version="1" changeset="161086508" lat="30.9690528" lon="76.4760016" />
  <node id="12480011951" timestamp="2025-01-07T08:31:19Z" uid="22355679" user="Nikita2445" visible="true" version="1" changeset="161086508" lat="30.96881" lon="76.4760157" />
  <node id="12480011952" timestamp="2025-01-09T10:57:08Z" uid="22355679" user="Nikita2445" visible="true" version="2" changeset="161164830" lat="30.9688059" lon="76.4759762" />
  <node id="12480011953" timestamp="2025-01-07T08:31:19Z" uid="22355679" user="Nikita2445" visible="true" version="1" changeset="161086508" lat="30.9687766" lon="76.4759804" />
  <node id="12480011954" timestamp="2025-01-07T08:31:19Z" uid="22355679" user="Nikita2445" visible="true" version="1" changeset="161086508" lat="30.9687827" lon="76.4760193" />
  <node id="12480011955" timestamp="2025-01-07T08:31:19Z" uid="22355679" user="Nikita2445" visible="true" version="1" changeset="161086508" lat="30.968722" lon="76.4760264" />
  <node id="12480011956" timestamp="2025-01-07T08:31:19Z" uid="22355679" user="Nikita2445" visible="true" version="1" changeset="161086508" lat="30.968716" lon="76.4759892" />
  <node id="12480011957" timestamp="2025-01-07T08:31:19Z" uid="22355679" user="Nikita2445" visible="true" version="1" changeset="161086508" lat="30.9686856" lon="76.4759945" />
  <node id="12480011958" timestamp="2025-01-07T08:31:19Z" uid="22355679" user="Nikita2445" visible="true" version="1" changeset="161086508" lat="30.9686902" lon="76.4760211" />
  <node id="12480011961" timestamp="2025-01-07T08:31:19Z" uid="22355679" user="Nikita2445" visible="true" version="1" changeset="161086508" lat="30.9686902" lon="76.4759326" />
  <node id="12480011962" timestamp="2025-01-07T08:31:19Z" uid="22355679" user="Nikita2445" visible="true" version="1" changeset="161086508" lat="30.968678" lon="76.4757538" />
  <node id="12480011963" timestamp="2025-01-07T08:31:19Z" uid="22355679" user="Nikita2445" visible="true" version="1" changeset="161086508" lat="30.9686264" lon="76.4757485" />
  <node id="12480011964" timestamp="2025-01-07T08:31:19Z" uid="22355679" user="Nikita2445" visible="true" version="1" changeset="161086508" lat="30.9686234" lon="76.4755751" />
  <node id="12480011965" timestamp="2025-01-07T08:31:19Z" uid="22355679" user="Nikita2445" visible="true" version="1" changeset="161086508" lat="30.9686583" lon="76.4755733" />
  <node id="12480011966" timestamp="2025-01-07T08:31:19Z" uid="22355679" user="Nikita2445" visible="true" version="1" changeset="161086508" lat="30.9686613" lon="76.4755468" />
  <node id="12480011967" timestamp="2025-01-07T08:31:19Z" uid="22355679" user="Nikita2445" visible="true" version="1" changeset="161086508" lat="30.9686234" lon="76.4755397" />
  <node id="12480011968" timestamp="2025-01-07T08:31:19Z" uid="22355679" user="Nikita2445" visible="true" version="1" changeset="161086508" lat="30.9686204" lon="76.4754141" />
  <node id="12480011969" timestamp="2025-01-07T08:31:19Z" uid="22355679" user="Nikita2445" visible="true" version="1" changeset="161086508" lat="30.9687615" lon="76.4754105" />
  <node id="12480011970" timestamp="2025-01-07T08:31:19Z" uid="22355679" user="Nikita2445" visible="true" version="1" changeset="161086508" lat="30.9687584" lon="76.4755291" />
  <node id="12480033662" timestamp="2025-01-07T08:44:30Z" uid="22355679" user="Nikita2445" visible="true" version="1" changeset="161086844" lat="30.9682768" lon="76.468265" />
  <node id="12480033663" timestamp="2025-01-07T08:44:30Z" uid="22355679" user="Nikita2445" visible="true" version="1" changeset="161086844" lat="30.9682688" lon="76.4681156" />
  <node id="12480033664" timestamp="2025-01-07T08:44:30Z" uid="22355679" user="Nikita2445" visible="true" version="1" changeset="161086844" lat="30.9682368" lon="76.4681016" />
  <node id="12480033665" timestamp="2025-01-07T08:44:30Z" uid="22355679" user="Nikita2445" visible="true" version="1" changeset="161086844" lat="30.9682528" lon="76.4680455" />
  <node id="12480033666" timestamp="2025-01-07T08:44:30Z" uid="22355679" user="Nikita2445" visible="true" version="1" changeset="161086844" lat="30.9688414" lon="76.4681203" />
  <node id="12480033667" timestamp="2025-01-07T08:44:30Z" uid="22355679" user="Nikita2445" visible="true" version="1" changeset="161086844" lat="30.9688374" lon="76.4681763" />
  <node id="12480033668" timestamp="2025-01-07T08:44:30Z" uid="22355679" user="Nikita2445" visible="true" version="1" changeset="161086844" lat="30.9691778" lon="76.468195" />
  <node id="12480033669" timestamp="2025-01-07T08:44:30Z" uid="22355679" user="Nikita2445" visible="true" version="1" changeset="161086844" lat="30.9682728" lon="76.4690823" />
  <node id="12480033670" timestamp="2025-01-07T08:44:30Z" uid="22355679" user="Nikita2445" visible="true" version="1" changeset="161086844" lat="30.9682728" lon="76.4688908" />
  <node id="12480033671" timestamp="2025-01-07T08:44:30Z" uid="22355679" user="Nikita2445" visible="true" version="1" changeset="161086844" lat="30.9685171" lon="76.4688534" />
  <node id="12480033672" timestamp="2025-01-07T08:44:30Z" uid="22355679" user="Nikita2445" visible="true" version="1" changeset="161086844" lat="30.9685131" lon="76.4687834" />
  <node id="12480033673" timestamp="2025-01-07T08:44:30Z" uid="22355679" user="Nikita2445" visible="true" version="1" changeset="161086844" lat="30.9688214" lon="76.4687507" />
  <node id="12480033674" timestamp="2025-01-07T08:44:30Z" uid="22355679" user="Nikita2445" visible="true" version="1" changeset="161086844" lat="30.9688134" lon="76.4686433" />
  <node id="12480033675" timestamp="2025-01-07T08:44:30Z" uid="22355679" user="Nikita2445" visible="true" version="1" changeset="161086844" lat="30.9687533" lon="76.4686013" />
  <node id="12480033676" timestamp="2025-01-07T08:44:30Z" uid="22355679" user="Nikita2445" visible="true" version="1" changeset="161086844" lat="30.9687493" lon="76.4685546" />
  <node id="12480033677" timestamp="2025-01-07T08:44:30Z" uid="22355679" user="Nikita2445" visible="true" version="1" changeset="161086844" lat="30.9687974" lon="76.4684892" />
  <node id="12480033678" timestamp="2025-01-07T08:44:30Z" uid="22355679" user="Nikita2445" visible="true" version="1" changeset="161086844" lat="30.9688054" lon="76.4683678" />
  <node id="12480033679" timestamp="2025-01-07T08:44:30Z" uid="22355679" user="Nikita2445" visible="true" version="1" changeset="161086844" lat="30.9685411" lon="76.4683584" />
  <node id="12480033680" timestamp="2025-01-07T08:44:30Z" uid="22355679" user="Nikita2445" visible="true" version="1" changeset="161086844" lat="30.9685131" lon="76.468293" />
  <node id="12480392461" timestamp="2025-01-07T12:41:28Z" uid="22355679" user="Nikita2445" visible="true" version="1" changeset="161093922" lat="30.9685095" lon="76.4704163" />
  <node id="12480392462" timestamp="2025-01-07T12:41:28Z" uid="22355679" user="Nikita2445" visible="true" version="1" changeset="161093922" lat="30.9685256" lon="76.470191" />
  <node id="12480392463" timestamp="2025-01-07T12:41:28Z" uid="22355679" user="Nikita2445" visible="true" version="1" changeset="161093922" lat="30.96905" lon="76.4702553" />
  <node id="12480392464" timestamp="2025-01-07T12:41:28Z" uid="22355679" user="Nikita2445" visible="true" version="1" changeset="161093922" lat="30.9690385" lon="76.4710251" />
  <node id="12480392465" timestamp="2025-01-07T12:41:28Z" uid="22355679" user="Nikita2445" visible="true" version="1" changeset="161093922" lat="30.9688545" lon="76.4710332" />
  <node id="12480392466" timestamp="2025-01-07T12:41:28Z" uid="22355679" user="Nikita2445" visible="true" version="1" changeset="161093922" lat="30.9688292" lon="76.4704431" />
  <node id="12480392467" timestamp="2025-01-07T12:41:28Z" uid="22355679" user="Nikita2445" visible="true" version="1" changeset="161093922" lat="30.9686521" lon="76.4704243" />
  <node id="12480392468" timestamp="2025-01-07T12:41:28Z" uid="22355679" user="Nikita2445" visible="true" version="1" changeset="161093922" lat="30.9686544" lon="76.4705289" />
  <node id="12480392469" timestamp="2025-01-07T12:41:28Z" uid="22355679" user="Nikita2445" visible="true" version="1" changeset="161093922" lat="30.9687188" lon="76.4705263" />
  <node id="12480392470" timestamp="2025-01-07T12:41:28Z" uid="22355679" user="Nikita2445" visible="true" version="1" changeset="161093922" lat="30.9687257" lon="76.4708642" />
  <node id="12480392471" timestamp="2025-01-07T12:41:28Z" uid="22355679" user="Nikita2445" visible="true" version="1" changeset="161093922" lat="30.9685946" lon="76.4708669" />
  <node id="12480392472" timestamp="2025-01-07T12:41:28Z" uid="22355679" user="Nikita2445" visible="true" version="1" changeset="161093922" lat="30.96859" lon="76.4707301" />
  <node id="12480392473" timestamp="2025-01-07T12:41:28Z" uid="22355679" user="Nikita2445" visible="true" version="1" changeset="161093922" lat="30.9686429" lon="76.4707274" />
  <node id="12480392474" timestamp="2025-01-07T12:41:28Z" uid="22355679" user="Nikita2445" visible="true" version="1" changeset="161093922" lat="30.9686452" lon="76.4706952" />
  <node id="12480392475" timestamp="2025-01-07T12:41:28Z" uid="22355679" user="Nikita2445" visible="true" version="1" changeset="161093922" lat="30.9685992" lon="76.4706952" />
  <node id="12480392476" timestamp="2025-01-07T12:41:28Z" uid="22355679" user="Nikita2445" visible="true" version="1" changeset="161093922" lat="30.9685969" lon="76.470537" />
  <node id="12480392477" timestamp="2025-01-07T12:41:28Z" uid="22355679" user="Nikita2445" visible="true" version="1" changeset="161093922" lat="30.9686245" lon="76.4705289" />
  <node id="12480392478" timestamp="2025-01-07T12:41:28Z" uid="22355679" user="Nikita2445" visible="true" version="1" changeset="161093922" lat="30.9686245" lon="76.4704324" />
  <node id="12480392479" timestamp="2025-01-07T12:41:28Z" uid="22355679" user="Nikita2445" visible="true" version="1" changeset="161093922" lat="30.968629" lon="76.4711674" />
  <node id="12480392480" timestamp="2025-01-07T12:41:28Z" uid="22355679" user="Nikita2445" visible="true" version="1" changeset="161093922" lat="30.9687474" lon="76.4711607" />
  <node id="12480392481" timestamp="2025-01-07T12:41:28Z" uid="22355679" user="Nikita2445" visible="true" version="1" changeset="161093922" lat="30.9687819" lon="76.4719372" />
  <node id="12480392482" timestamp="2025-01-07T12:41:28Z" uid="22355679" user="Nikita2445" visible="true" version="1" changeset="161093922" lat="30.9682759" lon="76.4719841" />
  <node id="12480392483" timestamp="2025-01-07T12:41:28Z" uid="22355679" user="Nikita2445" visible="true" version="1" changeset="161093922" lat="30.9682805" lon="76.4718084" />
  <node id="12480392484" timestamp="2025-01-07T12:41:28Z" uid="22355679" user="Nikita2445" visible="true" version="1" changeset="161093922" lat="30.9683127" lon="76.4718004" />
  <node id="12480392485" timestamp="2025-01-07T12:41:28Z" uid="22355679" user="Nikita2445" visible="true" version="1" changeset="161093922" lat="30.9683231" lon="76.4718339" />
  <node id="12480392486" timestamp="2025-01-07T12:41:28Z" uid="22355679" user="Nikita2445" visible="true" version="1" changeset="161093922" lat="30.9685393" lon="76.4718004" />
  <node id="12480392487" timestamp="2025-01-07T12:41:28Z" uid="22355679" user="Nikita2445" visible="true" version="1" changeset="161093922" lat="30.9685335" lon="76.4717441" />
  <node id="12480392488" timestamp="2025-01-07T12:41:28Z" uid="22355679" user="Nikita2445" visible="true" version="1" changeset="161093922" lat="30.9686014" lon="76.471736" />
  <node id="12480392489" timestamp="2025-01-07T12:41:28Z" uid="22355679" user="Nikita2445" visible="true" version="1" changeset="161093922" lat="30.9685979" lon="76.4716609" />
  <node id="12480392490" timestamp="2025-01-07T12:41:28Z" uid="22355679" user="Nikita2445" visible="true" version="1" changeset="161093922" lat="30.968637" lon="76.4716515" />
  <node id="12480392491" timestamp="2025-01-07T12:41:28Z" uid="22355679" user="Nikita2445" visible="true" version="1" changeset="161093922" lat="30.9686347" lon="76.4715751" />
  <node id="12480392492" timestamp="2025-01-07T12:41:28Z" uid="22355679" user="Nikita2445" visible="true" version="1" changeset="161093922" lat="30.9686002" lon="76.4715818" />
  <node id="12480392493" timestamp="2025-01-07T12:41:28Z" uid="22355679" user="Nikita2445" visible="true" version="1" changeset="161093922" lat="30.9685749" lon="76.4716006" />
  <node id="12480392494" timestamp="2025-01-07T12:41:28Z" uid="22355679" user="Nikita2445" visible="true" version="1" changeset="161093922" lat="30.9685531" lon="76.4716287" />
  <node id="12480392495" timestamp="2025-01-07T12:41:28Z" uid="22355679" user="Nikita2445" visible="true" version="1" changeset="161093922" lat="30.9685312" lon="76.4716596" />
  <node id="12480392496" timestamp="2025-01-07T12:41:28Z" uid="22355679" user="Nikita2445" visible="true" version="1" changeset="161093922" lat="30.9685151" lon="76.4716904" />
  <node id="12480392497" timestamp="2025-01-07T12:41:28Z" uid="22355679" user="Nikita2445" visible="true" version="1" changeset="161093922" lat="30.9685025" lon="76.4717266" />
  <node id="12480392498" timestamp="2025-01-07T12:41:28Z" uid="22355679" user="Nikita2445" visible="true" version="1" changeset="161093922" lat="30.9684933" lon="76.4717695" />
  <node id="12480392499" timestamp="2025-01-07T12:41:28Z" uid="22355679" user="Nikita2445" visible="true" version="1" changeset="161093922" lat="30.9684933" lon="76.4717991" />
  <node id="12480392500" timestamp="2025-01-07T12:41:28Z" uid="22355679" user="Nikita2445" visible="true" version="1" changeset="161093922" lat="30.9683806" lon="76.4718151" />
  <node id="12480399801" timestamp="2025-01-07T12:41:28Z" uid="22355679" user="Nikita2445" visible="true" version="1" changeset="161093922" lat="30.9683806" lon="76.4716354" />
  <node id="12480399802" timestamp="2025-01-07T12:41:28Z" uid="22355679" user="Nikita2445" visible="true" version="1" changeset="161093922" lat="30.9684059" lon="76.471618" />
  <node id="12480399803" timestamp="2025-01-07T12:41:28Z" uid="22355679" user="Nikita2445" visible="true" version="1" changeset="161093922" lat="30.9684323" lon="76.4715965" />
  <node id="12480399804" timestamp="2025-01-07T12:41:28Z" uid="22355679" user="Nikita2445" visible="true" version="1" changeset="161093922" lat="30.968453" lon="76.4715724" />
  <node id="12480399805" timestamp="2025-01-07T12:41:28Z" uid="22355679" user="Nikita2445" visible="true" version="1" changeset="161093922" lat="30.9684703" lon="76.4715389" />
  <node id="12480399806" timestamp="2025-01-07T12:41:28Z" uid="22355679" user="Nikita2445" visible="true" version="1" changeset="161093922" lat="30.9684852" lon="76.4715" />
  <node id="12480399807" timestamp="2025-01-07T12:41:28Z" uid="22355679" user="Nikita2445" visible="true" version="1" changeset="161093922" lat="30.9684898" lon="76.4714678" />
  <node id="12480399808" timestamp="2025-01-07T12:41:28Z" uid="22355679" user="Nikita2445" visible="true" version="1" changeset="161093922" lat="30.9684921" lon="76.4714302" />
  <node id="12480399809" timestamp="2025-01-07T12:41:28Z" uid="22355679" user="Nikita2445" visible="true" version="1" changeset="161093922" lat="30.9684438" lon="76.4714155" />
  <node id="12480399810" timestamp="2025-01-07T12:41:28Z" uid="22355679" user="Nikita2445" visible="true" version="1" changeset="161093922" lat="30.9684427" lon="76.4713699" />
  <node id="12480399811" timestamp="2025-01-07T12:41:28Z" uid="22355679" user="Nikita2445" visible="true" version="1" changeset="161093922" lat="30.9686347" lon="76.4713632" />
  <node id="12480399812" timestamp="2025-01-07T12:41:28Z" uid="22355679" user="Nikita2445" visible="true" version="1" changeset="161093922" lat="30.9684381" lon="76.4713619" />
  <node id="12480399813" timestamp="2025-01-07T12:41:28Z" uid="22355679" user="Nikita2445" visible="true" version="1" changeset="161093922" lat="30.9684335" lon="76.4712318" />
  <node id="12480399814" timestamp="2025-01-07T12:41:28Z" uid="22355679" user="Nikita2445" visible="true" version="1" changeset="161093922" lat="30.9683012" lon="76.4712425" />
  <node id="12480399815" timestamp="2025-01-07T12:41:28Z" uid="22355679" user="Nikita2445" visible="true" version="1" changeset="161093922" lat="30.9682989" lon="76.4713833" />
  <node id="12480399816" timestamp="2025-01-07T12:41:28Z" uid="22355679" user="Nikita2445" visible="true" version="1" changeset="161093922" lat="30.9683311" lon="76.471382" />
  <node id="12480399817" timestamp="2025-01-07T12:41:28Z" uid="22355679" user="Nikita2445" visible="true" version="1" changeset="161093922" lat="30.9683311" lon="76.4714356" />
  <node id="12480399818" timestamp="2025-01-07T12:41:28Z" uid="22355679" user="Nikita2445" visible="true" version="1" changeset="161093922" lat="30.9682943" lon="76.471441" />
  <node id="12480399819" timestamp="2025-01-07T12:41:28Z" uid="22355679" user="Nikita2445" visible="true" version="1" changeset="161093922" lat="30.9682978" lon="76.4716408" />
  <node id="12480399820" timestamp="2025-01-07T12:41:28Z" uid="22355679" user="Nikita2445" visible="true" version="1" changeset="161093922" lat="30.9683484" lon="76.4716381" />
  <node id="12480399821" timestamp="2025-01-07T12:41:28Z" uid="22355679" user="Nikita2445" visible="true" version="1" changeset="161093922" lat="30.9683484" lon="76.4718192" />
  <node id="12480399822" timestamp="2025-01-07T12:41:28Z" uid="22355679" user="Nikita2445" visible="true" version="1" changeset="161093922" lat="30.9683771" lon="76.4715751" />
  <node id="12480399823" timestamp="2025-01-07T12:41:28Z" uid="22355679" user="Nikita2445" visible="true" version="1" changeset="161093922" lat="30.9684335" lon="76.4715764" />
  <node id="12480399824" timestamp="2025-01-07T12:41:28Z" uid="22355679" user="Nikita2445" visible="true" version="1" changeset="161093922" lat="30.967372" lon="76.4698192" />
  <node id="12480399825" timestamp="2025-01-07T12:41:28Z" uid="22355679" user="Nikita2445" visible="true" version="1" changeset="161093922" lat="30.9673737" lon="76.4699188" />
  <node id="12480399826" timestamp="2025-01-07T12:41:28Z" uid="22355679" user="Nikita2445" visible="true" version="1" changeset="161093922" lat="30.9674277" lon="76.4699188" />
  <node id="12480399827" timestamp="2025-01-07T12:41:28Z" uid="22355679" user="Nikita2445" visible="true" version="1" changeset="161093922" lat="30.9674347" lon="76.4700347" />
  <node id="12480399828" timestamp="2025-01-07T12:41:28Z" uid="22355679" user="Nikita2445" visible="true" version="1" changeset="161093922" lat="30.967623" lon="76.4700347" />
  <node id="12480399829" timestamp="2025-01-07T12:41:28Z" uid="22355679" user="Nikita2445" visible="true" version="1" changeset="161093922" lat="30.9676247" lon="76.4700713" />
  <node id="12480399830" timestamp="2025-01-07T12:41:28Z" uid="22355679" user="Nikita2445" visible="true" version="1" changeset="161093922" lat="30.9677659" lon="76.4700754" />
  <node id="12480399831" timestamp="2025-01-07T12:41:28Z" uid="22355679" user="Nikita2445" visible="true" version="1" changeset="161093922" lat="30.9677676" lon="76.4700245" />
  <node id="12480399832" timestamp="2025-01-07T12:41:28Z" uid="22355679" user="Nikita2445" visible="true" version="1" changeset="161093922" lat="30.9679594" lon="76.4700306" />
  <node id="12480399833" timestamp="2025-01-07T12:41:28Z" uid="22355679" user="Nikita2445" visible="true" version="1" changeset="161093922" lat="30.9679541" lon="76.4699026" />
  <node id="12480399834" timestamp="2025-01-07T12:41:28Z" uid="22355679" user="Nikita2445" visible="true" version="1" changeset="161093922" lat="30.9680326" lon="76.4699046" />
  <node id="12480399835" timestamp="2025-01-07T12:41:28Z" uid="22355679" user="Nikita2445" visible="true" version="1" changeset="161093922" lat="30.9680395" lon="76.4698477" />
  <node id="12480399836" timestamp="2025-01-07T12:41:28Z" uid="22355679" user="Nikita2445" visible="true" version="1" changeset="161093922" lat="30.9680604" lon="76.4698213" />
  <node id="12480399837" timestamp="2025-01-07T12:41:28Z" uid="22355679" user="Nikita2445" visible="true" version="1" changeset="161093922" lat="30.9680587" lon="76.4697847" />
  <node id="12480399838" timestamp="2025-01-07T12:41:28Z" uid="22355679" user="Nikita2445" visible="true" version="1" changeset="161093922" lat="30.9680413" lon="76.4697562" />
  <node id="12480399839" timestamp="2025-01-07T12:41:28Z" uid="22355679" user="Nikita2445" visible="true" version="1" changeset="161093922" lat="30.9680151" lon="76.4697379" />
  <node id="12480399840" timestamp="2025-01-07T12:41:28Z" uid="22355679" user="Nikita2445" visible="true" version="1" changeset="161093922" lat="30.9679716" lon="76.469744" />
  <node id="12480399841" timestamp="2025-01-07T12:41:28Z" uid="22355679" user="Nikita2445" visible="true" version="1" changeset="161093922" lat="30.9679576" lon="76.4697806" />
  <node id="12480399842" timestamp="2025-01-07T12:41:28Z" uid="22355679" user="Nikita2445" visible="true" version="1" changeset="161093922" lat="30.9674887" lon="76.4697847" />
  <node id="12480399843" timestamp="2025-01-07T12:41:28Z" uid="22355679" user="Nikita2445" visible="true" version="1" changeset="161093922" lat="30.9674765" lon="76.4698213" />
  <node id="12480399844" timestamp="2025-01-07T13:45:03Z" uid="22355679" user="Nikita2445" visible="true" version="2" changeset="161096212" lat="30.9669325" lon="76.4697537" />
  <node id="12480399845" timestamp="2025-01-07T13:45:03Z" uid="22355679" user="Nikita2445" visible="true" version="2" changeset="161096212" lat="30.9669274" lon="76.4695654" />
  <node id="12480399846" timestamp="2025-01-07T12:41:28Z" uid="22355679" user="Nikita2445" visible="true" version="1" changeset="161093922" lat="30.9665743" lon="76.4695783" />
  <node id="12480399847" timestamp="2025-01-07T12:41:28Z" uid="22355679" user="Nikita2445" visible="true" version="1" changeset="161093922" lat="30.9666594" lon="76.4694845" />
  <node id="12480399848" timestamp="2025-01-07T12:41:28Z" uid="22355679" user="Nikita2445" visible="true" version="1" changeset="161093922" lat="30.9666617" lon="76.4694228" />
  <node id="12480399849" timestamp="2025-01-07T12:41:28Z" uid="22355679" user="Nikita2445" visible="true" version="1" changeset="161093922" lat="30.9665858" lon="76.4693477" />
  <node id="12480399850" timestamp="2025-01-07T12:41:28Z" uid="22355679" user="Nikita2445" visible="true" version="1" changeset="161093922" lat="30.9669124" lon="76.4693369" />
  <node id="12480399851" timestamp="2025-01-07T12:41:28Z" uid="22355679" user="Nikita2445" visible="true" version="1" changeset="161093922" lat="30.967009" lon="76.4694147" />
  <node id="12480399852" timestamp="2025-01-07T12:41:28Z" uid="22355679" user="Nikita2445" visible="true" version="1" changeset="161093922" lat="30.9672022" lon="76.4694094" />
  <node id="12480399853" timestamp="2025-01-07T12:41:28Z" uid="22355679" user="Nikita2445" visible="true" version="1" changeset="161093922" lat="30.9671148" lon="76.4694898" />
  <node id="12480399854" timestamp="2025-01-07T12:41:28Z" uid="22355679" user="Nikita2445" visible="true" version="1" changeset="161093922" lat="30.9671102" lon="76.4695649" />
  <node id="12480399855" timestamp="2025-01-07T12:41:28Z" uid="22355679" user="Nikita2445" visible="true" version="1" changeset="161093922" lat="30.9672137" lon="76.4696669" />
  <node id="12480399856" timestamp="2025-01-07T12:41:28Z" uid="22355679" user="Nikita2445" visible="true" version="1" changeset="161093922" lat="30.9670642" lon="76.4696669" />
  <node id="12480399857" timestamp="2025-01-07T12:41:28Z" uid="22355679" user="Nikita2445" visible="true" version="1" changeset="161093922" lat="30.967009" lon="76.4695998" />
  <node id="12480399858" timestamp="2025-01-07T13:45:03Z" uid="22355679" user="Nikita2445" visible="true" version="2" changeset="161096212" lat="30.9669748" lon="76.4696" />
  <node id="12480399859" timestamp="2025-01-07T13:45:03Z" uid="22355679" user="Nikita2445" visible="true" version="2" changeset="161096212" lat="30.9669757" lon="76.4697785" />
  <node id="12480399860" timestamp="2025-01-07T12:41:28Z" uid="22355679" user="Nikita2445" visible="true" version="1" changeset="161093922" lat="30.9672183" lon="76.4697768" />
  <node id="12480399861" timestamp="2025-01-07T12:41:28Z" uid="22355679" user="Nikita2445" visible="true" version="1" changeset="161093922" lat="30.9671516" lon="76.4698439" />
  <node id="12480399862" timestamp="2025-01-07T12:41:28Z" uid="22355679" user="Nikita2445" visible="true" version="1" changeset="161093922" lat="30.9671562" lon="76.469919" />
  <node id="12480399863" timestamp="2025-01-07T12:41:28Z" uid="22355679" user="Nikita2445" visible="true" version="1" changeset="161093922" lat="30.9672252" lon="76.4699968" />
  <node id="12480399864" timestamp="2025-01-07T13:45:03Z" uid="22355679" user="Nikita2445" visible="true" version="2" changeset="161096212" lat="30.9670177" lon="76.4699988" />
  <node id="12480399865" timestamp="2025-01-07T13:45:03Z" uid="22355679" user="Nikita2445" visible="true" version="2" changeset="161096212" lat="30.9670186" lon="76.4701251" />
  <node id="12480399866" timestamp="2025-01-07T12:41:28Z" uid="22355679" user="Nikita2445" visible="true" version="1" changeset="161093922" lat="30.9672597" lon="76.4701228" />
  <node id="12480399867" timestamp="2025-01-07T12:41:28Z" uid="22355679" user="Nikita2445" visible="true" version="1" changeset="161093922" lat="30.9671769" lon="76.4702113" />
  <node id="12480399868" timestamp="2025-01-07T12:41:28Z" uid="22355679" user="Nikita2445" visible="true" version="1" changeset="161093922" lat="30.9671792" lon="76.4702677" />
  <node id="12480399869" timestamp="2025-01-07T12:41:28Z" uid="22355679" user="Nikita2445" visible="true" version="1" changeset="161093922" lat="30.967262" lon="76.4703455" />
  <node id="12480399870" timestamp="2025-01-07T12:41:28Z" uid="22355679" user="Nikita2445" visible="true" version="1" changeset="161093922" lat="30.9670136" lon="76.4703535" />
  <node id="12480399871" timestamp="2025-01-07T12:41:28Z" uid="22355679" user="Nikita2445" visible="true" version="1" changeset="161093922" lat="30.96694" lon="76.4704152" />
  <node id="12480399872" timestamp="2025-01-07T12:41:28Z" uid="22355679" user="Nikita2445" visible="true" version="1" changeset="161093922" lat="30.9666111" lon="76.4704259" />
  <node id="12480399873" timestamp="2025-01-07T12:41:28Z" uid="22355679" user="Nikita2445" visible="true" version="1" changeset="161093922" lat="30.9666778" lon="76.4703347" />
  <node id="12480399874" timestamp="2025-01-07T12:41:28Z" uid="22355679" user="Nikita2445" visible="true" version="1" changeset="161093922" lat="30.9666824" lon="76.4702569" />
  <node id="12480399875" timestamp="2025-01-07T12:41:28Z" uid="22355679" user="Nikita2445" visible="true" version="1" changeset="161093922" lat="30.9665973" lon="76.4701684" />
  <node id="12480399876" timestamp="2025-01-07T13:45:03Z" uid="22355679" user="Nikita2445" visible="true" version="2" changeset="161096212" lat="30.9669399" lon="76.4701449" />
  <node id="12480399877" timestamp="2025-01-07T13:45:03Z" uid="22355679" user="Nikita2445" visible="true" version="2" changeset="161096212" lat="30.9669331" lon="76.4700093" />
  <node id="12480399878" timestamp="2025-01-07T12:41:28Z" uid="22355679" user="Nikita2445" visible="true" version="1" changeset="161093922" lat="30.9666088" lon="76.4700316" />
  <node id="12480399879" timestamp="2025-01-07T12:41:28Z" uid="22355679" user="Nikita2445" visible="true" version="1" changeset="161093922" lat="30.966687" lon="76.4699351" />
  <node id="12480399880" timestamp="2025-01-07T12:41:28Z" uid="22355679" user="Nikita2445" visible="true" version="1" changeset="161093922" lat="30.9666847" lon="76.46986" />
  <node id="12480399881" timestamp="2025-01-07T12:41:28Z" uid="22355679" user="Nikita2445" visible="true" version="1" changeset="161093922" lat="30.9665927" lon="76.4697661" />
  <node id="12480399882" timestamp="2025-01-07T12:41:28Z" uid="22355679" user="Nikita2445" visible="true" version="1" changeset="161093922" lat="30.9659878" lon="76.4710069" />
  <node id="12480399883" timestamp="2025-01-07T12:41:28Z" uid="22355679" user="Nikita2445" visible="true" version="1" changeset="161093922" lat="30.9660599" lon="76.4709252" />
  <node id="12480399884" timestamp="2025-01-07T12:41:28Z" uid="22355679" user="Nikita2445" visible="true" version="1" changeset="161093922" lat="30.9662942" lon="76.4711633" />
  <node id="12480399885" timestamp="2025-01-07T12:41:28Z" uid="22355679" user="Nikita2445" visible="true" version="1" changeset="161093922" lat="30.9662962" lon="76.4712567" />
  <node id="12480399886" timestamp="2025-01-07T12:41:28Z" uid="22355679" user="Nikita2445" visible="true" version="1" changeset="161093922" lat="30.9663342" lon="76.4712567" />
  <node id="12480399887" timestamp="2025-01-07T12:41:28Z" uid="22355679" user="Nikita2445" visible="true" version="1" changeset="161093922" lat="30.9663342" lon="76.4714085" />
  <node id="12480399888" timestamp="2025-01-07T12:41:28Z" uid="22355679" user="Nikita2445" visible="true" version="1" changeset="161093922" lat="30.9662962" lon="76.4714108" />
  <node id="12480399889" timestamp="2025-01-07T12:41:28Z" uid="22355679" user="Nikita2445" visible="true" version="1" changeset="161093922" lat="30.9662962" lon="76.4714972" />
  <node id="12480399890" timestamp="2025-01-07T12:41:28Z" uid="22355679" user="Nikita2445" visible="true" version="1" changeset="161093922" lat="30.9660699" lon="76.4717214" />
  <node id="12480399891" timestamp="2025-01-07T12:41:28Z" uid="22355679" user="Nikita2445" visible="true" version="1" changeset="161093922" lat="30.9659858" lon="76.471621" />
  <node id="12480399892" timestamp="2025-01-07T12:41:28Z" uid="22355679" user="Nikita2445" visible="true" version="1" changeset="161093922" lat="30.968162" lon="76.4666949" />
  <node id="12480399893" timestamp="2025-01-07T12:41:28Z" uid="22355679" user="Nikita2445" visible="true" version="1" changeset="161093922" lat="30.9681589" lon="76.4665675" />
  <node id="12480399894" timestamp="2025-01-07T12:41:28Z" uid="22355679" user="Nikita2445" visible="true" version="1" changeset="161093922" lat="30.9681195" lon="76.4665427" />
  <node id="12480399895" timestamp="2025-01-07T12:41:28Z" uid="22355679" user="Nikita2445" visible="true" version="1" changeset="161093922" lat="30.9681225" lon="76.4664825" />
  <node id="12480399896" timestamp="2025-01-07T12:41:28Z" uid="22355679" user="Nikita2445" visible="true" version="1" changeset="161093922" lat="30.9682591" lon="76.4665179" />
  <node id="12480399897" timestamp="2025-01-07T12:41:28Z" uid="22355679" user="Nikita2445" visible="true" version="1" changeset="161093922" lat="30.9682773" lon="76.4664861" />
  <node id="12480399898" timestamp="2025-01-07T12:41:28Z" uid="22355679" user="Nikita2445" visible="true" version="1" changeset="161093922" lat="30.9687507" lon="76.4665498" />
  <node id="12480399899" timestamp="2025-01-07T12:41:28Z" uid="22355679" user="Nikita2445" visible="true" version="1" changeset="161093922" lat="30.9687537" lon="76.4665958" />
  <node id="12480399900" timestamp="2025-01-07T12:41:28Z" uid="22355679" user="Nikita2445" visible="true" version="1" changeset="161093922" lat="30.9690784" lon="76.4666347" />
  <node id="12480399901" timestamp="2025-01-07T12:41:28Z" uid="22355679" user="Nikita2445" visible="true" version="1" changeset="161093922" lat="30.9690815" lon="76.4668435" />
  <node id="12480399902" timestamp="2025-01-07T12:41:28Z" uid="22355679" user="Nikita2445" visible="true" version="1" changeset="161093922" lat="30.9690511" lon="76.4668435" />
  <node id="12480399903" timestamp="2025-01-07T12:41:28Z" uid="22355679" user="Nikita2445" visible="true" version="1" changeset="161093922" lat="30.9690724" lon="76.4671514" />
  <node id="12480399904" timestamp="2025-01-07T12:41:28Z" uid="22355679" user="Nikita2445" visible="true" version="1" changeset="161093922" lat="30.9691452" lon="76.4671585" />
  <node id="12480399905" timestamp="2025-01-07T12:41:28Z" uid="22355679" user="Nikita2445" visible="true" version="1" changeset="161093922" lat="30.9691664" lon="76.4673921" />
  <node id="12480399906" timestamp="2025-01-07T12:41:28Z" uid="22355679" user="Nikita2445" visible="true" version="1" changeset="161093922" lat="30.9688357" lon="76.4674346" />
  <node id="12480399907" timestamp="2025-01-07T12:41:28Z" uid="22355679" user="Nikita2445" visible="true" version="1" changeset="161093922" lat="30.9688417" lon="76.4674664" />
  <node id="12480399908" timestamp="2025-01-07T12:41:28Z" uid="22355679" user="Nikita2445" visible="true" version="1" changeset="161093922" lat="30.9682378" lon="76.4675514" />
  <node id="12480399909" timestamp="2025-01-07T12:41:28Z" uid="22355679" user="Nikita2445" visible="true" version="1" changeset="161093922" lat="30.9682348" lon="76.4674593" />
  <node id="12480399910" timestamp="2025-01-07T12:41:28Z" uid="22355679" user="Nikita2445" visible="true" version="1" changeset="161093922" lat="30.9682591" lon="76.4674452" />
  <node id="12480399911" timestamp="2025-01-07T12:41:28Z" uid="22355679" user="Nikita2445" visible="true" version="1" changeset="161093922" lat="30.968253" lon="76.4673284" />
  <node id="12480399912" timestamp="2025-01-07T12:41:28Z" uid="22355679" user="Nikita2445" visible="true" version="1" changeset="161093922" lat="30.9685049" lon="76.4673072" />
  <node id="12480399913" timestamp="2025-01-07T12:41:28Z" uid="22355679" user="Nikita2445" visible="true" version="1" changeset="161093922" lat="30.9685049" lon="76.4672364" />
  <node id="12480399914" timestamp="2025-01-07T12:41:28Z" uid="22355679" user="Nikita2445" visible="true" version="1" changeset="161093922" lat="30.9688053" lon="76.4671974" />
  <node id="12480399915" timestamp="2025-01-07T12:41:28Z" uid="22355679" user="Nikita2445" visible="true" version="1" changeset="161093922" lat="30.9688053" lon="76.4671019" />
  <node id="12480399916" timestamp="2025-01-07T12:41:28Z" uid="22355679" user="Nikita2445" visible="true" version="1" changeset="161093922" lat="30.9687294" lon="76.4671019" />
  <node id="12480399917" timestamp="2025-01-07T12:41:28Z" uid="22355679" user="Nikita2445" visible="true" version="1" changeset="161093922" lat="30.96869" lon="76.46707" />
  <node id="12480399918" timestamp="2025-01-07T12:41:28Z" uid="22355679" user="Nikita2445" visible="true" version="1" changeset="161093922" lat="30.9686566" lon="76.4670028" />
  <node id="12480399919" timestamp="2025-01-07T12:41:28Z" uid="22355679" user="Nikita2445" visible="true" version="1" changeset="161093922" lat="30.968693" lon="76.4669462" />
  <node id="12480399920" timestamp="2025-01-07T12:41:28Z" uid="22355679" user="Nikita2445" visible="true" version="1" changeset="161093922" lat="30.9687294" lon="76.4669178" />
  <node id="12480399921" timestamp="2025-01-07T12:41:28Z" uid="22355679" user="Nikita2445" visible="true" version="1" changeset="161093922" lat="30.9687264" lon="76.4668294" />
  <node id="12480399922" timestamp="2025-01-07T12:41:28Z" uid="22355679" user="Nikita2445" visible="true" version="1" changeset="161093922" lat="30.9684078" lon="76.4667869" />
  <node id="12480399923" timestamp="2025-01-07T12:41:28Z" uid="22355679" user="Nikita2445" visible="true" version="1" changeset="161093922" lat="30.9683987" lon="76.4667196" />
  <node id="12480399924" timestamp="2025-01-07T12:41:28Z" uid="22355679" user="Nikita2445" visible="true" version="1" changeset="161093922" lat="30.9681463" lon="76.4654465" />
  <node id="12480399925" timestamp="2025-01-07T12:41:28Z" uid="22355679" user="Nikita2445" visible="true" version="1" changeset="161093922" lat="30.9681524" lon="76.4652129" />
  <node id="12480399926" timestamp="2025-01-07T12:41:28Z" uid="22355679" user="Nikita2445" visible="true" version="1" changeset="161093922" lat="30.968732" lon="76.4652908" />
  <node id="12480399927" timestamp="2025-01-07T12:41:28Z" uid="22355679" user="Nikita2445" visible="true" version="1" changeset="161093922" lat="30.968738" lon="76.4653509" />
  <node id="12480399928" timestamp="2025-01-07T12:41:28Z" uid="22355679" user="Nikita2445" visible="true" version="1" changeset="161093922" lat="30.9690537" lon="76.4653793" />
  <node id="12480399929" timestamp="2025-01-07T12:41:28Z" uid="22355679" user="Nikita2445" visible="true" version="1" changeset="161093922" lat="30.9690628" lon="76.4655951" />
  <node id="12480399930" timestamp="2025-01-07T12:41:28Z" uid="22355679" user="Nikita2445" visible="true" version="1" changeset="161093922" lat="30.9690354" lon="76.4655951" />
  <node id="12480399931" timestamp="2025-01-07T12:41:28Z" uid="22355679" user="Nikita2445" visible="true" version="1" changeset="161093922" lat="30.9690446" lon="76.4659455" />
  <node id="12480399932" timestamp="2025-01-07T12:41:28Z" uid="22355679" user="Nikita2445" visible="true" version="1" changeset="161093922" lat="30.9690719" lon="76.4659384" />
  <node id="12480399933" timestamp="2025-01-07T12:41:28Z" uid="22355679" user="Nikita2445" visible="true" version="1" changeset="161093922" lat="30.9690628" lon="76.4661331" />
  <node id="12480399934" timestamp="2025-01-07T12:41:28Z" uid="22355679" user="Nikita2445" visible="true" version="1" changeset="161093922" lat="30.9687563" lon="76.466165" />
  <node id="12480399935" timestamp="2025-01-07T12:41:28Z" uid="22355679" user="Nikita2445" visible="true" version="1" changeset="161093922" lat="30.9687532" lon="76.4662039" />
  <node id="12480399936" timestamp="2025-01-07T12:41:28Z" uid="22355679" user="Nikita2445" visible="true" version="1" changeset="161093922" lat="30.9681645" lon="76.4662924" />
  <node id="12480399937" timestamp="2025-01-07T12:41:28Z" uid="22355679" user="Nikita2445" visible="true" version="1" changeset="161093922" lat="30.9681615" lon="76.4660694" />
  <node id="12480399938" timestamp="2025-01-07T12:41:28Z" uid="22355679" user="Nikita2445" visible="true" version="1" changeset="161093922" lat="30.9684012" lon="76.466034" />
  <node id="12480399939" timestamp="2025-01-07T12:41:28Z" uid="22355679" user="Nikita2445" visible="true" version="1" changeset="161093922" lat="30.9684194" lon="76.4659738" />
  <node id="12480399940" timestamp="2025-01-07T12:41:28Z" uid="22355679" user="Nikita2445" visible="true" version="1" changeset="161093922" lat="30.968732" lon="76.4659349" />
  <node id="12480399941" timestamp="2025-01-07T12:41:28Z" uid="22355679" user="Nikita2445" visible="true" version="1" changeset="161093922" lat="30.9687198" lon="76.4658146" />
  <node id="12480399942" timestamp="2025-01-07T12:41:28Z" uid="22355679" user="Nikita2445" visible="true" version="1" changeset="161093922" lat="30.9686834" lon="76.4657933" />
  <node id="12480399943" timestamp="2025-01-07T12:41:28Z" uid="22355679" user="Nikita2445" visible="true" version="1" changeset="161093922" lat="30.9686652" lon="76.4657615" />
  <node id="12480399944" timestamp="2025-01-07T12:41:28Z" uid="22355679" user="Nikita2445" visible="true" version="1" changeset="161093922" lat="30.9686683" lon="76.4657013" />
  <node id="12480399945" timestamp="2025-01-07T12:41:28Z" uid="22355679" user="Nikita2445" visible="true" version="1" changeset="161093922" lat="30.9687198" lon="76.4656588" />
  <node id="12480399946" timestamp="2025-01-07T12:41:28Z" uid="22355679" user="Nikita2445" visible="true" version="1" changeset="161093922" lat="30.9687229" lon="76.4655633" />
  <node id="12480399947" timestamp="2025-01-07T12:41:28Z" uid="22355679" user="Nikita2445" visible="true" version="1" changeset="161093922" lat="30.9683951" lon="76.4655279" />
  <node id="12480399948" timestamp="2025-01-07T12:41:28Z" uid="22355679" user="Nikita2445" visible="true" version="1" changeset="161093922" lat="30.9684012" lon="76.4654642" />
  <node id="12480399949" timestamp="2025-01-07T12:41:28Z" uid="22355679" user="Nikita2445" visible="true" version="1" changeset="161093922" lat="30.9667284" lon="76.4657417" />
  <node id="12480399950" timestamp="2025-01-07T12:41:28Z" uid="22355679" user="Nikita2445" visible="true" version="1" changeset="161093922" lat="30.9671329" lon="76.4657184" />
  <node id="12480399951" timestamp="2025-01-07T12:41:28Z" uid="22355679" user="Nikita2445" visible="true" version="1" changeset="161093922" lat="30.9670087" lon="76.4667925" />
  <node id="12480399952" timestamp="2025-01-07T12:41:28Z" uid="22355679" user="Nikita2445" visible="true" version="1" changeset="161093922" lat="30.9667204" lon="76.4666337" />
  <node id="12480399953" timestamp="2025-01-07T12:41:28Z" uid="22355679" user="Nikita2445" visible="true" version="1" changeset="161093922" lat="30.9671129" lon="76.4665496" />
  <node id="12480399954" timestamp="2025-01-07T12:41:28Z" uid="22355679" user="Nikita2445" visible="true" version="1" changeset="161093922" lat="30.9670888" lon="76.4668438" />
  <node id="12480399955" timestamp="2025-01-07T12:41:28Z" uid="22355679" user="Nikita2445" visible="true" version="1" changeset="161093922" lat="30.9674212" lon="76.467054" />
  <node id="12480399956" timestamp="2025-01-07T12:41:28Z" uid="22355679" user="Nikita2445" visible="true" version="1" changeset="161093922" lat="30.9675493" lon="76.4667691" />
  <node id="12480399957" timestamp="2025-01-07T12:41:28Z" uid="22355679" user="Nikita2445" visible="true" version="1" changeset="161093922" lat="30.9674612" lon="76.4666944" />
  <node id="12480399958" timestamp="2025-01-07T12:41:28Z" uid="22355679" user="Nikita2445" visible="true" version="1" changeset="161093922" lat="30.9673812" lon="76.4668859" />
  <node id="12480399959" timestamp="2025-01-07T12:41:28Z" uid="22355679" user="Nikita2445" visible="true" version="1" changeset="161093922" lat="30.9671929" lon="76.4667738" />
  <node id="12480399960" timestamp="2025-01-07T12:41:28Z" uid="22355679" user="Nikita2445" visible="true" version="1" changeset="161093922" lat="30.967213" lon="76.4665636" />
  <node id="12480399961" timestamp="2025-01-07T12:41:28Z" uid="22355679" user="Nikita2445" visible="true" version="1" changeset="161093922" lat="30.9666074" lon="76.4708326" />
  <node id="12480399962" timestamp="2025-01-07T12:41:28Z" uid="22355679" user="Nikita2445" visible="true" version="1" changeset="161093922" lat="30.9667799" lon="76.4708326" />
  <node id="12480399963" timestamp="2025-01-07T12:41:28Z" uid="22355679" user="Nikita2445" visible="true" version="1" changeset="161093922" lat="30.9667765" lon="76.4709871" />
  <node id="12480399964" timestamp="2025-01-07T12:41:28Z" uid="22355679" user="Nikita2445" visible="true" version="1" changeset="161093922" lat="30.9666074" lon="76.4709871" />
  <node id="12480399965" timestamp="2025-01-07T12:41:28Z" uid="22355679" user="Nikita2445" visible="true" version="1" changeset="161093922" lat="30.9666091" lon="76.4710237" />
  <node id="12480399966" timestamp="2025-01-07T12:41:28Z" uid="22355679" user="Nikita2445" visible="true" version="1" changeset="161093922" lat="30.9668165" lon="76.4710176" />
  <node id="12480399967" timestamp="2025-01-07T12:41:28Z" uid="22355679" user="Nikita2445" visible="true" version="1" changeset="161093922" lat="30.96682" lon="76.4712351" />
  <node id="12480399968" timestamp="2025-01-07T12:41:28Z" uid="22355679" user="Nikita2445" visible="true" version="1" changeset="161093922" lat="30.9666091" lon="76.4712412" />
  <node id="12480399969" timestamp="2025-01-07T12:41:28Z" uid="22355679" user="Nikita2445" visible="true" version="1" changeset="161093922" lat="30.9666126" lon="76.4712778" />
  <node id="12480399970" timestamp="2025-01-07T12:41:28Z" uid="22355679" user="Nikita2445" visible="true" version="1" changeset="161093922" lat="30.9667416" lon="76.4712677" />
  <node id="12480399971" timestamp="2025-01-07T12:41:28Z" uid="22355679" user="Nikita2445" visible="true" version="1" changeset="161093922" lat="30.9667399" lon="76.4714242" />
  <node id="12480399972" timestamp="2025-01-07T12:41:28Z" uid="22355679" user="Nikita2445" visible="true" version="1" changeset="161093922" lat="30.9666109" lon="76.4714282" />
  <node id="12480399973" timestamp="2025-01-07T12:41:28Z" uid="22355679" user="Nikita2445" visible="true" version="1" changeset="161093922" lat="30.9666126" lon="76.4714587" />
  <node id="12480399974" timestamp="2025-01-07T12:41:28Z" uid="22355679" user="Nikita2445" visible="true" version="1" changeset="161093922" lat="30.9670048" lon="76.4714486" />
  <node id="12480399975" timestamp="2025-01-07T12:41:28Z" uid="22355679" user="Nikita2445" visible="true" version="1" changeset="161093922" lat="30.967003" lon="76.4716214" />
  <node id="12480399976" timestamp="2025-01-07T12:41:28Z" uid="22355679" user="Nikita2445" visible="true" version="1" changeset="161093922" lat="30.9666144" lon="76.4716234" />
  <node id="12480399977" timestamp="2025-01-07T12:41:28Z" uid="22355679" user="Nikita2445" visible="true" version="1" changeset="161093922" lat="30.9666161" lon="76.4716559" />
  <node id="12480399978" timestamp="2025-01-07T12:41:28Z" uid="22355679" user="Nikita2445" visible="true" version="1" changeset="161093922" lat="30.9670745" lon="76.4716417" />
  <node id="12480399979" timestamp="2025-01-07T12:41:28Z" uid="22355679" user="Nikita2445" visible="true" version="1" changeset="161093922" lat="30.967078" lon="76.4717962" />
  <node id="12480399980" timestamp="2025-01-07T12:41:28Z" uid="22355679" user="Nikita2445" visible="true" version="1" changeset="161093922" lat="30.9666178" lon="76.4718023" />
  <node id="12480399981" timestamp="2025-01-07T12:41:28Z" uid="22355679" user="Nikita2445" visible="true" version="1" changeset="161093922" lat="30.9661069" lon="76.4761558" />
  <node id="12480399982" timestamp="2025-01-07T12:41:28Z" uid="22355679" user="Nikita2445" visible="true" version="1" changeset="161093922" lat="30.9662194" lon="76.4761537" />
  <node id="12480399983" timestamp="2025-01-07T12:41:28Z" uid="22355679" user="Nikita2445" visible="true" version="1" changeset="161093922" lat="30.9662202" lon="76.4762139" />
  <node id="12480399984" timestamp="2025-01-07T12:41:28Z" uid="22355679" user="Nikita2445" visible="true" version="1" changeset="161093922" lat="30.9661994" lon="76.4762143" />
  <node id="12480399985" timestamp="2025-01-07T12:41:28Z" uid="22355679" user="Nikita2445" visible="true" version="1" changeset="161093922" lat="30.9662006" lon="76.4763049" />
  <node id="12480399986" timestamp="2025-01-07T12:41:28Z" uid="22355679" user="Nikita2445" visible="true" version="1" changeset="161093922" lat="30.9662342" lon="76.4763043" />
  <node id="12480399987" timestamp="2025-01-07T12:41:28Z" uid="22355679" user="Nikita2445" visible="true" version="1" changeset="161093922" lat="30.966235" lon="76.4763635" />
  <node id="12480399988" timestamp="2025-01-07T12:41:28Z" uid="22355679" user="Nikita2445" visible="true" version="1" changeset="161093922" lat="30.9661946" lon="76.4763642" />
  <node id="12480399989" timestamp="2025-01-07T12:41:28Z" uid="22355679" user="Nikita2445" visible="true" version="1" changeset="161093922" lat="30.9661955" lon="76.4764294" />
  <node id="12480399990" timestamp="2025-01-07T12:41:28Z" uid="22355679" user="Nikita2445" visible="true" version="1" changeset="161093922" lat="30.9662398" lon="76.4764286" />
  <node id="12480399991" timestamp="2025-01-07T12:41:28Z" uid="22355679" user="Nikita2445" visible="true" version="1" changeset="161093922" lat="30.9662408" lon="76.4765008" />
  <node id="12480399992" timestamp="2025-01-07T12:41:28Z" uid="22355679" user="Nikita2445" visible="true" version="1" changeset="161093922" lat="30.9662054" lon="76.4765014" />
  <node id="12480399993" timestamp="2025-01-07T12:41:28Z" uid="22355679" user="Nikita2445" visible="true" version="1" changeset="161093922" lat="30.9662064" lon="76.4765772" />
  <node id="12480399994" timestamp="2025-01-07T12:41:28Z" uid="22355679" user="Nikita2445" visible="true" version="1" changeset="161093922" lat="30.9662374" lon="76.4765766" />
  <node id="12480399995" timestamp="2025-01-07T12:41:28Z" uid="22355679" user="Nikita2445" visible="true" version="1" changeset="161093922" lat="30.9662382" lon="76.476637" />
  <node id="12480399996" timestamp="2025-01-07T12:41:28Z" uid="22355679" user="Nikita2445" visible="true" version="1" changeset="161093922" lat="30.9661134" lon="76.4766393" />
  <node id="12480399997" timestamp="2025-01-07T12:41:28Z" uid="22355679" user="Nikita2445" visible="true" version="1" changeset="161093922" lat="30.9661077" lon="76.476791" />
  <node id="12480399998" timestamp="2025-01-07T12:41:28Z" uid="22355679" user="Nikita2445" visible="true" version="1" changeset="161093922" lat="30.9662442" lon="76.4767838" />
  <node id="12480399999" timestamp="2025-01-07T12:41:28Z" uid="22355679" user="Nikita2445" visible="true" version="1" changeset="161093922" lat="30.9662472" lon="76.476862" />
  <node id="12480400000" timestamp="2025-01-07T12:41:28Z" uid="22355679" user="Nikita2445" visible="true" version="1" changeset="161093922" lat="30.96621" lon="76.476864" />
  <node id="12480400001" timestamp="2025-01-07T12:41:28Z" uid="22355679" user="Nikita2445" visible="true" version="1" changeset="161093922" lat="30.9662131" lon="76.4769461" />
  <node id="12480400002" timestamp="2025-01-07T12:41:28Z" uid="22355679" user="Nikita2445" visible="true" version="1" changeset="161093922" lat="30.9662437" lon="76.4769445" />
  <node id="12480400003" timestamp="2025-01-07T12:41:28Z" uid="22355679" user="Nikita2445" visible="true" version="1" changeset="161093922" lat="30.9662455" lon="76.4769929" />
  <node id="12480400004" timestamp="2025-01-07T12:41:28Z" uid="22355679" user="Nikita2445" visible="true" version="1" changeset="161093922" lat="30.9662016" lon="76.4769952" />
  <node id="12480400005" timestamp="2025-01-07T12:41:28Z" uid="22355679" user="Nikita2445" visible="true" version="1" changeset="161093922" lat="30.9662048" lon="76.4770807" />
  <node id="12480400006" timestamp="2025-01-07T12:41:28Z" uid="22355679" user="Nikita2445" visible="true" version="1" changeset="161093922" lat="30.9662464" lon="76.4770785" />
  <node id="12480400007" timestamp="2025-01-07T12:41:28Z" uid="22355679" user="Nikita2445" visible="true" version="1" changeset="161093922" lat="30.9662486" lon="76.4771366" />
  <node id="12480400008" timestamp="2025-01-07T12:41:28Z" uid="22355679" user="Nikita2445" visible="true" version="1" changeset="161093922" lat="30.9662119" lon="76.4771385" />
  <node id="12480400009" timestamp="2025-01-07T12:41:28Z" uid="22355679" user="Nikita2445" visible="true" version="1" changeset="161093922" lat="30.9662149" lon="76.4772166" />
  <node id="12480400010" timestamp="2025-01-07T12:41:28Z" uid="22355679" user="Nikita2445" visible="true" version="1" changeset="161093922" lat="30.9662494" lon="76.4772149" />
  <node id="12480400011" timestamp="2025-01-07T12:41:28Z" uid="22355679" user="Nikita2445" visible="true" version="1" changeset="161093922" lat="30.9662521" lon="76.4772869" />
  <node id="12480400012" timestamp="2025-01-07T12:41:28Z" uid="22355679" user="Nikita2445" visible="true" version="1" changeset="161093922" lat="30.966127" lon="76.4772935" />
  <node id="12480400013" timestamp="2025-01-07T12:41:28Z" uid="22355679" user="Nikita2445" visible="true" version="1" changeset="161093922" lat="30.9661277" lon="76.4773946" />
  <node id="12480400014" timestamp="2025-01-07T12:41:28Z" uid="22355679" user="Nikita2445" visible="true" version="1" changeset="161093922" lat="30.9662657" lon="76.4773915" />
  <node id="12480400015" timestamp="2025-01-07T12:41:28Z" uid="22355679" user="Nikita2445" visible="true" version="1" changeset="161093922" lat="30.9662671" lon="76.4774724" />
  <node id="12480400016" timestamp="2025-01-07T12:41:28Z" uid="22355679" user="Nikita2445" visible="true" version="1" changeset="161093922" lat="30.9662269" lon="76.4774733" />
  <node id="12480400017" timestamp="2025-01-07T12:41:28Z" uid="22355679" user="Nikita2445" visible="true" version="1" changeset="161093922" lat="30.9662279" lon="76.4775388" />
  <node id="12480400018" timestamp="2025-01-07T12:41:28Z" uid="22355679" user="Nikita2445" visible="true" version="1" changeset="161093922" lat="30.9662629" lon="76.477538" />
  <node id="12480400019" timestamp="2025-01-07T12:41:28Z" uid="22355679" user="Nikita2445" visible="true" version="1" changeset="161093922" lat="30.9662641" lon="76.4776074" />
  <node id="12480400020" timestamp="2025-01-07T12:41:28Z" uid="22355679" user="Nikita2445" visible="true" version="1" changeset="161093922" lat="30.9662253" lon="76.4776083" />
  <node id="12480400021" timestamp="2025-01-07T12:41:28Z" uid="22355679" user="Nikita2445" visible="true" version="1" changeset="161093922" lat="30.9662264" lon="76.4776745" />
  <node id="12480400022" timestamp="2025-01-07T12:41:28Z" uid="22355679" user="Nikita2445" visible="true" version="1" changeset="161093922" lat="30.9662654" lon="76.4776736" />
  <node id="12480400023" timestamp="2025-01-07T12:41:28Z" uid="22355679" user="Nikita2445" visible="true" version="1" changeset="161093922" lat="30.9662664" lon="76.4777317" />
  <node id="12480400024" timestamp="2025-01-07T12:41:28Z" uid="22355679" user="Nikita2445" visible="true" version="1" changeset="161093922" lat="30.9662282" lon="76.4777326" />
  <node id="12480400025" timestamp="2025-01-07T12:41:28Z" uid="22355679" user="Nikita2445" visible="true" version="1" changeset="161093922" lat="30.9662296" lon="76.477816" />
  <node id="12480400026" timestamp="2025-01-07T12:41:28Z" uid="22355679" user="Nikita2445" visible="true" version="1" changeset="161093922" lat="30.9662648" lon="76.4778152" />
  <node id="12480400027" timestamp="2025-01-07T12:41:28Z" uid="22355679" user="Nikita2445" visible="true" version="1" changeset="161093922" lat="30.9662657" lon="76.4778685" />
  <node id="12480400028" timestamp="2025-01-07T12:41:28Z" uid="22355679" user="Nikita2445" visible="true" version="1" changeset="161093922" lat="30.9661354" lon="76.4778714" />
  <node id="12480400029" timestamp="2025-01-07T12:41:28Z" uid="22355679" user="Nikita2445" visible="true" version="1" changeset="161093922" lat="30.9658368" lon="76.4762346" />
  <node id="12480400030" timestamp="2025-01-07T12:41:28Z" uid="22355679" user="Nikita2445" visible="true" version="1" changeset="161093922" lat="30.9657895" lon="76.4762361" />
  <node id="12480400031" timestamp="2025-01-07T12:41:28Z" uid="22355679" user="Nikita2445" visible="true" version="1" changeset="161093922" lat="30.965788" lon="76.4761694" />
  <node id="12480400032" timestamp="2025-01-07T12:41:28Z" uid="22355679" user="Nikita2445" visible="true" version="1" changeset="161093922" lat="30.9659186" lon="76.4761654" />
  <node id="12480400033" timestamp="2025-01-07T12:41:28Z" uid="22355679" user="Nikita2445" visible="true" version="1" changeset="161093922" lat="30.96593" lon="76.4766734" />
  <node id="12480400034" timestamp="2025-01-07T12:41:28Z" uid="22355679" user="Nikita2445" visible="true" version="1" changeset="161093922" lat="30.9658134" lon="76.476677" />
  <node id="12480400035" timestamp="2025-01-07T12:41:28Z" uid="22355679" user="Nikita2445" visible="true" version="1" changeset="161093922" lat="30.9658119" lon="76.4766095" />
  <node id="12480400036" timestamp="2025-01-07T12:41:28Z" uid="22355679" user="Nikita2445" visible="true" version="1" changeset="161093922" lat="30.9658528" lon="76.4766082" />
  <node id="12480400037" timestamp="2025-01-07T12:41:28Z" uid="22355679" user="Nikita2445" visible="true" version="1" changeset="161093922" lat="30.9658507" lon="76.4765146" />
  <node id="12480400038" timestamp="2025-01-07T12:41:28Z" uid="22355679" user="Nikita2445" visible="true" version="1" changeset="161093922" lat="30.9658013" lon="76.4765161" />
  <node id="12480400039" timestamp="2025-01-07T12:41:28Z" uid="22355679" user="Nikita2445" visible="true" version="1" changeset="161093922" lat="30.9658" lon="76.4764582" />
  <node id="12480400040" timestamp="2025-01-07T12:41:28Z" uid="22355679" user="Nikita2445" visible="true" version="1" changeset="161093922" lat="30.965841" lon="76.476457" />
  <node id="12480400041" timestamp="2025-01-07T12:41:28Z" uid="22355679" user="Nikita2445" visible="true" version="1" changeset="161093922" lat="30.9658393" lon="76.4763809" />
  <node id="12480400042" timestamp="2025-01-07T12:41:28Z" uid="22355679" user="Nikita2445" visible="true" version="1" changeset="161093922" lat="30.9657922" lon="76.4763824" />
  <node id="12480400043" timestamp="2025-01-07T12:41:28Z" uid="22355679" user="Nikita2445" visible="true" version="1" changeset="161093922" lat="30.9657908" lon="76.4763198" />
  <node id="12480400044" timestamp="2025-01-07T12:41:28Z" uid="22355679" user="Nikita2445" visible="true" version="1" changeset="161093922" lat="30.9658386" lon="76.4763183" />
  <node id="12480400045" timestamp="2025-01-07T12:41:28Z" uid="22355679" user="Nikita2445" visible="true" version="1" changeset="161093922" lat="30.9658068" lon="76.4768051" />
  <node id="12480400046" timestamp="2025-01-07T12:41:28Z" uid="22355679" user="Nikita2445" visible="true" version="1" changeset="161093922" lat="30.9659363" lon="76.4767981" />
  <node id="12480400047" timestamp="2025-01-07T12:41:28Z" uid="22355679" user="Nikita2445" visible="true" version="1" changeset="161093922" lat="30.9659564" lon="76.4773105" />
  <node id="12480400048" timestamp="2025-01-07T12:41:28Z" uid="22355679" user="Nikita2445" visible="true" version="1" changeset="161093922" lat="30.9658188" lon="76.4773178" />
  <node id="12480400049" timestamp="2025-01-07T12:41:28Z" uid="22355679" user="Nikita2445" visible="true" version="1" changeset="161093922" lat="30.9658158" lon="76.4772405" />
  <node id="12480400050" timestamp="2025-01-07T12:41:28Z" uid="22355679" user="Nikita2445" visible="true" version="1" changeset="161093922" lat="30.9658622" lon="76.477238" />
  <node id="12480400051" timestamp="2025-01-07T12:41:28Z" uid="22355679" user="Nikita2445" visible="true" version="1" changeset="161093922" lat="30.9658593" lon="76.4771633" />
  <node id="12480400052" timestamp="2025-01-07T12:41:28Z" uid="22355679" user="Nikita2445" visible="true" version="1" changeset="161093922" lat="30.9658112" lon="76.4771659" />
  <node id="12480400053" timestamp="2025-01-07T12:41:28Z" uid="22355679" user="Nikita2445" visible="true" version="1" changeset="161093922" lat="30.9658084" lon="76.4770946" />
  <node id="12480400054" timestamp="2025-01-07T12:41:28Z" uid="22355679" user="Nikita2445" visible="true" version="1" changeset="161093922" lat="30.9658591" lon="76.4770918" />
  <node id="12480400055" timestamp="2025-01-07T12:41:28Z" uid="22355679" user="Nikita2445" visible="true" version="1" changeset="161093922" lat="30.9658552" lon="76.4769926" />
  <node id="12480400056" timestamp="2025-01-07T12:41:28Z" uid="22355679" user="Nikita2445" visible="true" version="1" changeset="161093922" lat="30.9658111" lon="76.476995" />
  <node id="12480400057" timestamp="2025-01-07T12:41:28Z" uid="22355679" user="Nikita2445" visible="true" version="1" changeset="161093922" lat="30.9658093" lon="76.476948" />
  <node id="12480400058" timestamp="2025-01-07T12:41:28Z" uid="22355679" user="Nikita2445" visible="true" version="1" changeset="161093922" lat="30.9658543" lon="76.4769456" />
  <node id="12480400059" timestamp="2025-01-07T12:41:28Z" uid="22355679" user="Nikita2445" visible="true" version="1" changeset="161093922" lat="30.9658511" lon="76.4768644" />
  <node id="12480400060" timestamp="2025-01-07T12:41:28Z" uid="22355679" user="Nikita2445" visible="true" version="1" changeset="161093922" lat="30.9658092" lon="76.4768667" />
  <node id="12480400061" timestamp="2025-01-07T12:41:28Z" uid="22355679" user="Nikita2445" visible="true" version="1" changeset="161093922" lat="30.9658198" lon="76.4773963" />
  <node id="12480400062" timestamp="2025-01-07T12:41:28Z" uid="22355679" user="Nikita2445" visible="true" version="1" changeset="161093922" lat="30.9659497" lon="76.4773963" />
  <node id="12480400063" timestamp="2025-01-07T12:41:28Z" uid="22355679" user="Nikita2445" visible="true" version="1" changeset="161093922" lat="30.9659498" lon="76.4779032" />
  <node id="12480400064" timestamp="2025-01-07T12:41:28Z" uid="22355679" user="Nikita2445" visible="true" version="1" changeset="161093922" lat="30.9658273" lon="76.4779032" />
  <node id="12480400065" timestamp="2025-01-07T12:41:28Z" uid="22355679" user="Nikita2445" visible="true" version="1" changeset="161093922" lat="30.9658273" lon="76.4778351" />
  <node id="12480400066" timestamp="2025-01-07T12:41:28Z" uid="22355679" user="Nikita2445" visible="true" version="1" changeset="161093922" lat="30.9658653" lon="76.477835" />
  <node id="12480400067" timestamp="2025-01-07T12:41:28Z" uid="22355679" user="Nikita2445" visible="true" version="1" changeset="161093922" lat="30.9658653" lon="76.477747" />
  <node id="12480400068" timestamp="2025-01-07T12:41:28Z" uid="22355679" user="Nikita2445" visible="true" version="1" changeset="161093922" lat="30.965819" lon="76.477747" />
  <node id="12480400069" timestamp="2025-01-07T12:41:28Z" uid="22355679" user="Nikita2445" visible="true" version="1" changeset="161093922" lat="30.9658191" lon="76.4776786" />
  <node id="12480400070" timestamp="2025-01-07T12:41:28Z" uid="22355679" user="Nikita2445" visible="true" version="1" changeset="161093922" lat="30.9658679" lon="76.4776786" />
  <node id="12480400071" timestamp="2025-01-07T12:41:28Z" uid="22355679" user="Nikita2445" visible="true" version="1" changeset="161093922" lat="30.9658679" lon="76.4775922" />
  <node id="12480400072" timestamp="2025-01-07T12:41:28Z" uid="22355679" user="Nikita2445" visible="true" version="1" changeset="161093922" lat="30.9658196" lon="76.4775922" />
  <node id="12480400073" timestamp="2025-01-07T12:41:28Z" uid="22355679" user="Nikita2445" visible="true" version="1" changeset="161093922" lat="30.9658196" lon="76.4775413" />
  <node id="12480400074" timestamp="2025-01-07T12:41:28Z" uid="22355679" user="Nikita2445" visible="true" version="1" changeset="161093922" lat="30.9658618" lon="76.4775413" />
  <node id="12480400075" timestamp="2025-01-07T12:41:28Z" uid="22355679" user="Nikita2445" visible="true" version="1" changeset="161093922" lat="30.9658618" lon="76.4774615" />
  <node id="12480400076" timestamp="2025-01-07T12:41:28Z" uid="22355679" user="Nikita2445" visible="true" version="1" changeset="161093922" lat="30.9658198" lon="76.4774615" />
  <node id="12480400077" timestamp="2025-01-07T12:41:28Z" uid="22355679" user="Nikita2445" visible="true" version="1" changeset="161093922" lat="30.9660647" lon="76.4781308" />
  <node id="12480400078" timestamp="2025-01-07T12:41:28Z" uid="22355679" user="Nikita2445" visible="true" version="1" changeset="161093922" lat="30.966063" lon="76.4780121" />
  <node id="12480400079" timestamp="2025-01-07T12:41:28Z" uid="22355679" user="Nikita2445" visible="true" version="1" changeset="161093922" lat="30.9661581" lon="76.4780103" />
  <node id="12480400080" timestamp="2025-01-07T12:41:28Z" uid="22355679" user="Nikita2445" visible="true" version="1" changeset="161093922" lat="30.9661606" lon="76.4781872" />
  <node id="12480400081" timestamp="2025-01-07T12:41:28Z" uid="22355679" user="Nikita2445" visible="true" version="1" changeset="161093922" lat="30.966283" lon="76.4781849" />
  <node id="12480400082" timestamp="2025-01-07T12:41:28Z" uid="22355679" user="Nikita2445" visible="true" version="1" changeset="161093922" lat="30.9662846" lon="76.4783029" />
  <node id="12480400083" timestamp="2025-01-07T12:41:28Z" uid="22355679" user="Nikita2445" visible="true" version="1" changeset="161093922" lat="30.966182" lon="76.4783048" />
  <node id="12480400084" timestamp="2025-01-07T12:41:28Z" uid="22355679" user="Nikita2445" visible="true" version="1" changeset="161093922" lat="30.9661836" lon="76.478421" />
  <node id="12480400085" timestamp="2025-01-07T12:41:28Z" uid="22355679" user="Nikita2445" visible="true" version="1" changeset="161093922" lat="30.9660725" lon="76.478423" />
  <node id="12480400086" timestamp="2025-01-07T12:41:28Z" uid="22355679" user="Nikita2445" visible="true" version="1" changeset="161093922" lat="30.9660705" lon="76.4782782" />
  <node id="12480400087" timestamp="2025-01-07T12:41:28Z" uid="22355679" user="Nikita2445" visible="true" version="1" changeset="161093922" lat="30.9659644" lon="76.4782801" />
  <node id="12480400088" timestamp="2025-01-07T12:41:28Z" uid="22355679" user="Nikita2445" visible="true" version="1" changeset="161093922" lat="30.9659624" lon="76.4781327" />
  <node id="12480400089" timestamp="2025-01-07T12:41:28Z" uid="22355679" user="Nikita2445" visible="true" version="1" changeset="161093922" lat="30.9660873" lon="76.4786733" />
  <node id="12480400090" timestamp="2025-01-07T12:41:28Z" uid="22355679" user="Nikita2445" visible="true" version="1" changeset="161093922" lat="30.9660793" lon="76.4785382" />
  <node id="12480400091" timestamp="2025-01-07T12:41:28Z" uid="22355679" user="Nikita2445" visible="true" version="1" changeset="161093922" lat="30.9661674" lon="76.4785311" />
  <node id="12480400092" timestamp="2025-01-07T12:41:28Z" uid="22355679" user="Nikita2445" visible="true" version="1" changeset="161093922" lat="30.9661751" lon="76.4786598" />
  <node id="12480400093" timestamp="2025-01-07T12:41:28Z" uid="22355679" user="Nikita2445" visible="true" version="1" changeset="161093922" lat="30.9662665" lon="76.4786523" />
  <node id="12480400094" timestamp="2025-01-07T12:41:28Z" uid="22355679" user="Nikita2445" visible="true" version="1" changeset="161093922" lat="30.9662723" lon="76.4787496" />
  <node id="12480400095" timestamp="2025-01-07T12:41:28Z" uid="22355679" user="Nikita2445" visible="true" version="1" changeset="161093922" lat="30.9661707" lon="76.4787579" />
  <node id="12480400096" timestamp="2025-01-07T12:41:28Z" uid="22355679" user="Nikita2445" visible="true" version="1" changeset="161093922" lat="30.9661805" lon="76.4789222" />
  <node id="12480400097" timestamp="2025-01-07T12:41:28Z" uid="22355679" user="Nikita2445" visible="true" version="1" changeset="161093922" lat="30.9660903" lon="76.4789295" />
  <node id="12480400098" timestamp="2025-01-07T12:41:28Z" uid="22355679" user="Nikita2445" visible="true" version="1" changeset="161093922" lat="30.9660834" lon="76.4788144" />
  <node id="12480400099" timestamp="2025-01-07T12:41:28Z" uid="22355679" user="Nikita2445" visible="true" version="1" changeset="161093922" lat="30.9659778" lon="76.4788229" />
  <node id="12480400100" timestamp="2025-01-07T12:41:28Z" uid="22355679" user="Nikita2445" visible="true" version="1" changeset="161093922" lat="30.9659694" lon="76.4786829" />
  <node id="12480400125" timestamp="2025-01-07T12:41:28Z" uid="22355679" user="Nikita2445" visible="true" version="1" changeset="161093922" lat="30.9674307" lon="76.4679825" />
  <node id="12480400126" timestamp="2025-01-07T12:41:28Z" uid="22355679" user="Nikita2445" visible="true" version="1" changeset="161093922" lat="30.9675005" lon="76.4679755" />
  <node id="12480400127" timestamp="2025-01-07T12:41:28Z" uid="22355679" user="Nikita2445" visible="true" version="1" changeset="161093922" lat="30.9675096" lon="76.4681135" />
  <node id="12480400128" timestamp="2025-01-07T12:41:28Z" uid="22355679" user="Nikita2445" visible="true" version="1" changeset="161093922" lat="30.9679921" lon="76.4681099" />
  <node id="12480400129" timestamp="2025-01-07T12:41:28Z" uid="22355679" user="Nikita2445" visible="true" version="1" changeset="161093922" lat="30.9680042" lon="76.4682763" />
  <node id="12480400130" timestamp="2025-01-07T12:41:28Z" uid="22355679" user="Nikita2445" visible="true" version="1" changeset="161093922" lat="30.9679101" lon="76.4682798" />
  <node id="12480400131" timestamp="2025-01-07T12:41:28Z" uid="22355679" user="Nikita2445" visible="true" version="1" changeset="161093922" lat="30.9679162" lon="76.4684356" />
  <node id="12480400132" timestamp="2025-01-07T12:41:28Z" uid="22355679" user="Nikita2445" visible="true" version="1" changeset="161093922" lat="30.9679405" lon="76.4684356" />
  <node id="12480400133" timestamp="2025-01-07T12:41:28Z" uid="22355679" user="Nikita2445" visible="true" version="1" changeset="161093922" lat="30.9679435" lon="76.4689133" />
  <node id="12480400134" timestamp="2025-01-07T12:41:28Z" uid="22355679" user="Nikita2445" visible="true" version="1" changeset="161093922" lat="30.9676158" lon="76.4689063" />
  <node id="12480400135" timestamp="2025-01-07T12:41:28Z" uid="22355679" user="Nikita2445" visible="true" version="1" changeset="161093922" lat="30.967634" lon="76.4691505" />
  <node id="12480400136" timestamp="2025-01-07T12:41:28Z" uid="22355679" user="Nikita2445" visible="true" version="1" changeset="161093922" lat="30.9673942" lon="76.4691611" />
  <node id="12480400137" timestamp="2025-01-07T12:41:28Z" uid="22355679" user="Nikita2445" visible="true" version="1" changeset="161093922" lat="30.9673669" lon="76.4681347" />
  <node id="12480400138" timestamp="2025-01-07T12:41:28Z" uid="22355679" user="Nikita2445" visible="true" version="1" changeset="161093922" lat="30.9674307" lon="76.4681383" />
  <node id="12480400139" timestamp="2025-01-07T12:41:28Z" uid="22355679" user="Nikita2445" visible="true" version="1" changeset="161093922" lat="30.9673775" lon="76.4692117" />
  <node id="12480400140" timestamp="2025-01-07T12:41:28Z" uid="22355679" user="Nikita2445" visible="true" version="1" changeset="161093922" lat="30.9676354" lon="76.4692059" />
  <node id="12480400141" timestamp="2025-01-07T12:41:28Z" uid="22355679" user="Nikita2445" visible="true" version="1" changeset="161093922" lat="30.9676391" lon="76.4694336" />
  <node id="12480400142" timestamp="2025-01-07T12:41:28Z" uid="22355679" user="Nikita2445" visible="true" version="1" changeset="161093922" lat="30.9673812" lon="76.4694394" />
  <node id="12480400147" timestamp="2025-01-07T12:41:28Z" uid="22355679" user="Nikita2445" visible="true" version="1" changeset="161093922" lat="30.968683" lon="76.4719464" />
  <node id="12480400148" timestamp="2025-01-07T12:41:28Z" uid="22355679" user="Nikita2445" visible="true" version="1" changeset="161093922" lat="30.9687272" lon="76.4719423" />
  <node id="12480400150" timestamp="2026-09-24T17:25:54Z" uid="24589846" user="Y@shP" visible="true" version="2" changeset="189509374" lat="30.9683197" lon="76.4722784" />
  <node id="12480400183" timestamp="2025-01-07T12:41:28Z" uid="22355679" user="Nikita2445" visible="true" version="1" changeset="161093922" lat="30.9682169" lon="76.4764642" />
  <node id="12480400203" timestamp="2026-09-24T17:25:54Z" uid="24589846" user="Y@shP" visible="true" version="3" changeset="189509374" lat="30.9684401" lon="76.4764576" />
  <node id="12480400204" timestamp="2025-01-07T12:41:28Z" uid="22355679" user="Nikita2445" visible="true" version="1" changeset="161093922" lat="30.9682237" lon="76.476464" />
  <node id="12480400208" timestamp="2025-01-07T12:41:28Z" uid="22355679" user="Nikita2445" visible="true" version="1" changeset="161093922" lat="30.9682665" lon="76.4757554" />
  <node id="12480400209" timestamp="2025-01-07T12:41:28Z" uid="22355679" user="Nikita2445" visible="true" version="1" changeset="161093922" lat="30.9683008" lon="76.4757554" />
  <node id="12480400210" timestamp="2025-01-07T12:41:28Z" uid="22355679" user="Nikita2445" visible="true" version="1" changeset="161093922" lat="30.9683048" lon="76.4759826" />
  <node id="12480400211" timestamp="2025-01-07T12:41:28Z" uid="22355679" user="Nikita2445" visible="true" version="1" changeset="161093922" lat="30.9682315" lon="76.4759857" />
  <node id="12480400212" timestamp="2025-01-07T12:41:28Z" uid="22355679" user="Nikita2445" visible="true" version="1" changeset="161093922" lat="30.9682282" lon="76.4758239" />
  <node id="12480400213" timestamp="2025-01-07T12:41:28Z" uid="22355679" user="Nikita2445" visible="true" version="1" changeset="161093922" lat="30.9682658" lon="76.4758231" />
  <node id="12480400217" timestamp="2026-09-24T17:25:54Z" uid="24589846" user="Y@shP" visible="true" version="2" changeset="189509374" lat="30.9671269" lon="76.4712443" />
  <node id="12480400218" timestamp="2025-04-24T09:30:48Z" uid="22355679" user="Nikita2445" visible="true" version="2" changeset="165369242" lat="30.9687782" lon="76.4770304" />
  <node id="12480400219" timestamp="2025-04-24T09:30:48Z" uid="22355679" user="Nikita2445" visible="true" version="2" changeset="165369242" lat="30.9687822" lon="76.4772208" />
  <node id="12480400220" timestamp="2025-04-24T09:30:48Z" uid="22355679" user="Nikita2445" visible="true" version="2" changeset="165369242" lat="30.9687064" lon="76.4772229" />
  <node id="12480400221" timestamp="2025-04-24T09:30:48Z" uid="22355679" user="Nikita2445" visible="true" version="2" changeset="165369242" lat="30.9687054" lon="76.4771741" />
  <node id="12480400222" timestamp="2025-04-24T09:30:48Z" uid="22355679" user="Nikita2445" visible="true" version="2" changeset="165369242" lat="30.9686718" lon="76.477175" />
  <node id="12480400223" timestamp="2025-04-24T09:30:48Z" uid="22355679" user="Nikita2445" visible="true" version="2" changeset="165369242" lat="30.96867" lon="76.477091" />
  <node id="12480400224" timestamp="2025-04-24T09:30:48Z" uid="22355679" user="Nikita2445" visible="true" version="2" changeset="165369242" lat="30.9686385" lon="76.4770919" />
  <node id="12480400225" timestamp="2025-04-24T09:30:48Z" uid="22355679" user="Nikita2445" visible="true" version="2" changeset="165369242" lat="30.9686372" lon="76.4770314" />
  <node id="12480400226" timestamp="2025-04-24T09:30:48Z" uid="22355679" user="Nikita2445" visible="true" version="2" changeset="165369242" lat="30.968676" lon="76.4770303" />
  <node id="12480400227" timestamp="2025-04-24T09:30:48Z" uid="22355679" user="Nikita2445" visible="true" version="2" changeset="165369242" lat="30.968675" lon="76.4769816" />
  <node id="12480400228" timestamp="2025-04-24T09:30:48Z" uid="22355679" user="Nikita2445" visible="true" version="2" changeset="165369242" lat="30.9686418" lon="76.4769825" />
  <node id="12480400229" timestamp="2025-04-24T09:30:48Z" uid="22355679" user="Nikita2445" visible="true" version="2" changeset="165369242" lat="30.9686406" lon="76.4769237" />
  <node id="12480400230" timestamp="2025-04-24T09:30:48Z" uid="22355679" user="Nikita2445" visible="true" version="2" changeset="165369242" lat="30.9686483" lon="76.4769235" />
  <node id="12480400231" timestamp="2025-04-24T09:30:48Z" uid="22355679" user="Nikita2445" visible="true" version="2" changeset="165369242" lat="30.9686476" lon="76.4768901" />
  <node id="12480400232" timestamp="2025-04-24T09:30:48Z" uid="22355679" user="Nikita2445" visible="true" version="2" changeset="165369242" lat="30.9686654" lon="76.4768895" />
  <node id="12480400233" timestamp="2025-01-07T12:41:28Z" uid="22355679" user="Nikita2445" visible="true" version="1" changeset="161093922" lat="30.9686639" lon="76.4768214" />
  <node id="12480400234" timestamp="2025-01-07T12:41:28Z" uid="22355679" user="Nikita2445" visible="true" version="1" changeset="161093922" lat="30.9686458" lon="76.4768028" />
  <node id="12480400235" timestamp="2025-04-24T09:30:48Z" uid="22355679" user="Nikita2445" visible="true" version="2" changeset="165369242" lat="30.9686464" lon="76.4767647" />
  <node id="12480400236" timestamp="2025-04-24T09:30:48Z" uid="22355679" user="Nikita2445" visible="true" version="2" changeset="165369242" lat="30.9686335" lon="76.4767644" />
  <node id="12480400237" timestamp="2025-04-24T09:30:48Z" uid="22355679" user="Nikita2445" visible="true" version="2" changeset="165369242" lat="30.9686345" lon="76.4767008" />
  <node id="12480400238" timestamp="2025-04-24T09:30:48Z" uid="22355679" user="Nikita2445" visible="true" version="2" changeset="165369242" lat="30.9686612" lon="76.4767014" />
  <node id="12480400239" timestamp="2025-01-07T12:41:28Z" uid="22355679" user="Nikita2445" visible="true" version="1" changeset="161093922" lat="30.9686619" lon="76.4766603" />
  <node id="12480400240" timestamp="2025-01-07T12:41:28Z" uid="22355679" user="Nikita2445" visible="true" version="1" changeset="161093922" lat="30.9686418" lon="76.4766475" />
  <node id="12480400241" timestamp="2025-04-24T09:30:48Z" uid="22355679" user="Nikita2445" visible="true" version="2" changeset="165369242" lat="30.968641" lon="76.4766081" />
  <node id="12480400242" timestamp="2025-04-24T09:30:48Z" uid="22355679" user="Nikita2445" visible="true" version="2" changeset="165369242" lat="30.9686739" lon="76.4766072" />
  <node id="12480400243" timestamp="2025-04-24T09:30:48Z" uid="22355679" user="Nikita2445" visible="true" version="2" changeset="165369242" lat="30.9686723" lon="76.4765334" />
  <node id="12480400244" timestamp="2025-04-24T09:30:48Z" uid="22355679" user="Nikita2445" visible="true" version="2" changeset="165369242" lat="30.9687029" lon="76.4765326" />
  <node id="12480400245" timestamp="2025-04-24T09:30:48Z" uid="22355679" user="Nikita2445" visible="true" version="2" changeset="165369242" lat="30.9687019" lon="76.4764872" />
  <node id="12480400246" timestamp="2025-04-24T09:30:48Z" uid="22355679" user="Nikita2445" visible="true" version="2" changeset="165369242" lat="30.9687683" lon="76.4764854" />
  <node id="12480400247" timestamp="2025-04-24T09:30:48Z" uid="22355679" user="Nikita2445" visible="true" version="2" changeset="165369242" lat="30.9687718" lon="76.4766546" />
  <node id="12480400248" timestamp="2025-04-24T09:30:48Z" uid="22355679" user="Nikita2445" visible="true" version="2" changeset="165369242" lat="30.9687318" lon="76.4766558" />
  <node id="12480400249" timestamp="2025-04-24T09:30:48Z" uid="22355679" user="Nikita2445" visible="true" version="2" changeset="165369242" lat="30.9687396" lon="76.4770315" />
  <node id="12480400250" timestamp="2025-01-08T05:35:21Z" uid="22355679" user="Nikita2445" visible="true" version="2" changeset="161120018" lat="30.9684118" lon="76.4764798" />
  <node id="12480400251" timestamp="2025-01-08T05:35:21Z" uid="22355679" user="Nikita2445" visible="true" version="2" changeset="161120018" lat="30.9684744" lon="76.4764788" />
  <node id="12480400252" timestamp="2025-01-08T05:35:21Z" uid="22355679" user="Nikita2445" visible="true" version="2" changeset="161120018" lat="30.9684749" lon="76.4765223" />
  <node id="12480400253" timestamp="2025-01-08T05:35:21Z" uid="22355679" user="Nikita2445" visible="true" version="2" changeset="161120018" lat="30.9684964" lon="76.476522" />
  <node id="12480400254" timestamp="2025-01-08T05:35:21Z" uid="22355679" user="Nikita2445" visible="true" version="2" changeset="161120018" lat="30.968497" lon="76.476568" />
  <node id="12480400255" timestamp="2025-01-08T05:35:21Z" uid="22355679" user="Nikita2445" visible="true" version="2" changeset="161120018" lat="30.9684878" lon="76.4765681" />
  <node id="12480400256" timestamp="2025-01-08T05:35:21Z" uid="22355679" user="Nikita2445" visible="true" version="2" changeset="161120018" lat="30.9684883" lon="76.476608" />
  <node id="12480400257" timestamp="2025-01-08T05:35:21Z" uid="22355679" user="Nikita2445" visible="true" version="2" changeset="161120018" lat="30.9685244" lon="76.4766073" />
  <node id="12480400258" timestamp="2025-01-08T05:35:21Z" uid="22355679" user="Nikita2445" visible="true" version="2" changeset="161120018" lat="30.968525" lon="76.4766522" />
  <node id="12480400259" timestamp="2025-01-08T05:35:21Z" uid="22355679" user="Nikita2445" visible="true" version="2" changeset="161120018" lat="30.9685055" lon="76.4766526" />
  <node id="12480400260" timestamp="2025-01-08T05:35:21Z" uid="22355679" user="Nikita2445" visible="true" version="2" changeset="161120018" lat="30.9685062" lon="76.4767002" />
  <node id="12480400261" timestamp="2025-01-08T05:35:21Z" uid="22355679" user="Nikita2445" visible="true" version="2" changeset="161120018" lat="30.9685294" lon="76.4766997" />
  <node id="12480400262" timestamp="2025-01-08T05:35:21Z" uid="22355679" user="Nikita2445" visible="true" version="2" changeset="161120018" lat="30.9685309" lon="76.476807" />
  <node id="12480400263" timestamp="2025-01-08T05:35:21Z" uid="22355679" user="Nikita2445" visible="true" version="2" changeset="161120018" lat="30.9685056" lon="76.4768075" />
  <node id="12480400264" timestamp="2025-01-08T05:35:21Z" uid="22355679" user="Nikita2445" visible="true" version="2" changeset="161120018" lat="30.9685068" lon="76.4768939" />
  <node id="12480400265" timestamp="2025-01-08T05:35:21Z" uid="22355679" user="Nikita2445" visible="true" version="2" changeset="161120018" lat="30.9685267" lon="76.4768935" />
  <node id="12480400266" timestamp="2025-01-08T05:35:21Z" uid="22355679" user="Nikita2445" visible="true" version="2" changeset="161120018" lat="30.9685279" lon="76.4769735" />
  <node id="12480400267" timestamp="2025-01-08T05:35:21Z" uid="22355679" user="Nikita2445" visible="true" version="2" changeset="161120018" lat="30.9685078" lon="76.4769739" />
  <node id="12480400268" timestamp="2025-01-08T05:35:21Z" uid="22355679" user="Nikita2445" visible="true" version="2" changeset="161120018" lat="30.9685087" lon="76.4770425" />
  <node id="12480400269" timestamp="2025-01-08T05:35:21Z" uid="22355679" user="Nikita2445" visible="true" version="2" changeset="161120018" lat="30.9685256" lon="76.4770422" />
  <node id="12480400270" timestamp="2025-01-08T05:35:21Z" uid="22355679" user="Nikita2445" visible="true" version="2" changeset="161120018" lat="30.968526" lon="76.4770654" />
  <node id="12480400271" timestamp="2025-01-08T05:35:21Z" uid="22355679" user="Nikita2445" visible="true" version="2" changeset="161120018" lat="30.9684957" lon="76.477066" />
  <node id="12480400272" timestamp="2025-01-08T05:35:21Z" uid="22355679" user="Nikita2445" visible="true" version="2" changeset="161120018" lat="30.9684965" lon="76.4771213" />
  <node id="12480400273" timestamp="2025-01-08T05:35:21Z" uid="22355679" user="Nikita2445" visible="true" version="2" changeset="161120018" lat="30.9685155" lon="76.4771209" />
  <node id="12480400274" timestamp="2025-01-08T05:35:21Z" uid="22355679" user="Nikita2445" visible="true" version="2" changeset="161120018" lat="30.9685162" lon="76.4771677" />
  <node id="12480400275" timestamp="2025-01-08T05:35:21Z" uid="22355679" user="Nikita2445" visible="true" version="2" changeset="161120018" lat="30.9684961" lon="76.4771681" />
  <node id="12480400277" timestamp="2025-01-08T05:35:21Z" uid="22355679" user="Nikita2445" visible="true" version="2" changeset="161120018" lat="30.9684261" lon="76.4772287" />
  <node id="12480400278" timestamp="2025-01-08T05:35:21Z" uid="22355679" user="Nikita2445" visible="true" version="2" changeset="161120018" lat="30.9684245" lon="76.4771429" />
  <node id="12480400279" timestamp="2025-01-08T05:35:21Z" uid="22355679" user="Nikita2445" visible="true" version="2" changeset="161120018" lat="30.9684484" lon="76.4771426" />
  <node id="12480400280" timestamp="2025-01-08T05:35:21Z" uid="22355679" user="Nikita2445" visible="true" version="2" changeset="161120018" lat="30.9684483" lon="76.4771291" />
  <node id="12480400281" timestamp="2025-01-08T05:35:21Z" uid="22355679" user="Nikita2445" visible="true" version="2" changeset="161120018" lat="30.968426" lon="76.4771294" />
  <node id="12480400282" timestamp="2025-01-08T05:35:21Z" uid="22355679" user="Nikita2445" visible="true" version="2" changeset="161120018" lat="30.9684251" lon="76.4770349" />
  <node id="12480400283" timestamp="2025-01-08T05:35:21Z" uid="22355679" user="Nikita2445" visible="true" version="2" changeset="161120018" lat="30.9684446" lon="76.4770347" />
  <node id="12480400284" timestamp="2025-01-08T05:35:21Z" uid="22355679" user="Nikita2445" visible="true" version="2" changeset="161120018" lat="30.9684443" lon="76.4770019" />
  <node id="12480400285" timestamp="2025-01-08T05:35:21Z" uid="22355679" user="Nikita2445" visible="true" version="2" changeset="161120018" lat="30.9684678" lon="76.4770016" />
  <node id="12480400286" timestamp="2025-01-08T05:35:21Z" uid="22355679" user="Nikita2445" visible="true" version="2" changeset="161120018" lat="30.9684672" lon="76.4769446" />
  <node id="12480400287" timestamp="2025-01-08T05:35:21Z" uid="22355679" user="Nikita2445" visible="true" version="2" changeset="161120018" lat="30.968448" lon="76.4769448" />
  <node id="12480400288" timestamp="2025-01-08T05:35:21Z" uid="22355679" user="Nikita2445" visible="true" version="2" changeset="161120018" lat="30.9684476" lon="76.4768986" />
  <node id="12480400289" timestamp="2025-01-08T05:35:21Z" uid="22355679" user="Nikita2445" visible="true" version="2" changeset="161120018" lat="30.9684625" lon="76.4768984" />
  <node id="12480400290" timestamp="2025-01-08T05:35:21Z" uid="22355679" user="Nikita2445" visible="true" version="2" changeset="161120018" lat="30.9684615" lon="76.4768002" />
  <node id="12480400291" timestamp="2025-01-08T05:35:21Z" uid="22355679" user="Nikita2445" visible="true" version="2" changeset="161120018" lat="30.968437" lon="76.4768005" />
  <node id="12480400292" timestamp="2025-01-08T05:35:21Z" uid="22355679" user="Nikita2445" visible="true" version="2" changeset="161120018" lat="30.9684365" lon="76.4767525" />
  <node id="12480400293" timestamp="2025-01-08T05:35:21Z" uid="22355679" user="Nikita2445" visible="true" version="2" changeset="161120018" lat="30.9684626" lon="76.4767522" />
  <node id="12480400294" timestamp="2025-04-24T09:30:48Z" uid="22355679" user="Nikita2445" visible="true" version="3" changeset="165369242" lat="30.9684619" lon="76.4766813" />
  <node id="12480400295" timestamp="2025-01-08T05:35:21Z" uid="22355679" user="Nikita2445" visible="true" version="2" changeset="161120018" lat="30.9684413" lon="76.4766816" />
  <node id="12480400296" timestamp="2025-01-08T05:35:21Z" uid="22355679" user="Nikita2445" visible="true" version="2" changeset="161120018" lat="30.9684411" lon="76.4766644" />
  <node id="12480400297" timestamp="2025-01-08T05:35:21Z" uid="22355679" user="Nikita2445" visible="true" version="2" changeset="161120018" lat="30.9684228" lon="76.4766647" />
  <node id="12480400298" timestamp="2025-04-24T09:30:48Z" uid="22355679" user="Nikita2445" visible="true" version="3" changeset="165369242" lat="30.968422" lon="76.4765923" />
  <node id="12480400299" timestamp="2025-01-08T05:35:21Z" uid="22355679" user="Nikita2445" visible="true" version="2" changeset="161120018" lat="30.9684057" lon="76.4765925" />
  <node id="12480400300" timestamp="2025-01-08T05:35:21Z" uid="22355679" user="Nikita2445" visible="true" version="2" changeset="161120018" lat="30.968405" lon="76.4765345" />
  <node id="12480400301" timestamp="2025-01-08T05:35:21Z" uid="22355679" user="Nikita2445" visible="true" version="2" changeset="161120018" lat="30.9684124" lon="76.4765344" />
  <node id="12480400302" timestamp="2025-01-07T12:41:28Z" uid="22355679" user="Nikita2445" visible="true" version="1" changeset="161093922" lat="30.9678719" lon="76.4766245" />
  <node id="12480400303" timestamp="2025-01-07T12:41:28Z" uid="22355679" user="Nikita2445" visible="true" version="1" changeset="161093922" lat="30.9678707" lon="76.4765463" />
  <node id="12480400304" timestamp="2025-01-07T12:41:28Z" uid="22355679" user="Nikita2445" visible="true" version="1" changeset="161093922" lat="30.9678981" lon="76.4765457" />
  <node id="12480400305" timestamp="2025-01-07T12:41:28Z" uid="22355679" user="Nikita2445" visible="true" version="1" changeset="161093922" lat="30.9678974" lon="76.4764993" />
  <node id="12480400306" timestamp="2025-01-07T12:41:28Z" uid="22355679" user="Nikita2445" visible="true" version="1" changeset="161093922" lat="30.9679446" lon="76.4764982" />
  <node id="12480400307" timestamp="2025-01-07T12:41:28Z" uid="22355679" user="Nikita2445" visible="true" version="1" changeset="161093922" lat="30.9679452" lon="76.4765325" />
  <node id="12480400308" timestamp="2025-01-07T12:41:28Z" uid="22355679" user="Nikita2445" visible="true" version="1" changeset="161093922" lat="30.9679657" lon="76.476532" />
  <node id="12480400309" timestamp="2025-01-07T12:41:28Z" uid="22355679" user="Nikita2445" visible="true" version="1" changeset="161093922" lat="30.9679668" lon="76.4766" />
  <node id="12480400310" timestamp="2025-01-07T12:41:28Z" uid="22355679" user="Nikita2445" visible="true" version="1" changeset="161093922" lat="30.967951" lon="76.4766003" />
  <node id="12480400311" timestamp="2025-01-07T12:41:28Z" uid="22355679" user="Nikita2445" visible="true" version="1" changeset="161093922" lat="30.9679522" lon="76.4766729" />
  <node id="12480400312" timestamp="2025-01-07T12:41:28Z" uid="22355679" user="Nikita2445" visible="true" version="1" changeset="161093922" lat="30.9679167" lon="76.4766737" />
  <node id="12480400313" timestamp="2025-01-07T12:41:28Z" uid="22355679" user="Nikita2445" visible="true" version="1" changeset="161093922" lat="30.9679182" lon="76.4767567" />
  <node id="12480400314" timestamp="2025-01-07T12:41:28Z" uid="22355679" user="Nikita2445" visible="true" version="1" changeset="161093922" lat="30.9679315" lon="76.4767564" />
  <node id="12480400315" timestamp="2025-01-07T12:41:28Z" uid="22355679" user="Nikita2445" visible="true" version="1" changeset="161093922" lat="30.9679327" lon="76.4768218" />
  <node id="12480400316" timestamp="2025-01-07T12:41:28Z" uid="22355679" user="Nikita2445" visible="true" version="1" changeset="161093922" lat="30.967918" lon="76.4768222" />
  <node id="12480400317" timestamp="2025-01-07T12:41:28Z" uid="22355679" user="Nikita2445" visible="true" version="1" changeset="161093922" lat="30.9679192" lon="76.4768861" />
  <node id="12480400318" timestamp="2025-01-07T12:41:28Z" uid="22355679" user="Nikita2445" visible="true" version="1" changeset="161093922" lat="30.9679397" lon="76.4768856" />
  <node id="12480400319" timestamp="2025-01-07T12:41:28Z" uid="22355679" user="Nikita2445" visible="true" version="1" changeset="161093922" lat="30.9679412" lon="76.4769611" />
  <node id="12480400320" timestamp="2025-01-07T12:41:28Z" uid="22355679" user="Nikita2445" visible="true" version="1" changeset="161093922" lat="30.9679256" lon="76.4769615" />
  <node id="12480400321" timestamp="2025-01-07T12:41:28Z" uid="22355679" user="Nikita2445" visible="true" version="1" changeset="161093922" lat="30.9679265" lon="76.4770046" />
  <node id="12480400322" timestamp="2025-01-07T12:41:28Z" uid="22355679" user="Nikita2445" visible="true" version="1" changeset="161093922" lat="30.9679137" lon="76.477005" />
  <node id="12480400323" timestamp="2025-01-07T12:41:28Z" uid="22355679" user="Nikita2445" visible="true" version="1" changeset="161093922" lat="30.9679149" lon="76.4770583" />
  <node id="12480400324" timestamp="2025-01-07T12:41:28Z" uid="22355679" user="Nikita2445" visible="true" version="1" changeset="161093922" lat="30.9679408" lon="76.4770575" />
  <node id="12480400325" timestamp="2025-01-07T12:41:28Z" uid="22355679" user="Nikita2445" visible="true" version="1" changeset="161093922" lat="30.9679405" lon="76.4770443" />
  <node id="12480400326" timestamp="2025-01-07T12:41:28Z" uid="22355679" user="Nikita2445" visible="true" version="1" changeset="161093922" lat="30.9679617" lon="76.4770436" />
  <node id="12480400327" timestamp="2025-01-07T12:41:28Z" uid="22355679" user="Nikita2445" visible="true" version="1" changeset="161093922" lat="30.9679633" lon="76.4771128" />
  <node id="12480400328" timestamp="2025-01-07T12:41:28Z" uid="22355679" user="Nikita2445" visible="true" version="1" changeset="161093922" lat="30.9679736" lon="76.4771125" />
  <node id="12480400329" timestamp="2025-01-07T12:41:28Z" uid="22355679" user="Nikita2445" visible="true" version="1" changeset="161093922" lat="30.9679752" lon="76.477176" />
  <node id="12480400330" timestamp="2025-01-07T12:41:28Z" uid="22355679" user="Nikita2445" visible="true" version="1" changeset="161093922" lat="30.9679643" lon="76.4771764" />
  <node id="12480400331" timestamp="2025-01-07T12:41:28Z" uid="22355679" user="Nikita2445" visible="true" version="1" changeset="161093922" lat="30.9679663" lon="76.4772481" />
  <node id="12480400332" timestamp="2025-01-07T12:41:28Z" uid="22355679" user="Nikita2445" visible="true" version="1" changeset="161093922" lat="30.9679816" lon="76.4772475" />
  <node id="12480400333" timestamp="2025-01-07T12:41:28Z" uid="22355679" user="Nikita2445" visible="true" version="1" changeset="161093922" lat="30.9679833" lon="76.4773067" />
  <node id="12480400334" timestamp="2025-01-07T12:41:28Z" uid="22355679" user="Nikita2445" visible="true" version="1" changeset="161093922" lat="30.9679636" lon="76.4773075" />
  <node id="12480400335" timestamp="2025-01-07T12:41:28Z" uid="22355679" user="Nikita2445" visible="true" version="1" changeset="161093922" lat="30.9679658" lon="76.4773844" />
  <node id="12480400336" timestamp="2025-01-07T12:41:28Z" uid="22355679" user="Nikita2445" visible="true" version="1" changeset="161093922" lat="30.9679369" lon="76.4773856" />
  <node id="12480400337" timestamp="2025-01-07T12:41:28Z" uid="22355679" user="Nikita2445" visible="true" version="1" changeset="161093922" lat="30.9679392" lon="76.4774644" />
  <node id="12480400338" timestamp="2025-01-07T12:41:28Z" uid="22355679" user="Nikita2445" visible="true" version="1" changeset="161093922" lat="30.9679549" lon="76.4774637" />
  <node id="12480400339" timestamp="2025-01-07T12:41:28Z" uid="22355679" user="Nikita2445" visible="true" version="1" changeset="161093922" lat="30.9679574" lon="76.4775437" />
  <node id="12480400340" timestamp="2025-01-07T12:41:28Z" uid="22355679" user="Nikita2445" visible="true" version="1" changeset="161093922" lat="30.9679356" lon="76.4775446" />
  <node id="12480400341" timestamp="2025-01-07T12:41:28Z" uid="22355679" user="Nikita2445" visible="true" version="1" changeset="161093922" lat="30.9679366" lon="76.4775751" />
  <node id="12480400342" timestamp="2025-01-07T12:41:28Z" uid="22355679" user="Nikita2445" visible="true" version="1" changeset="161093922" lat="30.9678754" lon="76.4775778" />
  <node id="12480400343" timestamp="2025-01-07T12:41:28Z" uid="22355679" user="Nikita2445" visible="true" version="1" changeset="161093922" lat="30.9678747" lon="76.4775573" />
  <node id="12480400344" timestamp="2025-01-07T12:41:28Z" uid="22355679" user="Nikita2445" visible="true" version="1" changeset="161093922" lat="30.9678882" lon="76.4775567" />
  <node id="12480400345" timestamp="2025-01-07T12:41:28Z" uid="22355679" user="Nikita2445" visible="true" version="1" changeset="161093922" lat="30.9678877" lon="76.4775394" />
  <node id="12480400346" timestamp="2025-01-07T12:41:28Z" uid="22355679" user="Nikita2445" visible="true" version="1" changeset="161093922" lat="30.9678504" lon="76.477541" />
  <node id="12480400347" timestamp="2025-01-07T12:41:28Z" uid="22355679" user="Nikita2445" visible="true" version="1" changeset="161093922" lat="30.967849" lon="76.4774959" />
  <node id="12480400348" timestamp="2025-01-07T12:41:28Z" uid="22355679" user="Nikita2445" visible="true" version="1" changeset="161093922" lat="30.9678419" lon="76.4774901" />
  <node id="12480400349" timestamp="2025-01-07T12:41:28Z" uid="22355679" user="Nikita2445" visible="true" version="1" changeset="161093922" lat="30.9678392" lon="76.477446" />
  <node id="12480400350" timestamp="2025-01-07T12:41:28Z" uid="22355679" user="Nikita2445" visible="true" version="1" changeset="161093922" lat="30.9678758" lon="76.4774429" />
  <node id="12480400351" timestamp="2025-01-07T12:41:28Z" uid="22355679" user="Nikita2445" visible="true" version="1" changeset="161093922" lat="30.967873" lon="76.4773967" />
  <node id="12480400352" timestamp="2025-01-07T12:41:28Z" uid="22355679" user="Nikita2445" visible="true" version="1" changeset="161093922" lat="30.9678419" lon="76.4773885" />
  <node id="12480400353" timestamp="2025-01-07T12:41:28Z" uid="22355679" user="Nikita2445" visible="true" version="1" changeset="161093922" lat="30.9678393" lon="76.47734" />
  <node id="12480400354" timestamp="2025-01-07T12:41:28Z" uid="22355679" user="Nikita2445" visible="true" version="1" changeset="161093922" lat="30.9678739" lon="76.4773374" />
  <node id="12480400355" timestamp="2025-01-07T12:41:28Z" uid="22355679" user="Nikita2445" visible="true" version="1" changeset="161093922" lat="30.9678613" lon="76.4771086" />
  <node id="12480400356" timestamp="2025-01-07T12:41:28Z" uid="22355679" user="Nikita2445" visible="true" version="1" changeset="161093922" lat="30.967829" lon="76.477111" />
  <node id="12480400357" timestamp="2025-01-07T12:41:28Z" uid="22355679" user="Nikita2445" visible="true" version="1" changeset="161093922" lat="30.9678249" lon="76.4770377" />
  <node id="12480400358" timestamp="2025-01-07T12:41:28Z" uid="22355679" user="Nikita2445" visible="true" version="1" changeset="161093922" lat="30.9678636" lon="76.4770347" />
  <node id="12480400359" timestamp="2025-01-07T12:41:28Z" uid="22355679" user="Nikita2445" visible="true" version="1" changeset="161093922" lat="30.967862" lon="76.4770044" />
  <node id="12480400360" timestamp="2025-01-07T12:41:28Z" uid="22355679" user="Nikita2445" visible="true" version="1" changeset="161093922" lat="30.9678389" lon="76.4769881" />
  <node id="12480400361" timestamp="2025-01-07T12:41:28Z" uid="22355679" user="Nikita2445" visible="true" version="1" changeset="161093922" lat="30.9678327" lon="76.4769017" />
  <node id="12480400362" timestamp="2025-01-07T12:41:28Z" uid="22355679" user="Nikita2445" visible="true" version="1" changeset="161093922" lat="30.9678628" lon="76.4768987" />
  <node id="12480400363" timestamp="2025-01-07T12:41:28Z" uid="22355679" user="Nikita2445" visible="true" version="1" changeset="161093922" lat="30.967857" lon="76.4768176" />
  <node id="12480400364" timestamp="2025-01-07T12:41:28Z" uid="22355679" user="Nikita2445" visible="true" version="1" changeset="161093922" lat="30.9678399" lon="76.4768106" />
  <node id="12480400365" timestamp="2025-01-07T12:41:28Z" uid="22355679" user="Nikita2445" visible="true" version="1" changeset="161093922" lat="30.9678333" lon="76.4767201" />
  <node id="12480400366" timestamp="2025-01-07T12:41:28Z" uid="22355679" user="Nikita2445" visible="true" version="1" changeset="161093922" lat="30.9678602" lon="76.4767174" />
  <node id="12480400367" timestamp="2025-01-07T12:41:28Z" uid="22355679" user="Nikita2445" visible="true" version="1" changeset="161093922" lat="30.967857" lon="76.476674" />
  <node id="12480400368" timestamp="2025-01-07T12:41:28Z" uid="22355679" user="Nikita2445" visible="true" version="1" changeset="161093922" lat="30.9678369" lon="76.4766647" />
  <node id="12480400369" timestamp="2025-01-07T12:41:28Z" uid="22355679" user="Nikita2445" visible="true" version="1" changeset="161093922" lat="30.9678363" lon="76.4766253" />
  <node id="12480400370" timestamp="2025-01-07T12:41:28Z" uid="22355679" user="Nikita2445" visible="true" version="1" changeset="161093922" lat="30.9684029" lon="76.4772533" />
  <node id="12480400371" timestamp="2025-01-07T12:41:28Z" uid="22355679" user="Nikita2445" visible="true" version="1" changeset="161093922" lat="30.9683994" lon="76.4775907" />
  <node id="12480400372" timestamp="2025-01-07T12:41:28Z" uid="22355679" user="Nikita2445" visible="true" version="1" changeset="161093922" lat="30.9684116" lon="76.4776192" />
  <node id="12480400373" timestamp="2025-01-07T12:41:28Z" uid="22355679" user="Nikita2445" visible="true" version="1" changeset="161093922" lat="30.9684412" lon="76.4776233" />
  <node id="12480400374" timestamp="2025-01-07T12:41:28Z" uid="22355679" user="Nikita2445" visible="true" version="1" changeset="161093922" lat="30.9685964" lon="76.477605" />
  <node id="12480400375" timestamp="2025-01-07T12:41:28Z" uid="22355679" user="Nikita2445" visible="true" version="1" changeset="161093922" lat="30.9685964" lon="76.4770866" />
  <node id="12480400376" timestamp="2025-01-07T12:41:28Z" uid="22355679" user="Nikita2445" visible="true" version="1" changeset="161093922" lat="30.9685563" lon="76.4771049" />
  <node id="12480400377" timestamp="2025-01-07T12:41:28Z" uid="22355679" user="Nikita2445" visible="true" version="1" changeset="161093922" lat="30.9685301" lon="76.4771131" />
  <node id="12480400378" timestamp="2025-01-07T12:41:28Z" uid="22355679" user="Nikita2445" visible="true" version="1" changeset="161093922" lat="30.968497" lon="76.4772295" />
  <node id="12480400379" timestamp="2025-01-07T12:41:28Z" uid="22355679" user="Nikita2445" visible="true" version="1" changeset="161093922" lat="30.9686452" lon="76.477111" />
  <node id="12480400380" timestamp="2025-01-07T12:41:28Z" uid="22355679" user="Nikita2445" visible="true" version="1" changeset="161093922" lat="30.9686539" lon="76.4775907" />
  <node id="12480400381" timestamp="2025-01-07T12:41:28Z" uid="22355679" user="Nikita2445" visible="true" version="1" changeset="161093922" lat="30.968809" lon="76.477605" />
  <node id="12480400382" timestamp="2025-01-07T12:41:28Z" uid="22355679" user="Nikita2445" visible="true" version="1" changeset="161093922" lat="30.9687968" lon="76.4772289" />
  <node id="12480400383" timestamp="2025-01-07T12:41:28Z" uid="22355679" user="Nikita2445" visible="true" version="1" changeset="161093922" lat="30.9687044" lon="76.4772391" />
  <node id="12480400384" timestamp="2025-04-24T09:30:48Z" uid="22355679" user="Nikita2445" visible="true" version="2" changeset="165369242" lat="30.9686705" lon="76.477113" />
  <node id="12480400385" timestamp="2025-01-07T12:41:28Z" uid="22355679" user="Nikita2445" visible="true" version="1" changeset="161093922" lat="30.9675486" lon="76.4765066" />
  <node id="12480400386" timestamp="2025-01-07T12:41:28Z" uid="22355679" user="Nikita2445" visible="true" version="1" changeset="161093922" lat="30.9676339" lon="76.4765029" />
  <node id="12480400387" timestamp="2025-01-07T12:41:28Z" uid="22355679" user="Nikita2445" visible="true" version="1" changeset="161093922" lat="30.9676351" lon="76.4765409" />
  <node id="12480400388" timestamp="2025-01-07T12:41:28Z" uid="22355679" user="Nikita2445" visible="true" version="1" changeset="161093922" lat="30.9676221" lon="76.4765491" />
  <node id="12480400389" timestamp="2025-01-07T12:41:28Z" uid="22355679" user="Nikita2445" visible="true" version="1" changeset="161093922" lat="30.9676243" lon="76.4765912" />
  <node id="12480400390" timestamp="2025-01-07T12:41:28Z" uid="22355679" user="Nikita2445" visible="true" version="1" changeset="161093922" lat="30.9676591" lon="76.4765887" />
  <node id="12480400391" timestamp="2025-01-07T12:41:28Z" uid="22355679" user="Nikita2445" visible="true" version="1" changeset="161093922" lat="30.9676717" lon="76.4768249" />
  <node id="12480400392" timestamp="2025-01-07T12:41:28Z" uid="22355679" user="Nikita2445" visible="true" version="1" changeset="161093922" lat="30.9676452" lon="76.4768268" />
  <node id="12480400393" timestamp="2025-01-07T12:41:28Z" uid="22355679" user="Nikita2445" visible="true" version="1" changeset="161093922" lat="30.9676478" lon="76.4768777" />
  <node id="12480400394" timestamp="2025-01-07T12:41:28Z" uid="22355679" user="Nikita2445" visible="true" version="1" changeset="161093922" lat="30.9676331" lon="76.4768787" />
  <node id="12480400395" timestamp="2025-01-07T12:41:28Z" uid="22355679" user="Nikita2445" visible="true" version="1" changeset="161093922" lat="30.9676428" lon="76.4770745" />
  <node id="12480400396" timestamp="2025-01-07T12:41:28Z" uid="22355679" user="Nikita2445" visible="true" version="1" changeset="161093922" lat="30.9676629" lon="76.4770732" />
  <node id="12480400397" timestamp="2025-01-07T12:41:28Z" uid="22355679" user="Nikita2445" visible="true" version="1" changeset="161093922" lat="30.9676654" lon="76.4771259" />
  <node id="12480400398" timestamp="2025-01-07T12:41:28Z" uid="22355679" user="Nikita2445" visible="true" version="1" changeset="161093922" lat="30.9676813" lon="76.477125" />
  <node id="12480400399" timestamp="2025-01-07T12:41:28Z" uid="22355679" user="Nikita2445" visible="true" version="1" changeset="161093922" lat="30.9676902" lon="76.4773269" />
  <node id="12480400400" timestamp="2025-01-07T12:41:28Z" uid="22355679" user="Nikita2445" visible="true" version="1" changeset="161093922" lat="30.9676702" lon="76.477328" />
  <node id="12480400401" timestamp="2025-01-07T12:41:28Z" uid="22355679" user="Nikita2445" visible="true" version="1" changeset="161093922" lat="30.9676723" lon="76.4773782" />
  <node id="12480400402" timestamp="2025-01-07T12:41:28Z" uid="22355679" user="Nikita2445" visible="true" version="1" changeset="161093922" lat="30.9676495" lon="76.4773795" />
  <node id="12480400403" timestamp="2025-01-07T12:41:28Z" uid="22355679" user="Nikita2445" visible="true" version="1" changeset="161093922" lat="30.9676545" lon="76.4775052" />
  <node id="12480400404" timestamp="2025-01-07T12:41:28Z" uid="22355679" user="Nikita2445" visible="true" version="1" changeset="161093922" lat="30.9675873" lon="76.4775088" />
  <node id="12480400405" timestamp="2025-01-07T12:41:28Z" uid="22355679" user="Nikita2445" visible="true" version="1" changeset="161093922" lat="30.9675819" lon="76.4773728" />
  <node id="12480400406" timestamp="2025-01-07T12:41:28Z" uid="22355679" user="Nikita2445" visible="true" version="1" changeset="161093922" lat="30.9676116" lon="76.4773712" />
  <node id="12480400407" timestamp="2025-01-07T12:41:28Z" uid="22355679" user="Nikita2445" visible="true" version="1" changeset="161093922" lat="30.9676081" lon="76.4772829" />
  <node id="12480400408" timestamp="2025-01-07T12:41:28Z" uid="22355679" user="Nikita2445" visible="true" version="1" changeset="161093922" lat="30.9675883" lon="76.477284" />
  <node id="12480400409" timestamp="2025-01-07T12:41:28Z" uid="22355679" user="Nikita2445" visible="true" version="1" changeset="161093922" lat="30.9675831" lon="76.477148" />
  <node id="12480400410" timestamp="2025-01-07T12:41:28Z" uid="22355679" user="Nikita2445" visible="true" version="1" changeset="161093922" lat="30.9676171" lon="76.4771363" />
  <node id="12480400411" timestamp="2025-01-07T12:41:28Z" uid="22355679" user="Nikita2445" visible="true" version="1" changeset="161093922" lat="30.9676169" lon="76.4770666" />
  <node id="12480400412" timestamp="2025-01-07T12:41:28Z" uid="22355679" user="Nikita2445" visible="true" version="1" changeset="161093922" lat="30.9675656" lon="76.4770668" />
  <node id="12480400413" timestamp="2025-01-07T12:41:28Z" uid="22355679" user="Nikita2445" visible="true" version="1" changeset="161093922" lat="30.967562" lon="76.4768807" />
  <node id="12480400414" timestamp="2025-01-07T12:41:28Z" uid="22355679" user="Nikita2445" visible="true" version="1" changeset="161093922" lat="30.9676001" lon="76.4768771" />
  <node id="12480400415" timestamp="2025-01-07T12:41:28Z" uid="22355679" user="Nikita2445" visible="true" version="1" changeset="161093922" lat="30.9675983" lon="76.4768211" />
  <node id="12480400416" timestamp="2025-01-07T12:41:28Z" uid="22355679" user="Nikita2445" visible="true" version="1" changeset="161093922" lat="30.9675588" lon="76.4768228" />
  <node id="12480400417" timestamp="2025-01-07T12:41:28Z" uid="22355679" user="Nikita2445" visible="true" version="1" changeset="161093922" lat="30.9672508" lon="76.476499" />
  <node id="12480400418" timestamp="2025-01-07T12:41:28Z" uid="22355679" user="Nikita2445" visible="true" version="1" changeset="161093922" lat="30.9673472" lon="76.4764947" />
  <node id="12480400419" timestamp="2025-01-07T12:41:28Z" uid="22355679" user="Nikita2445" visible="true" version="1" changeset="161093922" lat="30.9673516" lon="76.4766239" />
  <node id="12480400420" timestamp="2025-01-07T12:41:28Z" uid="22355679" user="Nikita2445" visible="true" version="1" changeset="161093922" lat="30.9673161" lon="76.4766256" />
  <node id="12480400421" timestamp="2025-01-07T12:41:28Z" uid="22355679" user="Nikita2445" visible="true" version="1" changeset="161093922" lat="30.9673168" lon="76.4766449" />
  <node id="12480400422" timestamp="2025-01-07T12:41:28Z" uid="22355679" user="Nikita2445" visible="true" version="1" changeset="161093922" lat="30.967343" lon="76.4766434" />
  <node id="12480400423" timestamp="2025-01-07T12:41:28Z" uid="22355679" user="Nikita2445" visible="true" version="1" changeset="161093922" lat="30.9673521" lon="76.4768525" />
  <node id="12480400424" timestamp="2025-01-07T12:41:28Z" uid="22355679" user="Nikita2445" visible="true" version="1" changeset="161093922" lat="30.9673102" lon="76.476855" />
  <node id="12480400425" timestamp="2025-01-07T12:41:28Z" uid="22355679" user="Nikita2445" visible="true" version="1" changeset="161093922" lat="30.9673116" lon="76.4768838" />
  <node id="12480400426" timestamp="2025-01-07T12:41:28Z" uid="22355679" user="Nikita2445" visible="true" version="1" changeset="161093922" lat="30.967345" lon="76.4768816" />
  <node id="12480400427" timestamp="2025-01-07T12:41:28Z" uid="22355679" user="Nikita2445" visible="true" version="1" changeset="161093922" lat="30.9673553" lon="76.4770883" />
  <node id="12480400428" timestamp="2025-01-07T12:41:28Z" uid="22355679" user="Nikita2445" visible="true" version="1" changeset="161093922" lat="30.9673207" lon="76.4770907" />
  <node id="12480400429" timestamp="2025-01-07T12:41:28Z" uid="22355679" user="Nikita2445" visible="true" version="1" changeset="161093922" lat="30.967328" lon="76.4772331" />
  <node id="12480400430" timestamp="2025-01-07T12:41:28Z" uid="22355679" user="Nikita2445" visible="true" version="1" changeset="161093922" lat="30.9672354" lon="76.4772396" />
  <node id="12480400431" timestamp="2025-01-07T12:41:28Z" uid="22355679" user="Nikita2445" visible="true" version="1" changeset="161093922" lat="30.9672278" lon="76.4770925" />
  <node id="12480400432" timestamp="2025-01-07T12:41:28Z" uid="22355679" user="Nikita2445" visible="true" version="1" changeset="161093922" lat="30.9672608" lon="76.4770725" />
  <node id="12480400433" timestamp="2025-01-07T12:41:28Z" uid="22355679" user="Nikita2445" visible="true" version="1" changeset="161093922" lat="30.967257" lon="76.4769227" />
  <node id="12480400434" timestamp="2025-01-07T12:41:28Z" uid="22355679" user="Nikita2445" visible="true" version="1" changeset="161093922" lat="30.9672177" lon="76.4769241" />
  <node id="12480400435" timestamp="2025-01-07T12:41:28Z" uid="22355679" user="Nikita2445" visible="true" version="1" changeset="161093922" lat="30.9672146" lon="76.4768063" />
  <node id="12480400436" timestamp="2025-01-07T12:41:28Z" uid="22355679" user="Nikita2445" visible="true" version="1" changeset="161093922" lat="30.9672387" lon="76.4768055" />
  <node id="12480400437" timestamp="2025-01-07T12:41:28Z" uid="22355679" user="Nikita2445" visible="true" version="1" changeset="161093922" lat="30.9672353" lon="76.4766826" />
  <node id="12480400438" timestamp="2025-01-07T12:41:28Z" uid="22355679" user="Nikita2445" visible="true" version="1" changeset="161093922" lat="30.9672012" lon="76.4766839" />
  <node id="12480400439" timestamp="2025-01-07T12:41:28Z" uid="22355679" user="Nikita2445" visible="true" version="1" changeset="161093922" lat="30.9671976" lon="76.4765658" />
  <node id="12480400440" timestamp="2025-01-07T12:41:28Z" uid="22355679" user="Nikita2445" visible="true" version="1" changeset="161093922" lat="30.9672529" lon="76.4765635" />
  <node id="12486259163" timestamp="2025-01-09T10:57:08Z" uid="22355679" user="Nikita2445" visible="true" version="1" changeset="161164830" lat="30.9699802" lon="76.4776906" />
  <node id="12486259164" timestamp="2025-01-09T10:57:08Z" uid="22355679" user="Nikita2445" visible="true" version="1" changeset="161164830" lat="30.970086" lon="76.4776881" />
  <node id="12486259165" timestamp="2025-01-09T10:57:08Z" uid="22355679" user="Nikita2445" visible="true" version="1" changeset="161164830" lat="30.9700886" lon="76.4778367" />
  <node id="12486259166" timestamp="2025-01-09T10:57:08Z" uid="22355679" user="Nikita2445" visible="true" version="1" changeset="161164830" lat="30.9701481" lon="76.4778353" />
  <node id="12486259167" timestamp="2025-01-09T10:57:08Z" uid="22355679" user="Nikita2445" visible="true" version="1" changeset="161164830" lat="30.9701554" lon="76.4782353" />
  <node id="12486259168" timestamp="2025-01-09T10:57:08Z" uid="22355679" user="Nikita2445" visible="true" version="1" changeset="161164830" lat="30.9700964" lon="76.4782368" />
  <node id="12486259169" timestamp="2025-01-09T10:57:08Z" uid="22355679" user="Nikita2445" visible="true" version="1" changeset="161164830" lat="30.9701001" lon="76.4784427" />
  <node id="12486259170" timestamp="2025-01-09T10:57:08Z" uid="22355679" user="Nikita2445" visible="true" version="1" changeset="161164830" lat="30.9699972" lon="76.4784452" />
  <node id="12486259171" timestamp="2025-01-09T10:57:08Z" uid="22355679" user="Nikita2445" visible="true" version="1" changeset="161164830" lat="30.9699943" lon="76.4782816" />
  <node id="12486259172" timestamp="2025-01-09T10:57:08Z" uid="22355679" user="Nikita2445" visible="true" version="1" changeset="161164830" lat="30.970046" lon="76.4782803" />
  <node id="12486259173" timestamp="2025-01-09T10:57:08Z" uid="22355679" user="Nikita2445" visible="true" version="1" changeset="161164830" lat="30.9700387" lon="76.4778718" />
  <node id="12486259174" timestamp="2025-01-09T10:57:08Z" uid="22355679" user="Nikita2445" visible="true" version="1" changeset="161164830" lat="30.9699835" lon="76.4778732" />
  <node id="12486259175" timestamp="2025-01-09T10:57:08Z" uid="22355679" user="Nikita2445" visible="true" version="1" changeset="161164830" lat="30.9699541" lon="76.4786476" />
  <node id="12486259176" timestamp="2025-01-09T10:57:08Z" uid="22355679" user="Nikita2445" visible="true" version="1" changeset="161164830" lat="30.9700513" lon="76.4786416" />
  <node id="12486259177" timestamp="2025-01-09T10:57:08Z" uid="22355679" user="Nikita2445" visible="true" version="1" changeset="161164830" lat="30.9700595" lon="76.4788255" />
  <node id="12486259178" timestamp="2025-01-09T10:57:08Z" uid="22355679" user="Nikita2445" visible="true" version="1" changeset="161164830" lat="30.9700869" lon="76.4788238" />
  <node id="12486259179" timestamp="2025-01-09T10:57:08Z" uid="22355679" user="Nikita2445" visible="true" version="1" changeset="161164830" lat="30.9700904" lon="76.4789016" />
  <node id="12486259180" timestamp="2025-01-09T10:57:08Z" uid="22355679" user="Nikita2445" visible="true" version="1" changeset="161164830" lat="30.9700718" lon="76.4789027" />
  <node id="12486259181" timestamp="2025-01-09T10:57:08Z" uid="22355679" user="Nikita2445" visible="true" version="1" changeset="161164830" lat="30.9700802" lon="76.4790894" />
  <node id="12486259182" timestamp="2025-01-09T10:57:08Z" uid="22355679" user="Nikita2445" visible="true" version="1" changeset="161164830" lat="30.9699784" lon="76.4790957" />
  <node id="12486259183" timestamp="2025-01-09T10:57:08Z" uid="22355679" user="Nikita2445" visible="true" version="1" changeset="161164830" lat="30.9699704" lon="76.478918" />
  <node id="12486259184" timestamp="2025-01-09T10:57:08Z" uid="22355679" user="Nikita2445" visible="true" version="1" changeset="161164830" lat="30.969998" lon="76.4789163" />
  <node id="12486259185" timestamp="2025-01-09T10:57:08Z" uid="22355679" user="Nikita2445" visible="true" version="1" changeset="161164830" lat="30.9699944" lon="76.4788378" />
  <node id="12486259186" timestamp="2025-01-09T10:57:08Z" uid="22355679" user="Nikita2445" visible="true" version="1" changeset="161164830" lat="30.9699628" lon="76.4788397" />
  <node id="12486259187" timestamp="2025-01-09T10:57:08Z" uid="22355679" user="Nikita2445" visible="true" version="1" changeset="161164830" lat="30.9703518" lon="76.4776941" />
  <node id="12486259188" timestamp="2025-01-09T10:57:08Z" uid="22355679" user="Nikita2445" visible="true" version="1" changeset="161164830" lat="30.9704435" lon="76.4776894" />
  <node id="12486259189" timestamp="2025-01-09T10:57:08Z" uid="22355679" user="Nikita2445" visible="true" version="1" changeset="161164830" lat="30.9704492" lon="76.4778432" />
  <node id="12486259190" timestamp="2025-01-09T10:57:08Z" uid="22355679" user="Nikita2445" visible="true" version="1" changeset="161164830" lat="30.9703993" lon="76.4778457" />
  <node id="12486259191" timestamp="2025-01-09T10:57:08Z" uid="22355679" user="Nikita2445" visible="true" version="1" changeset="161164830" lat="30.9704159" lon="76.4782929" />
  <node id="12486259192" timestamp="2025-01-09T10:57:08Z" uid="22355679" user="Nikita2445" visible="true" version="1" changeset="161164830" lat="30.9704545" lon="76.478291" />
  <node id="12486259193" timestamp="2025-01-09T10:57:08Z" uid="22355679" user="Nikita2445" visible="true" version="1" changeset="161164830" lat="30.9704603" lon="76.4784467" />
  <node id="12486259194" timestamp="2025-01-09T10:57:08Z" uid="22355679" user="Nikita2445" visible="true" version="1" changeset="161164830" lat="30.9703705" lon="76.4784512" />
  <node id="12486259195" timestamp="2025-01-09T10:57:08Z" uid="22355679" user="Nikita2445" visible="true" version="1" changeset="161164830" lat="30.9703653" lon="76.4783108" />
  <node id="12486259196" timestamp="2025-01-09T10:57:08Z" uid="22355679" user="Nikita2445" visible="true" version="1" changeset="161164830" lat="30.9703083" lon="76.4783137" />
  <node id="12486259197" timestamp="2025-01-09T10:57:08Z" uid="22355679" user="Nikita2445" visible="true" version="1" changeset="161164830" lat="30.9702907" lon="76.4778366" />
  <node id="12486259198" timestamp="2025-01-09T10:57:08Z" uid="22355679" user="Nikita2445" visible="true" version="1" changeset="161164830" lat="30.970357" lon="76.4778333" />
  <node id="12486259199" timestamp="2025-01-09T10:57:08Z" uid="22355679" user="Nikita2445" visible="true" version="1" changeset="161164830" lat="30.9706207" lon="76.4776809" />
  <node id="12486259200" timestamp="2025-01-09T10:57:08Z" uid="22355679" user="Nikita2445" visible="true" version="1" changeset="161164830" lat="30.9707201" lon="76.4776796" />
  <node id="12486296501" timestamp="2025-01-09T10:57:08Z" uid="22355679" user="Nikita2445" visible="true" version="1" changeset="161164830" lat="30.9707215" lon="76.4778319" />
  <node id="12486296502" timestamp="2025-01-09T10:57:08Z" uid="22355679" user="Nikita2445" visible="true" version="1" changeset="161164830" lat="30.9707784" lon="76.4778312" />
  <node id="12486296503" timestamp="2025-01-09T10:57:08Z" uid="22355679" user="Nikita2445" visible="true" version="1" changeset="161164830" lat="30.9707823" lon="76.4782569" />
  <node id="12486296504" timestamp="2025-01-09T10:57:08Z" uid="22355679" user="Nikita2445" visible="true" version="1" changeset="161164830" lat="30.9707409" lon="76.4782574" />
  <node id="12486296505" timestamp="2025-01-09T10:57:08Z" uid="22355679" user="Nikita2445" visible="true" version="1" changeset="161164830" lat="30.9707426" lon="76.4784432" />
  <node id="12486296506" timestamp="2025-01-09T10:57:08Z" uid="22355679" user="Nikita2445" visible="true" version="1" changeset="161164830" lat="30.9706263" lon="76.4784447" />
  <node id="12486296507" timestamp="2025-01-09T10:57:08Z" uid="22355679" user="Nikita2445" visible="true" version="1" changeset="161164830" lat="30.9706246" lon="76.4782672" />
  <node id="12486296508" timestamp="2025-01-09T10:57:08Z" uid="22355679" user="Nikita2445" visible="true" version="1" changeset="161164830" lat="30.970691" lon="76.4782663" />
  <node id="12486296509" timestamp="2025-01-09T10:57:08Z" uid="22355679" user="Nikita2445" visible="true" version="1" changeset="161164830" lat="30.970687" lon="76.4778418" />
  <node id="12486296510" timestamp="2025-01-09T10:57:08Z" uid="22355679" user="Nikita2445" visible="true" version="1" changeset="161164830" lat="30.9706222" lon="76.4778426" />
  <node id="12486296511" timestamp="2025-01-09T10:57:08Z" uid="22355679" user="Nikita2445" visible="true" version="1" changeset="161164830" lat="30.9709776" lon="76.4776812" />
  <node id="12486296512" timestamp="2025-01-09T10:57:08Z" uid="22355679" user="Nikita2445" visible="true" version="1" changeset="161164830" lat="30.9710739" lon="76.4776756" />
  <node id="12486296513" timestamp="2025-01-09T10:57:08Z" uid="22355679" user="Nikita2445" visible="true" version="1" changeset="161164830" lat="30.9710805" lon="76.4778293" />
  <node id="12486296514" timestamp="2025-01-09T10:57:08Z" uid="22355679" user="Nikita2445" visible="true" version="1" changeset="161164830" lat="30.9710306" lon="76.4778322" />
  <node id="12486296515" timestamp="2025-01-09T10:57:08Z" uid="22355679" user="Nikita2445" visible="true" version="1" changeset="161164830" lat="30.9710504" lon="76.4782922" />
  <node id="12486296516" timestamp="2025-01-09T10:57:08Z" uid="22355679" user="Nikita2445" visible="true" version="1" changeset="161164830" lat="30.9710906" lon="76.4782898" />
  <node id="12486296517" timestamp="2025-01-09T10:57:08Z" uid="22355679" user="Nikita2445" visible="true" version="1" changeset="161164830" lat="30.9710972" lon="76.4784421" />
  <node id="12486296518" timestamp="2025-01-09T10:57:08Z" uid="22355679" user="Nikita2445" visible="true" version="1" changeset="161164830" lat="30.9709938" lon="76.4784481" />
  <node id="12486296519" timestamp="2025-01-09T10:57:08Z" uid="22355679" user="Nikita2445" visible="true" version="1" changeset="161164830" lat="30.9709883" lon="76.4783196" />
  <node id="12486296520" timestamp="2025-01-09T10:57:08Z" uid="22355679" user="Nikita2445" visible="true" version="1" changeset="161164830" lat="30.9709436" lon="76.4783223" />
  <node id="12486296521" timestamp="2025-01-09T10:57:08Z" uid="22355679" user="Nikita2445" visible="true" version="1" changeset="161164830" lat="30.9709215" lon="76.4778115" />
  <node id="12486296522" timestamp="2025-01-09T10:57:08Z" uid="22355679" user="Nikita2445" visible="true" version="1" changeset="161164830" lat="30.970983" lon="76.4778078" />
  <node id="12486296541" timestamp="2025-01-09T10:57:08Z" uid="22355679" user="Nikita2445" visible="true" version="1" changeset="161164830" lat="30.9705948" lon="76.4770315" />
  <node id="12486296542" timestamp="2025-01-09T10:57:08Z" uid="22355679" user="Nikita2445" visible="true" version="1" changeset="161164830" lat="30.9708262" lon="76.4770306" />
  <node id="12486296543" timestamp="2025-01-09T10:57:08Z" uid="22355679" user="Nikita2445" visible="true" version="1" changeset="161164830" lat="30.9708277" lon="76.4771784" />
  <node id="12486296544" timestamp="2025-01-09T10:57:08Z" uid="22355679" user="Nikita2445" visible="true" version="1" changeset="161164830" lat="30.9705963" lon="76.4771801" />
  <node id="12486296545" timestamp="2025-01-09T10:57:08Z" uid="22355679" user="Nikita2445" visible="true" version="1" changeset="161164830" lat="30.9708682" lon="76.4770698" />
  <node id="12486296546" timestamp="2025-01-09T10:57:08Z" uid="22355679" user="Nikita2445" visible="true" version="1" changeset="161164830" lat="30.9709326" lon="76.4770709" />
  <node id="12486296547" timestamp="2025-01-09T10:57:08Z" uid="22355679" user="Nikita2445" visible="true" version="1" changeset="161164830" lat="30.9709319" lon="76.4771258" />
  <node id="12486296548" timestamp="2025-01-09T10:57:08Z" uid="22355679" user="Nikita2445" visible="true" version="1" changeset="161164830" lat="30.9708675" lon="76.4771247" />
  <node id="12486296574" timestamp="2025-01-09T10:57:08Z" uid="22355679" user="Nikita2445" visible="true" version="1" changeset="161164830" lat="30.9702478" lon="76.4762939" />
  <node id="12486296575" timestamp="2025-01-09T10:57:08Z" uid="22355679" user="Nikita2445" visible="true" version="1" changeset="161164830" lat="30.9703053" lon="76.4762939" />
  <node id="12486296576" timestamp="2025-01-09T10:57:08Z" uid="22355679" user="Nikita2445" visible="true" version="1" changeset="161164830" lat="30.9703041" lon="76.4764723" />
  <node id="12486296577" timestamp="2025-01-09T10:57:08Z" uid="22355679" user="Nikita2445" visible="true" version="1" changeset="161164830" lat="30.9702466" lon="76.476475" />
  <node id="12486296578" timestamp="2025-01-09T10:57:08Z" uid="22355679" user="Nikita2445" visible="true" version="1" changeset="161164830" lat="30.9702478" lon="76.4764428" />
  <node id="12486296579" timestamp="2025-01-09T10:57:08Z" uid="22355679" user="Nikita2445" visible="true" version="1" changeset="161164830" lat="30.9702788" lon="76.4764441" />
  <node id="12486296580" timestamp="2025-01-09T10:57:08Z" uid="22355679" user="Nikita2445" visible="true" version="1" changeset="161164830" lat="30.9702777" lon="76.47642" />
  <node id="12486296581" timestamp="2025-01-09T10:57:08Z" uid="22355679" user="Nikita2445" visible="true" version="1" changeset="161164830" lat="30.9702495" lon="76.4764205" />
  <node id="12486296582" timestamp="2025-01-09T10:57:08Z" uid="22355679" user="Nikita2445" visible="true" version="1" changeset="161164830" lat="30.9668888" lon="76.4756362" />
  <node id="12486296583" timestamp="2025-01-09T10:57:08Z" uid="22355679" user="Nikita2445" visible="true" version="1" changeset="161164830" lat="30.9669695" lon="76.4756344" />
  <node id="12486296584" timestamp="2025-01-09T10:57:08Z" uid="22355679" user="Nikita2445" visible="true" version="1" changeset="161164830" lat="30.9669723" lon="76.4758094" />
  <node id="12486296585" timestamp="2025-01-09T10:57:08Z" uid="22355679" user="Nikita2445" visible="true" version="1" changeset="161164830" lat="30.9668396" lon="76.4758123" />
  <node id="12486296586" timestamp="2025-01-09T10:57:08Z" uid="22355679" user="Nikita2445" visible="true" version="1" changeset="161164830" lat="30.9668382" lon="76.475723" />
  <node id="12486296587" timestamp="2025-01-09T10:57:08Z" uid="22355679" user="Nikita2445" visible="true" version="1" changeset="161164830" lat="30.9667852" lon="76.4757242" />
  <node id="12486296588" timestamp="2025-01-09T10:57:08Z" uid="22355679" user="Nikita2445" visible="true" version="1" changeset="161164830" lat="30.9667875" lon="76.4758717" />
  <node id="12486296589" timestamp="2025-01-09T10:57:08Z" uid="22355679" user="Nikita2445" visible="true" version="1" changeset="161164830" lat="30.9666713" lon="76.4758742" />
  <node id="12486296590" timestamp="2025-01-09T10:57:08Z" uid="22355679" user="Nikita2445" visible="true" version="1" changeset="161164830" lat="30.9666673" lon="76.4756172" />
  <node id="12486296591" timestamp="2025-01-09T10:57:08Z" uid="22355679" user="Nikita2445" visible="true" version="1" changeset="161164830" lat="30.9668357" lon="76.4756136" />
  <node id="12486296592" timestamp="2025-01-09T10:57:08Z" uid="22355679" user="Nikita2445" visible="true" version="1" changeset="161164830" lat="30.966835" lon="76.4755678" />
  <node id="12486296593" timestamp="2025-01-09T10:57:08Z" uid="22355679" user="Nikita2445" visible="true" version="1" changeset="161164830" lat="30.9668877" lon="76.4755667" />
  <node id="12486296594" timestamp="2025-01-09T10:57:08Z" uid="22355679" user="Nikita2445" visible="true" version="1" changeset="161164830" lat="30.9674945" lon="76.4755289" />
  <node id="12486296595" timestamp="2025-01-09T10:57:08Z" uid="22355679" user="Nikita2445" visible="true" version="1" changeset="161164830" lat="30.9675527" lon="76.4755266" />
  <node id="12486296596" timestamp="2025-01-09T10:57:08Z" uid="22355679" user="Nikita2445" visible="true" version="1" changeset="161164830" lat="30.9675514" lon="76.4754825" />
  <node id="12486296597" timestamp="2025-01-09T10:57:08Z" uid="22355679" user="Nikita2445" visible="true" version="1" changeset="161164830" lat="30.967594" lon="76.4754808" />
  <node id="12486296598" timestamp="2025-01-09T10:57:08Z" uid="22355679" user="Nikita2445" visible="true" version="1" changeset="161164830" lat="30.9675953" lon="76.4755262" />
  <node id="12486296599" timestamp="2025-01-09T10:57:08Z" uid="22355679" user="Nikita2445" visible="true" version="1" changeset="161164830" lat="30.9676638" lon="76.4755234" />
  <node id="12486296600" timestamp="2025-01-09T10:57:08Z" uid="22355679" user="Nikita2445" visible="true" version="1" changeset="161164830" lat="30.9676673" lon="76.4756409" />
  <node id="12486296601" timestamp="2025-01-09T10:57:08Z" uid="22355679" user="Nikita2445" visible="true" version="1" changeset="161164830" lat="30.9674979" lon="76.4756476" />
  <node id="14103608562" timestamp="2026-08-18T18:11:24Z" uid="24432321" user="adarsh4our" visible="true" version="1" changeset="187654362" lat="30.9682097" lon="76.4695734" />
  <node id="14103608563" timestamp="2026-08-18T18:11:24Z" uid="24432321" user="adarsh4our" visible="true" version="1" changeset="187654362" lat="30.9680656" lon="76.4696427">
    <tag k="junction" v="yes" />
    <tag k="junction_type" v="3-way T/Y Junction" />
    <tag k="degree" v="3" />
    <tag k="name" v="Junction 14103608563 (3-way T/Y Junction)" />
  </node>
  <node id="14103608564" timestamp="2026-08-18T18:11:24Z" uid="24432321" user="adarsh4our" visible="true" version="1" changeset="187654362" lat="30.9680617" lon="76.4693975" />
  <node id="14103608568" timestamp="2026-08-18T18:11:24Z" uid="24432321" user="adarsh4our" visible="true" version="1" changeset="187654362" lat="30.9679569" lon="76.4692283" />
  <node id="14103608569" timestamp="2026-08-18T18:11:24Z" uid="24432321" user="adarsh4our" visible="true" version="1" changeset="187654362" lat="30.9679569" lon="76.4693045" />
  <node id="14103608570" timestamp="2026-08-18T18:11:24Z" uid="24432321" user="adarsh4our" visible="true" version="1" changeset="187654362" lat="30.967906" lon="76.4693088" />
  <node id="14103608571" timestamp="2026-08-18T18:11:24Z" uid="24432321" user="adarsh4our" visible="true" version="1" changeset="187654362" lat="30.967906" lon="76.4692643" />
  <node id="14103608572" timestamp="2026-08-18T18:11:24Z" uid="24432321" user="adarsh4our" visible="true" version="1" changeset="187654362" lat="30.9678933" lon="76.4692304" />
  <node id="14103608573" timestamp="2026-08-18T18:11:24Z" uid="24432321" user="adarsh4our" visible="true" version="1" changeset="187654362" lat="30.9678042" lon="76.4692304" />
  <node id="14103608574" timestamp="2026-08-18T18:11:24Z" uid="24432321" user="adarsh4our" visible="true" version="1" changeset="187654362" lat="30.9678042" lon="76.4693151" />
  <node id="14103608575" timestamp="2026-08-18T18:11:24Z" uid="24432321" user="adarsh4our" visible="true" version="1" changeset="187654362" lat="30.9677388" lon="76.4693151" />
  <node id="14103608576" timestamp="2026-08-18T18:11:24Z" uid="24432321" user="adarsh4our" visible="true" version="1" changeset="187654362" lat="30.9677334" lon="76.4692325" />
  <node id="14103608577" timestamp="2026-09-24T17:25:54Z" uid="24589846" user="Y@shP" visible="true" version="2" changeset="189509374" lat="30.9673814" lon="76.4673493">
    <tag k="highway" v="crossing" />
    <tag k="junction" v="yes" />
    <tag k="junction_type" v="3-way T/Y Junction" />
    <tag k="degree" v="3" />
    <tag k="name" v="Junction 14103608577 (3-way T/Y Junction)" />
  </node>
  <node id="14103608578" timestamp="2026-08-18T18:11:24Z" uid="24432321" user="adarsh4our" visible="true" version="1" changeset="187654362" lat="30.9673356" lon="76.4674109" />
  <node id="14103608579" timestamp="2026-08-18T18:11:24Z" uid="24432321" user="adarsh4our" visible="true" version="1" changeset="187654362" lat="30.9673184" lon="76.4674567" />
  <node id="14103608580" timestamp="2026-08-18T18:11:24Z" uid="24432321" user="adarsh4our" visible="true" version="1" changeset="187654362" lat="30.9673209" lon="76.4677859">
    <tag k="highway" v="bus_stop" />
    <tag k="junction" v="yes" />
    <tag k="junction_type" v="Road End / Cul-de-sac" />
    <tag k="degree" v="1" />
    <tag k="name" v="Junction 14103608580 (Road End / Cul-de-sac)" />
  </node>
  <node id="14103608581" timestamp="2026-08-18T18:11:24Z" uid="24432321" user="adarsh4our" visible="true" version="1" changeset="187654362" lat="30.9674611" lon="76.4676786" />
  <node id="14103608582" timestamp="2026-08-18T18:11:24Z" uid="24432321" user="adarsh4our" visible="true" version="1" changeset="187654362" lat="30.9674557" lon="76.4679599" />
  <node id="14103608583" timestamp="2026-08-18T18:11:24Z" uid="24432321" user="adarsh4our" visible="true" version="1" changeset="187654362" lat="30.9671633" lon="76.4679599" />
  <node id="14103608584" timestamp="2026-08-18T18:11:24Z" uid="24432321" user="adarsh4our" visible="true" version="1" changeset="187654362" lat="30.9671593" lon="76.4679174" />
  <node id="14103608585" timestamp="2026-08-18T18:11:24Z" uid="24432321" user="adarsh4our" visible="true" version="1" changeset="187654362" lat="30.9671215" lon="76.4679159" />
  <node id="14103608586" timestamp="2026-08-18T18:11:24Z" uid="24432321" user="adarsh4our" visible="true" version="1" changeset="187654362" lat="30.9671229" lon="76.4677964" />
  <node id="14103608587" timestamp="2026-08-18T18:11:24Z" uid="24432321" user="adarsh4our" visible="true" version="1" changeset="187654362" lat="30.9671849" lon="76.467776" />
  <node id="14103608588" timestamp="2026-08-18T18:11:24Z" uid="24432321" user="adarsh4our" visible="true" version="1" changeset="187654362" lat="30.9671876" lon="76.467677" />
  <node id="14103608589" timestamp="2026-09-24T17:25:54Z" uid="24589846" user="Y@shP" visible="true" version="3" changeset="189509374" lat="30.9692723" lon="76.4740929">
    <tag k="highway" v="crossing" />
    <tag k="junction" v="yes" />
    <tag k="junction_type" v="3-way T/Y Junction" />
    <tag k="degree" v="3" />
    <tag k="name" v="Junction 14103608589 (3-way T/Y Junction)" />
  </node>
  <node id="14103608591" timestamp="2026-08-25T05:53:53Z" uid="11840981" user="sahilister" visible="true" version="2" changeset="187970606" lat="30.9692957" lon="76.4750926" />
  <node id="14103608595" timestamp="2026-09-24T17:25:54Z" uid="24589846" user="Y@shP" visible="true" version="3" changeset="189509374" lat="30.9692702" lon="76.4745274" />
  <node id="14103608596" timestamp="2026-08-18T18:11:24Z" uid="24432321" user="adarsh4our" visible="true" version="1" changeset="187654362" lat="30.9680974" lon="76.4707575" />
  <node id="14103608597" timestamp="2026-08-18T18:11:24Z" uid="24432321" user="adarsh4our" visible="true" version="1" changeset="187654362" lat="30.9680705" lon="76.4708204" />
  <node id="14103608598" timestamp="2026-08-18T18:11:24Z" uid="24432321" user="adarsh4our" visible="true" version="1" changeset="187654362" lat="30.9680648" lon="76.4711216" />
  <node id="14103608599" timestamp="2026-08-18T18:11:24Z" uid="24432321" user="adarsh4our" visible="true" version="1" changeset="187654362" lat="30.9681002" lon="76.4713446" />
  <node id="14103608600" timestamp="2026-08-18T18:11:24Z" uid="24432321" user="adarsh4our" visible="true" version="1" changeset="187654362" lat="30.9681014" lon="76.471685" />
  <node id="14103649901" timestamp="2026-09-24T17:25:54Z" uid="24589846" user="Y@shP" visible="true" version="2" changeset="189509374" lat="30.9681001" lon="76.4718602">
    <tag k="highway" v="crossing" />
    <tag k="junction" v="yes" />
    <tag k="junction_type" v="3-way T/Y Junction" />
    <tag k="degree" v="3" />
    <tag k="name" v="Junction 14103649901 (3-way T/Y Junction)" />
  </node>
  <node id="14103649902" timestamp="2026-08-18T18:11:24Z" uid="24432321" user="adarsh4our" visible="true" version="1" changeset="187654362" lat="30.9677612" lon="76.472326">
    <tag k="highway" v="bus_stop" />
    <tag k="junction" v="yes" />
    <tag k="junction_type" v="3-way T/Y Junction" />
    <tag k="degree" v="3" />
    <tag k="name" v="Junction 14103649902 (3-way T/Y Junction)" />
  </node>
  <node id="14103649903" timestamp="2026-08-18T18:11:24Z" uid="24432321" user="adarsh4our" visible="true" version="1" changeset="187654362" lat="30.9678242" lon="76.4725769">
    <tag k="highway" v="crossing" />
    <tag k="junction" v="yes" />
    <tag k="junction_type" v="3-way T/Y Junction" />
    <tag k="degree" v="3" />
    <tag k="name" v="Junction 14103649903 (3-way T/Y Junction)" />
  </node>
  <node id="14103649904" timestamp="2026-08-18T18:11:24Z" uid="24432321" user="adarsh4our" visible="true" version="1" changeset="187654362" lat="30.9678935" lon="76.4727556" />
  <node id="14103649905" timestamp="2026-08-18T18:11:24Z" uid="24432321" user="adarsh4our" visible="true" version="1" changeset="187654362" lat="30.9679385" lon="76.4728194" />
  <node id="14103649906" timestamp="2026-08-18T18:11:24Z" uid="24432321" user="adarsh4our" visible="true" version="1" changeset="187654362" lat="30.9688375" lon="76.4723108" />
  <node id="14103649907" timestamp="2026-08-18T18:11:24Z" uid="24432321" user="adarsh4our" visible="true" version="1" changeset="187654362" lat="30.9681709" lon="76.4680164" />
  <node id="14103649908" timestamp="2026-08-18T18:11:24Z" uid="24432321" user="adarsh4our" visible="true" version="1" changeset="187654362" lat="30.9681709" lon="76.4678707" />
  <node id="14121711105" timestamp="2026-09-24T17:25:54Z" uid="24589846" user="Y@shP" visible="true" version="2" changeset="189509374" lat="30.9665417" lon="76.4761357">
    <tag k="highway" v="crossing" />
    <tag k="junction" v="yes" />
    <tag k="junction_type" v="3-way T/Y Junction" />
    <tag k="degree" v="3" />
    <tag k="name" v="Junction 14121711105 (3-way T/Y Junction)" />
  </node>
  <node id="14121711108" timestamp="2026-09-24T17:25:54Z" uid="24589846" user="Y@shP" visible="true" version="2" changeset="189509374" lat="30.9680566" lon="76.4760832" />
  <node id="14121711109" timestamp="2026-08-25T05:53:53Z" uid="11840981" user="sahilister" visible="true" version="1" changeset="187970606" lat="30.9664909" lon="76.4692265" />
  <node id="14212446381" timestamp="2026-09-24T17:25:54Z" uid="24589846" user="Y@shP" visible="true" version="1" changeset="189509374" lat="30.9692961" lon="76.4758141">
    <tag k="highway" v="bus_stop" />
    <tag k="junction" v="yes" />
    <tag k="junction_type" v="Road End / Cul-de-sac" />
    <tag k="degree" v="1" />
    <tag k="name" v="Junction 14212446381 (Road End / Cul-de-sac)" />
  </node>
  <node id="-1000" lat="30.96825" lon="76.4684" visible="true" version="1">
    <tag k="name" v="Satluj Front" />
    <tag k="amenity" v="bus_station" />
    <tag k="highway" v="bus_stop" />
    <tag k="description" v="Campus Stop (Road Node: 14103649907)" />
  </node>
  <node id="-1001" lat="30.96925" lon="76.4684" visible="true" version="1">
    <tag k="name" v="Satluj Back" />
    <tag k="amenity" v="bus_station" />
    <tag k="highway" v="bus_stop" />
    <tag k="description" v="Campus Stop (Road Node: 11066077902)" />
  </node>
  <node id="-1002" lat="30.96825" lon="76.467" visible="true" version="1">
    <tag k="name" v="Beas Front" />
    <tag k="amenity" v="bus_station" />
    <tag k="highway" v="bus_stop" />
    <tag k="description" v="Campus Stop (Road Node: 11052493596)" />
  </node>
  <node id="-1003" lat="30.96922" lon="76.4655" visible="true" version="1">
    <tag k="name" v="Chenab Front" />
    <tag k="amenity" v="bus_station" />
    <tag k="highway" v="bus_stop" />
    <tag k="description" v="Campus Stop (Road Node: 11052493600)" />
  </node>
  <node id="-1004" lat="30.96618" lon="76.4713" visible="true" version="1">
    <tag k="name" v="Mess" />
    <tag k="amenity" v="bus_station" />
    <tag k="highway" v="bus_stop" />
    <tag k="description" v="Campus Stop (Road Node: 9513402276)" />
  </node>
  <node id="-1005" lat="30.9678" lon="76.47" visible="true" version="1">
    <tag k="name" v="Ravi Front" />
    <tag k="amenity" v="bus_station" />
    <tag k="highway" v="bus_stop" />
    <tag k="description" v="Campus Stop (Road Node: 9513069048)" />
  </node>
  <node id="-1006" lat="30.9674117" lon="76.4696523" visible="true" version="1">
    <tag k="name" v="Ravi Back" />
    <tag k="amenity" v="bus_station" />
    <tag k="highway" v="bus_stop" />
    <tag k="description" v="Campus Stop (Road Node: -25605)" />
  </node>
  <node id="-1007" lat="30.96868" lon="76.4706" visible="true" version="1">
    <tag k="name" v="Chemistry Block" />
    <tag k="amenity" v="bus_station" />
    <tag k="highway" v="bus_stop" />
    <tag k="description" v="Campus Stop (Road Node: 9513402251)" />
  </node>
  <node id="-1008" lat="30.9675" lon="76.47111" visible="true" version="1">
    <tag k="name" v="Mechanical Block Front" />
    <tag k="amenity" v="bus_station" />
    <tag k="highway" v="bus_stop" />
    <tag k="description" v="Campus Stop (Road Node: 12480400217)" />
  </node>
  <node id="-1009" lat="30.9665" lon="76.47111" visible="true" version="1">
    <tag k="name" v="Mechanical Block Back" />
    <tag k="amenity" v="bus_station" />
    <tag k="highway" v="bus_stop" />
    <tag k="description" v="Campus Stop (Road Node: 9513402276)" />
  </node>
  <node id="-1010" lat="30.9686" lon="76.47359" visible="true" version="1">
    <tag k="name" v="Auditorium" />
    <tag k="amenity" v="bus_station" />
    <tag k="highway" v="bus_stop" />
    <tag k="description" v="Campus Stop (Road Node: 9514233026)" />
  </node>
  <node id="-1011" lat="30.96786" lon="76.47376" visible="true" version="1">
    <tag k="name" v="SAB A" />
    <tag k="amenity" v="bus_station" />
    <tag k="highway" v="bus_stop" />
    <tag k="description" v="Campus Stop (Road Node: 11752291184)" />
  </node>
  <node id="-1012" lat="30.96781" lon="76.47489" visible="true" version="1">
    <tag k="name" v="SAB B" />
    <tag k="amenity" v="bus_station" />
    <tag k="highway" v="bus_stop" />
    <tag k="description" v="Campus Stop (Road Node: 11752291194)" />
  </node>
  <node id="-1013" lat="30.9668" lon="76.4745" visible="true" version="1">
    <tag k="name" v="SAB S" />
    <tag k="amenity" v="bus_station" />
    <tag k="highway" v="bus_stop" />
    <tag k="description" v="Campus Stop (Road Node: 9513402278)" />
  </node>
  <node id="-1014" lat="30.9686" lon="76.47262" visible="true" version="1">
    <tag k="name" v="Admin" />
    <tag k="amenity" v="bus_station" />
    <tag k="highway" v="bus_stop" />
    <tag k="description" v="Campus Stop (Road Node: 14103649906)" />
  </node>
  <node id="-1015" lat="30.96772" lon="76.47195" visible="true" version="1">
    <tag k="name" v="LOC" />
    <tag k="amenity" v="bus_station" />
    <tag k="highway" v="bus_stop" />
    <tag k="description" v="Campus Stop (Road Node: 9513732534)" />
  </node>
  <node id="-1016" lat="30.96009" lon="76.47441" visible="true" version="1">
    <tag k="name" v="Main Gate" />
    <tag k="amenity" v="bus_station" />
    <tag k="highway" v="bus_stop" />
    <tag k="description" v="Campus Stop (Road Node: 9513402297)" />
  </node>
  <node id="-1017" lat="30.96763" lon="76.4732" visible="true" version="1">
    <tag k="name" v="Nalanda Library" />
    <tag k="amenity" v="bus_station" />
    <tag k="highway" v="bus_stop" />
    <tag k="description" v="Campus Stop (Road Node: 11752291189)" />
  </node>
  <node id="-1018" lat="30.96813" lon="76.46939" visible="true" version="1">
    <tag k="name" v="Maggi Point" />
    <tag k="amenity" v="bus_station" />
    <tag k="highway" v="bus_stop" />
    <tag k="description" v="Campus Stop (Road Node: 14103608564)" />
  </node>
  <node id="-1019" lat="30.96811" lon="76.46939" visible="true" version="1">
    <tag k="name" v="Burger House" />
    <tag k="amenity" v="bus_station" />
    <tag k="highway" v="bus_stop" />
    <tag k="description" v="Campus Stop (Road Node: 14103608564)" />
  </node>
  <way id="-1002" action="modify" visible="true">
    <nd ref="14103608563" />
    <nd ref="-25605" />
    <tag k="highway" v="service" />
  </way>
  <way id="1032481428" timestamp="2022-02-17T15:51:08Z" uid="12256953" user="the_cool_guy" visible="true" version="2" changeset="117527732">
    <nd ref="9513055669" />
    <nd ref="9514211681" />
    <nd ref="9513055670" />
    <nd ref="9513055671" />
    <nd ref="9513055672" />
    <nd ref="9513055673" />
    <nd ref="9513055674" />
    <nd ref="9513055675" />
    <nd ref="9513055676" />
    <nd ref="9513055669" />
    <tag k="leisure" v="park" />
  </way>
  <way id="1032481429" timestamp="2022-02-17T08:05:58Z" uid="12256953" user="the_cool_guy" visible="true" version="1" changeset="117507363">
    <nd ref="9513055677" />
    <nd ref="9513055678" />
    <nd ref="9513055679" />
    <nd ref="9513055680" />
    <nd ref="9513055677" />
    <tag k="landuse" v="grass" />
  </way>
  <way id="1032481430" timestamp="2022-02-17T08:05:58Z" uid="12256953" user="the_cool_guy" visible="true" version="1" changeset="117507363">
    <nd ref="9513055681" />
    <nd ref="9513055682" />
    <nd ref="9513055683" />
    <nd ref="9513055684" />
    <nd ref="9513055685" />
    <nd ref="9513055686" />
    <nd ref="9513055687" />
    <nd ref="9513055688" />
    <nd ref="9513055689" />
    <nd ref="9513055690" />
    <nd ref="9513055681" />
    <tag k="landuse" v="grass" />
  </way>
  <way id="1032481431" timestamp="2022-02-17T08:05:58Z" uid="12256953" user="the_cool_guy" visible="true" version="1" changeset="117507363">
    <nd ref="9513055691" />
    <nd ref="9513055692" />
    <nd ref="9513055693" />
    <nd ref="9513055694" />
    <nd ref="9513055695" />
    <nd ref="9513055696" />
    <nd ref="9513055697" />
    <nd ref="9513055691" />
    <tag k="landuse" v="grass" />
  </way>
  <way id="1032481443" timestamp="2022-02-17T08:05:58Z" uid="12256953" user="the_cool_guy" visible="true" version="1" changeset="117507363">
    <nd ref="9513068987" />
    <nd ref="9513068988" />
    <nd ref="9513068989" />
    <nd ref="9513068990" />
    <nd ref="9513068991" />
    <nd ref="9513068992" />
    <nd ref="9513068987" />
    <tag k="landuse" v="grass" />
  </way>
  <way id="1032481446" timestamp="2022-02-17T12:02:10Z" uid="12256953" user="the_cool_guy" visible="true" version="2" changeset="117518197">
    <nd ref="9513069011" />
    <nd ref="9513732584" />
    <nd ref="9513069012" />
    <nd ref="9513069013" />
    <nd ref="9513069014" />
    <nd ref="9513069015" />
    <tag k="highway" v="service" />
  </way>
  <way id="1032481447" timestamp="2022-02-17T12:02:10Z" uid="12256953" user="the_cool_guy" visible="true" version="2" changeset="117518197">
    <nd ref="9513069011" />
    <nd ref="9513732576" />
    <nd ref="9513069016" />
    <nd ref="9513069017" />
    <nd ref="9513069018" />
    <nd ref="9513069019" />
    <tag k="highway" v="service" />
  </way>
  <way id="1032481448" timestamp="2022-02-17T08:05:58Z" uid="12256953" user="the_cool_guy" visible="true" version="1" changeset="117507363">
    <nd ref="9513069019" />
    <nd ref="9513069015" />
    <tag k="highway" v="service" />
  </way>
  <way id="1032481449" timestamp="2026-08-18T18:11:24Z" uid="24432321" user="adarsh4our" visible="true" version="4" changeset="187654362">
    <nd ref="9513069019" />
    <nd ref="9513402263" />
    <nd ref="9513069020" />
    <nd ref="9513069021" />
    <nd ref="9513069022" />
    <nd ref="9513069023" />
    <nd ref="9513069024" />
    <nd ref="9513069025" />
    <nd ref="9513069026" />
    <nd ref="9514233025" />
    <nd ref="9513069027" />
    <nd ref="9513069028" />
    <nd ref="9513069029" />
    <nd ref="9513069030" />
    <nd ref="14103608589" />
    <nd ref="9513069015" />
    <tag k="highway" v="service" />
  </way>
  <way id="1032481450" timestamp="2024-03-22T08:21:07Z" uid="11840981" user="sahilister" visible="true" version="6" changeset="149000103">
    <nd ref="9513069040" />
    <nd ref="11052493591" />
    <nd ref="11052493600" />
    <nd ref="9513069039" />
    <nd ref="9513069037" />
    <nd ref="9513069036" />
    <nd ref="9513069035" />
    <nd ref="9516401595" />
    <nd ref="9513069034" />
    <nd ref="9513069033" />
    <nd ref="9513069031" />
    <nd ref="11066077902" />
    <nd ref="11066077904" />
    <nd ref="11752291200" />
    <nd ref="9513069041" />
    <nd ref="9513402272" />
    <nd ref="9513069019" />
    <tag k="highway" v="service" />
  </way>
  <way id="1032481451" timestamp="2022-02-17T08:05:58Z" uid="12256953" user="the_cool_guy" visible="true" version="1" changeset="117507363">
    <nd ref="9513069041" />
    <nd ref="9513069042" />
    <tag k="highway" v="service" />
  </way>
  <way id="1032481452" timestamp="2022-02-17T08:05:58Z" uid="12256953" user="the_cool_guy" visible="true" version="1" changeset="117507363">
    <nd ref="9513069043" />
    <nd ref="9513069044" />
    <nd ref="9513069045" />
    <nd ref="9513069046" />
    <nd ref="9513069048" />
    <nd ref="9513069047" />
    <tag k="highway" v="service" />
  </way>
  <way id="1032481454" timestamp="2026-09-24T17:25:54Z" uid="24589846" user="Y@shP" visible="true" version="5" changeset="189509374">
    <nd ref="9513069015" />
    <nd ref="9513069050" />
    <nd ref="9513069051" />
    <nd ref="9513069069" />
    <nd ref="9513069052" />
    <nd ref="9513069054" />
    <nd ref="9513069055" />
    <nd ref="9513069056" />
    <nd ref="9513069057" />
    <nd ref="9513432153" />
    <nd ref="9513069058" />
    <nd ref="9513432151" />
    <nd ref="9513069059" />
    <nd ref="9513432149" />
    <nd ref="9513069060" />
    <nd ref="9513432162" />
    <nd ref="9513069061" />
    <nd ref="9513069062" />
    <nd ref="9513432159" />
    <nd ref="9513069064" />
    <nd ref="9513069065" />
    <nd ref="9513069066" />
    <nd ref="9513069067" />
    <nd ref="9513432146" />
    <nd ref="9513069068" />
    <tag k="highway" v="service" />
  </way>
  <way id="1032481455" timestamp="2022-02-17T08:05:58Z" uid="12256953" user="the_cool_guy" visible="true" version="1" changeset="117507363">
    <nd ref="9513069069" />
    <nd ref="9513069084" />
    <nd ref="9513069075" />
    <nd ref="9513069077" />
    <nd ref="9513069079" />
    <nd ref="9513069074" />
    <nd ref="9513069070" />
    <nd ref="9513069071" />
    <nd ref="9513069072" />
    <nd ref="9513069080" />
    <nd ref="9513069078" />
    <nd ref="9513069076" />
    <nd ref="9513069073" />
    <tag k="highway" v="service" />
  </way>
  <way id="1032481456" timestamp="2022-02-17T08:05:58Z" uid="12256953" user="the_cool_guy" visible="true" version="1" changeset="117507363">
    <nd ref="9513069075" />
    <nd ref="9513069076" />
    <tag k="highway" v="service" />
  </way>
  <way id="1032481457" timestamp="2022-02-17T08:05:58Z" uid="12256953" user="the_cool_guy" visible="true" version="1" changeset="117507363">
    <nd ref="9513069077" />
    <nd ref="9513069078" />
    <tag k="highway" v="service" />
  </way>
  <way id="1032481458" timestamp="2022-02-17T08:05:58Z" uid="12256953" user="the_cool_guy" visible="true" version="1" changeset="117507363">
    <nd ref="9513069079" />
    <nd ref="9513069080" />
    <tag k="highway" v="service" />
  </way>
  <way id="1032481459" timestamp="2022-02-17T08:05:58Z" uid="12256953" user="the_cool_guy" visible="true" version="1" changeset="117507363">
    <nd ref="9513069076" />
    <nd ref="9513069081" />
    <nd ref="9513069082" />
    <nd ref="9513069083" />
    <nd ref="9513069073" />
    <nd ref="9513069084" />
    <tag k="highway" v="service" />
  </way>
  <way id="1032517872" timestamp="2025-01-07T12:41:28Z" uid="22355679" user="Nikita2445" visible="true" version="4" changeset="161093922">
    <nd ref="9513402242" />
    <nd ref="9513402251" />
    <nd ref="9513402243" />
    <nd ref="9513402244" />
    <nd ref="9513732530" />
    <nd ref="9513402245" />
    <nd ref="9513732537" />
    <nd ref="9513402246" />
    <nd ref="9513402247" />
    <nd ref="12480400150" />
    <nd ref="9513402252" />
    <nd ref="9514233027" />
    <nd ref="9513402248" />
    <nd ref="9513402249" />
    <nd ref="9513402250" />
    <nd ref="9513402251" />
    <tag k="highway" v="service" />
  </way>
  <way id="1032517873" timestamp="2026-08-18T18:11:24Z" uid="24432321" user="adarsh4our" visible="true" version="5" changeset="187654362">
    <nd ref="9513402252" />
    <nd ref="9514233026" />
    <nd ref="9513402253" />
    <nd ref="9514233028" />
    <tag k="highway" v="service" />
  </way>
  <way id="1032517874" timestamp="2022-02-17T10:34:21Z" uid="12256953" user="the_cool_guy" visible="true" version="1" changeset="117513771">
    <nd ref="9513402263" />
    <nd ref="9513402271" />
    <nd ref="9513402265" />
    <nd ref="9513402264" />
    <tag k="highway" v="service" />
  </way>
  <way id="1032517877" timestamp="2026-08-25T05:53:53Z" uid="11840981" user="sahilister" visible="true" version="7" changeset="187970606">
    <nd ref="9513402274" />
    <nd ref="9513402275" />
    <nd ref="14121711109" />
    <nd ref="9513418826" />
    <nd ref="9513418829" />
    <nd ref="11752291205" />
    <nd ref="9513402276" />
    <nd ref="11752291210" />
    <nd ref="9513402277" />
    <nd ref="11752291186" />
    <nd ref="11752291188" />
    <nd ref="11752291183" />
    <nd ref="9513402278" />
    <nd ref="11752291195" />
    <nd ref="9513402282" />
    <nd ref="14121711105" />
    <nd ref="11752291173" />
    <nd ref="9513432147" />
    <nd ref="9513402279" />
    <nd ref="11752291176" />
    <nd ref="10939627765" />
    <nd ref="11752291180" />
    <nd ref="9513402280" />
    <nd ref="9513402281" />
    <tag k="highway" v="service" />
  </way>
  <way id="1032517878" timestamp="2024-03-22T08:21:07Z" uid="11840981" user="sahilister" visible="true" version="2" changeset="149000103">
    <nd ref="9513402282" />
    <nd ref="11752291170" />
    <nd ref="11752274368" />
    <nd ref="11752274366" />
    <nd ref="11752274352" />
    <nd ref="11752274359" />
    <nd ref="11752274361" />
    <nd ref="9513402283" />
    <tag k="highway" v="service" />
  </way>
  <way id="1032517879" timestamp="2022-02-17T10:34:21Z" uid="12256953" user="the_cool_guy" visible="true" version="1" changeset="117513771">
    <nd ref="9513402284" />
    <nd ref="9513402285" />
    <nd ref="9513402286" />
    <nd ref="9513402287" />
    <nd ref="9513402288" />
    <nd ref="9513402289" />
    <nd ref="9513402290" />
    <nd ref="9513402291" />
    <nd ref="9513402292" />
    <nd ref="9513402293" />
    <nd ref="9513402294" />
    <nd ref="9513402295" />
    <nd ref="9513402296" />
    <nd ref="9513402297" />
    <nd ref="9513402298" />
    <nd ref="9513402299" />
    <nd ref="9513402300" />
    <nd ref="9513402301" />
    <nd ref="9513402302" />
    <nd ref="9513402303" />
    <nd ref="9513402304" />
    <nd ref="9513402305" />
    <nd ref="9513402306" />
    <nd ref="9513402307" />
    <nd ref="9513402308" />
    <nd ref="9513402309" />
    <nd ref="9513402310" />
    <nd ref="9513402311" />
    <tag k="highway" v="service" />
  </way>
  <way id="1032517881" timestamp="2025-01-09T07:41:23Z" uid="322785" user="BCNorwich" visible="true" version="5" changeset="161158925">
    <nd ref="9513402276" />
    <nd ref="9513418817" />
    <nd ref="9513418818" />
    <nd ref="9513418819" />
    <nd ref="9513418820" />
    <nd ref="9513418821" />
    <nd ref="12480400217" />
    <nd ref="9513732525" />
    <nd ref="9513418822" />
    <nd ref="9513418823" />
    <nd ref="9513418824" />
    <nd ref="9513402277" />
    <tag k="highway" v="service" />
  </way>
  <way id="1032519370" timestamp="2022-02-17T10:40:21Z" uid="12256953" user="the_cool_guy" visible="true" version="1" changeset="117514009">
    <nd ref="9513432146" />
    <nd ref="9513432147" />
    <tag k="highway" v="service" />
  </way>
  <way id="1032519371" timestamp="2022-02-17T10:40:21Z" uid="12256953" user="the_cool_guy" visible="true" version="1" changeset="117514009">
    <nd ref="9513432148" />
    <nd ref="9513432149" />
    <tag k="highway" v="service" />
  </way>
  <way id="1032519372" timestamp="2022-02-17T10:40:21Z" uid="12256953" user="the_cool_guy" visible="true" version="1" changeset="117514009">
    <nd ref="9513432150" />
    <nd ref="9513432151" />
    <tag k="highway" v="service" />
  </way>
  <way id="1032519373" timestamp="2022-02-17T10:40:21Z" uid="12256953" user="the_cool_guy" visible="true" version="1" changeset="117514009">
    <nd ref="9513432152" />
    <nd ref="9513432153" />
    <tag k="highway" v="service" />
  </way>
  <way id="1032519374" timestamp="2025-01-07T12:41:28Z" uid="22355679" user="Nikita2445" visible="true" version="2" changeset="161093922">
    <nd ref="9513432152" />
    <nd ref="9513432150" />
    <nd ref="12480400203" />
    <nd ref="9513432148" />
    <nd ref="12480400204" />
    <nd ref="12480400183" />
    <nd ref="9513432160" />
    <nd ref="9513432158" />
    <nd ref="9513069068" />
    <tag k="highway" v="service" />
  </way>
  <way id="1032519376" timestamp="2022-02-17T10:40:21Z" uid="12256953" user="the_cool_guy" visible="true" version="1" changeset="117514009">
    <nd ref="9513432158" />
    <nd ref="9513432159" />
    <tag k="highway" v="service" />
  </way>
  <way id="1032519377" timestamp="2022-02-17T10:40:21Z" uid="12256953" user="the_cool_guy" visible="true" version="1" changeset="117514009">
    <nd ref="9513432160" />
    <nd ref="9513432161" />
    <nd ref="9513432162" />
    <tag k="highway" v="service" />
  </way>
  <way id="1032552691" timestamp="2025-01-09T06:01:14Z" uid="22355679" user="Nikita2445" visible="true" version="6" changeset="161156715">
    <nd ref="9569455909" />
    <nd ref="9569455910" />
    <nd ref="9513732072" />
    <nd ref="9513732073" />
    <nd ref="9513732074" />
    <nd ref="9513732075" />
    <nd ref="9513732076" />
    <nd ref="9513732077" />
    <nd ref="9513732078" />
    <nd ref="9513732071" />
    <nd ref="9513732079" />
    <nd ref="9513732080" />
    <nd ref="9513732523" />
    <nd ref="9513732081" />
    <nd ref="9513732520" />
    <nd ref="9513732082" />
    <nd ref="9513732083" />
    <nd ref="9513732084" />
    <nd ref="9513732085" />
    <nd ref="9513732086" />
    <nd ref="9513732087" />
    <nd ref="9513732088" />
    <nd ref="9513732089" />
    <nd ref="9513732090" />
    <nd ref="9513732091" />
    <nd ref="9513732092" />
    <nd ref="9513732093" />
    <nd ref="9513732094" />
    <nd ref="9513732095" />
    <nd ref="9513732096" />
    <nd ref="9513732097" />
    <nd ref="9513732098" />
    <nd ref="9513732099" />
    <nd ref="9513732100" />
    <nd ref="9513732101" />
    <nd ref="9513732102" />
    <nd ref="9513732103" />
    <nd ref="9513732104" />
    <nd ref="9569455911" />
    <nd ref="9569455914" />
    <nd ref="9513732064" />
    <nd ref="9513732065" />
    <nd ref="9513732066" />
    <nd ref="9513732067" />
    <nd ref="9513732068" />
    <nd ref="9513732069" />
    <nd ref="9513732070" />
    <nd ref="9513732063" />
    <nd ref="9569455913" />
    <nd ref="9569455912" />
    <nd ref="9569455909" />
    <tag k="building" v="apartments" />
    <tag k="building:material" v="concrete" />
    <tag k="height" v="10" />
    <tag k="name" v="M2 Lecture Hall" />
  </way>
  <way id="1032552692" timestamp="2025-01-08T05:35:21Z" uid="22355679" user="Nikita2445" visible="true" version="4" changeset="161120018">
    <nd ref="9513732517" />
    <nd ref="9513732518" />
    <nd ref="9513732519" />
    <nd ref="9513732520" />
    <nd ref="9513732521" />
    <nd ref="9513732522" />
    <nd ref="9513732523" />
    <nd ref="9513732524" />
    <nd ref="9513732106" />
    <nd ref="9513732107" />
    <nd ref="9513732108" />
    <nd ref="9513732112" />
    <nd ref="9513732113" />
    <nd ref="9513732114" />
    <nd ref="9513732115" />
    <nd ref="9513732116" />
    <nd ref="9513732109" />
    <nd ref="9513732110" />
    <nd ref="9513732111" />
    <nd ref="9513732517" />
    <tag k="building:part" v="yes" />
  </way>
  <way id="1032552693" timestamp="2022-02-17T12:02:10Z" uid="12256953" user="the_cool_guy" visible="true" version="1" changeset="117518197">
    <nd ref="9513732525" />
    <nd ref="9513732531" />
    <nd ref="9513732526" />
    <nd ref="9513732527" />
    <nd ref="9513732528" />
    <nd ref="9513732529" />
    <nd ref="9513069049" />
    <tag k="highway" v="service" />
  </way>
  <way id="1032552694" timestamp="2022-02-17T12:02:10Z" uid="12256953" user="the_cool_guy" visible="true" version="1" changeset="117518197">
    <nd ref="9513069049" />
    <nd ref="9513732530" />
    <tag k="highway" v="service" />
  </way>
  <way id="1032552695" timestamp="2026-08-18T18:11:24Z" uid="24432321" user="adarsh4our" visible="true" version="2" changeset="187654362">
    <nd ref="9513732531" />
    <nd ref="9513732532" />
    <nd ref="9513732533" />
    <nd ref="14103649902" />
    <nd ref="9513732534" />
    <nd ref="14103649901" />
    <nd ref="9513732535" />
    <nd ref="9513732536" />
    <nd ref="9513732537" />
    <tag k="highway" v="service" />
  </way>
  <way id="1032552696" timestamp="2022-02-17T12:02:10Z" uid="12256953" user="the_cool_guy" visible="true" version="1" changeset="117518197">
    <nd ref="9513732538" />
    <nd ref="9513732539" />
    <nd ref="9513732540" />
    <nd ref="9513732541" />
    <nd ref="9513732542" />
    <nd ref="9513732543" />
    <nd ref="9513732544" />
    <nd ref="9513732545" />
    <nd ref="9513732546" />
    <nd ref="9513732547" />
    <nd ref="9513732548" />
    <nd ref="9513732549" />
    <nd ref="9513732550" />
    <nd ref="9513732551" />
    <nd ref="9513732538" />
    <tag k="landuse" v="grass" />
  </way>
  <way id="1032552698" timestamp="2022-02-17T12:02:10Z" uid="12256953" user="the_cool_guy" visible="true" version="1" changeset="117518197">
    <nd ref="9513732556" />
    <nd ref="9513732557" />
    <nd ref="9513732558" />
    <nd ref="9513732559" />
    <nd ref="9513732556" />
    <tag k="historic" v="monument" />
  </way>
  <way id="1032552699" timestamp="2022-02-17T12:02:10Z" uid="12256953" user="the_cool_guy" visible="true" version="1" changeset="117518197">
    <nd ref="9513732560" />
    <nd ref="9513732561" />
    <nd ref="9513732562" />
    <nd ref="9513732563" />
    <nd ref="9513732560" />
    <tag k="historic" v="monument" />
  </way>
  <way id="1032552704" timestamp="2022-02-17T12:02:10Z" uid="12256953" user="the_cool_guy" visible="true" version="1" changeset="117518197">
    <nd ref="9513732586" />
    <nd ref="9513732587" />
    <nd ref="9513732588" />
    <nd ref="9513732589" />
    <nd ref="9513732590" />
    <nd ref="9513732591" />
    <nd ref="9513732592" />
    <nd ref="9513732593" />
    <nd ref="9513732594" />
    <nd ref="9513732595" />
    <nd ref="9513732596" />
    <nd ref="9513732597" />
    <nd ref="9513732598" />
    <nd ref="9513732599" />
    <nd ref="9513732600" />
    <nd ref="9513732601" />
    <nd ref="9513732602" />
    <nd ref="9513732603" />
    <nd ref="9513732604" />
    <nd ref="9513732605" />
    <nd ref="9513732606" />
    <tag k="highway" v="path" />
  </way>
  <way id="1032552708" timestamp="2025-01-09T06:01:14Z" uid="22355679" user="Nikita2445" visible="true" version="3" changeset="161156715">
    <nd ref="9513732626" />
    <nd ref="9513732627" />
    <nd ref="9513732628" />
    <nd ref="9513732629" />
    <nd ref="9513732626" />
    <tag k="building" v="university" />
    <tag k="building:material" v="metal" />
    <tag k="height" v="20" />
  </way>
  <way id="1032552709" timestamp="2025-01-09T06:01:14Z" uid="22355679" user="Nikita2445" visible="true" version="4" changeset="161156715">
    <nd ref="9513732630" />
    <nd ref="9514233024" />
    <nd ref="9514233023" />
    <nd ref="9513732631" />
    <nd ref="9513732632" />
    <nd ref="9513732633" />
    <nd ref="9513732630" />
    <tag k="building" v="university" />
    <tag k="building:material" v="metal" />
    <tag k="height" v="20" />
  </way>
  <way id="1032552710" timestamp="2025-01-09T06:01:14Z" uid="22355679" user="Nikita2445" visible="true" version="4" changeset="161156715">
    <nd ref="9513732634" />
    <nd ref="9513732635" />
    <nd ref="9513732636" />
    <nd ref="9513732637" />
    <nd ref="12480011910" />
    <nd ref="9513732638" />
    <nd ref="9513732639" />
    <nd ref="9513732640" />
    <nd ref="9513732641" />
    <nd ref="9513732642" />
    <nd ref="9513732643" />
    <nd ref="12480011920" />
    <nd ref="9513732644" />
    <nd ref="9513732645" />
    <nd ref="9513732646" />
    <nd ref="9513732647" />
    <nd ref="9513732634" />
    <tag k="building" v="university" />
    <tag k="building:material" v="metal" />
    <tag k="height" v="20" />
  </way>
  <way id="1032552712" timestamp="2025-01-09T06:01:14Z" uid="22355679" user="Nikita2445" visible="true" version="3" changeset="161156715">
    <nd ref="9513732657" />
    <nd ref="9513732658" />
    <nd ref="9513732659" />
    <nd ref="9513732660" />
    <nd ref="9513732661" />
    <nd ref="9513732662" />
    <nd ref="9513732663" />
    <nd ref="9513732664" />
    <nd ref="9513732665" />
    <nd ref="9513732657" />
    <tag k="building" v="yes" />
    <tag k="building:material" v="cement_block" />
    <tag k="height" v="15" />
  </way>
  <way id="1032618603" timestamp="2022-02-17T15:51:08Z" uid="12256953" user="the_cool_guy" visible="true" version="1" changeset="117527732">
    <nd ref="9514211681" />
    <nd ref="9514211680" />
    <nd ref="9514211679" />
    <nd ref="9514211678" />
    <nd ref="9514211677" />
    <nd ref="9514211676" />
    <nd ref="9514211675" />
    <nd ref="9514211665" />
    <nd ref="9514211666" />
    <nd ref="9514211667" />
    <nd ref="9514211668" />
    <nd ref="9514211669" />
    <nd ref="9514211670" />
    <nd ref="9514211671" />
    <nd ref="9514211672" />
    <nd ref="9514211673" />
    <nd ref="9514211674" />
    <tag k="highway" v="path" />
  </way>
  <way id="1032618607" timestamp="2024-03-22T08:21:07Z" uid="11840981" user="sahilister" visible="true" version="2" changeset="149000103">
    <nd ref="9513402281" />
    <nd ref="9514211703" />
    <nd ref="9514211704" />
    <nd ref="9514211705" />
    <nd ref="9514211706" />
    <nd ref="9514211707" />
    <nd ref="9514211708" />
    <nd ref="9514211709" />
    <nd ref="11752274354" />
    <nd ref="11752274357" />
    <nd ref="9514211710" />
    <nd ref="9514211711" />
    <nd ref="11752274355" />
    <nd ref="9513402284" />
    <tag k="highway" v="service" />
  </way>
  <way id="1032618611" timestamp="2025-01-09T06:01:14Z" uid="22355679" user="Nikita2445" visible="true" version="3" changeset="161156715">
    <nd ref="9514233021" />
    <nd ref="9514233022" />
    <nd ref="9514233023" />
    <nd ref="9514233024" />
    <nd ref="9514233021" />
    <tag k="building" v="roof" />
    <tag k="building:material" v="metal" />
    <tag k="height" v="12" />
    <tag k="layer" v="2" />
  </way>
  <way id="1032886633" timestamp="2026-08-18T18:11:24Z" uid="24432321" user="adarsh4our" visible="true" version="4" changeset="187654362">
    <nd ref="9516401595" />
    <nd ref="9516401596" />
    <nd ref="9516401597" />
    <nd ref="9516401598" />
    <nd ref="11064569386" />
    <nd ref="9516401599" />
    <nd ref="9516401600" />
    <nd ref="9516401601" />
    <nd ref="9516401602" />
    <nd ref="11052493596" />
    <nd ref="9516401603" />
    <nd ref="9516401604" />
    <nd ref="9516401605" />
    <nd ref="14103608577" />
    <nd ref="9516401606" />
    <nd ref="9513402274" />
    <tag k="highway" v="service" />
  </way>
  <way id="1039160851" timestamp="2025-01-08T05:35:21Z" uid="22355679" user="Nikita2445" visible="true" version="2" changeset="161120018">
    <nd ref="9513732109" />
    <nd ref="9513732110" />
    <nd ref="9513732111" />
    <nd ref="9513732517" />
    <nd ref="9513732518" />
    <nd ref="9513732519" />
    <nd ref="9513732520" />
    <nd ref="9513732082" />
    <nd ref="9513732083" />
    <nd ref="9513732084" />
    <nd ref="9513732085" />
    <nd ref="9513732086" />
    <nd ref="9513732087" />
    <nd ref="9513732088" />
    <nd ref="9513732089" />
    <nd ref="9513732090" />
    <nd ref="9513732091" />
    <nd ref="9513732092" />
    <nd ref="9513732093" />
    <nd ref="9513732094" />
    <nd ref="9513732095" />
    <nd ref="9513732096" />
    <nd ref="9513732097" />
    <nd ref="9513732098" />
    <nd ref="9513732099" />
    <nd ref="9513732100" />
    <nd ref="9513732101" />
    <nd ref="9513732102" />
    <nd ref="9513732103" />
    <nd ref="9513732104" />
    <nd ref="9569455911" />
    <nd ref="9569455914" />
    <nd ref="9513732064" />
    <nd ref="9513732065" />
    <nd ref="9513732066" />
    <nd ref="9513732067" />
    <nd ref="9513732068" />
    <nd ref="9513732069" />
    <nd ref="9513732070" />
    <nd ref="9513732063" />
    <nd ref="9569455913" />
    <nd ref="9569455912" />
    <nd ref="9569455909" />
    <nd ref="9569455910" />
    <nd ref="9513732072" />
    <nd ref="9513732073" />
    <nd ref="9513732074" />
    <nd ref="9513732075" />
    <nd ref="9513732076" />
    <nd ref="9513732077" />
    <nd ref="9513732078" />
    <nd ref="9513732071" />
    <nd ref="9513732079" />
    <nd ref="9513732080" />
    <nd ref="9513732523" />
    <nd ref="9513732524" />
    <nd ref="9513732106" />
    <nd ref="9513732107" />
    <nd ref="9513732108" />
    <nd ref="9513732112" />
    <nd ref="9513732113" />
    <nd ref="9513732114" />
    <nd ref="9513732115" />
    <nd ref="9513732116" />
    <nd ref="9513732109" />
    <tag k="building" v="yes" />
  </way>
  <way id="1265064884" timestamp="2024-03-22T08:21:07Z" uid="11840981" user="sahilister" visible="true" version="1" changeset="149000103">
    <nd ref="11752274322" />
    <nd ref="11752274323" />
    <nd ref="9513402274" />
    <tag k="highway" v="service" />
  </way>
  <way id="1265064886" timestamp="2026-09-24T17:25:54Z" uid="24589846" user="Y@shP" visible="true" version="2" changeset="189509374">
    <nd ref="9513402274" />
    <nd ref="11752274325" />
    <nd ref="11752274326" />
    <nd ref="11752274327" />
    <nd ref="11752274328" />
    <nd ref="11752274329" />
    <nd ref="11752274330" />
    <nd ref="11752274331" />
    <nd ref="11752274332" />
    <nd ref="11752274333" />
    <nd ref="11752274334" />
    <nd ref="11752274335" />
    <nd ref="11752274336" />
    <nd ref="11752274337" />
    <nd ref="11752274338" />
    <nd ref="11752274339" />
    <nd ref="11752274340" />
    <nd ref="11752274341" />
    <nd ref="11752274342" />
    <nd ref="11752274343" />
    <nd ref="11752274344" />
    <nd ref="9513402311" />
    <nd ref="11752274345" />
    <nd ref="11752274346" />
    <nd ref="11752274347" />
    <nd ref="11752274348" />
    <nd ref="11752274349" />
    <nd ref="9514211712" />
    <nd ref="11752274351" />
    <nd ref="9513402283" />
    <nd ref="9513402284" />
    <tag k="highway" v="service" />
  </way>
  <way id="1265064888" timestamp="2024-03-22T08:21:07Z" uid="11840981" user="sahilister" visible="true" version="1" changeset="149000103">
    <nd ref="11752274355" />
    <nd ref="11752274362" />
    <nd ref="11752274360" />
    <nd ref="11752274356" />
    <tag k="highway" v="service" />
  </way>
  <way id="1265064889" timestamp="2024-03-22T08:21:07Z" uid="11840981" user="sahilister" visible="true" version="1" changeset="149000103">
    <nd ref="11752274357" />
    <nd ref="11752274358" />
    <tag k="highway" v="service" />
  </way>
  <way id="1265064890" timestamp="2024-03-22T08:21:07Z" uid="11840981" user="sahilister" visible="true" version="1" changeset="149000103">
    <nd ref="11752274359" />
    <nd ref="11752274360" />
    <tag k="highway" v="service" />
  </way>
  <way id="1265064891" timestamp="2024-03-22T08:21:07Z" uid="11840981" user="sahilister" visible="true" version="1" changeset="149000103">
    <nd ref="11752274361" />
    <nd ref="11752274362" />
    <tag k="highway" v="service" />
  </way>
  <way id="1265064892" timestamp="2024-03-22T08:21:07Z" uid="11840981" user="sahilister" visible="true" version="1" changeset="149000103">
    <nd ref="9514211706" />
    <nd ref="11752274363" />
    <nd ref="11752274364" />
    <nd ref="11752274365" />
    <tag k="highway" v="service" />
  </way>
  <way id="1265064893" timestamp="2024-03-22T08:21:07Z" uid="11840981" user="sahilister" visible="true" version="1" changeset="149000103">
    <nd ref="11752274366" />
    <nd ref="11752291172" />
    <nd ref="11752274367" />
    <tag k="highway" v="service" />
  </way>
  <way id="1265064894" timestamp="2024-03-22T08:21:07Z" uid="11840981" user="sahilister" visible="true" version="1" changeset="149000103">
    <nd ref="11752274368" />
    <nd ref="11752291174" />
    <nd ref="11752291169" />
    <tag k="highway" v="service" />
  </way>
  <way id="1265064895" timestamp="2024-03-22T08:21:07Z" uid="11840981" user="sahilister" visible="true" version="1" changeset="149000103">
    <nd ref="11752291170" />
    <nd ref="11752291175" />
    <nd ref="11752291177" />
    <nd ref="11752291182" />
    <nd ref="11752291171" />
    <tag k="highway" v="service" />
  </way>
  <way id="1265064896" timestamp="2024-03-22T08:21:07Z" uid="11840981" user="sahilister" visible="true" version="1" changeset="149000103">
    <nd ref="11752291172" />
    <nd ref="11752291174" />
    <nd ref="11752291175" />
    <nd ref="11752291173" />
    <tag k="highway" v="service" />
  </way>
  <way id="1265064897" timestamp="2024-03-22T08:21:07Z" uid="11840981" user="sahilister" visible="true" version="1" changeset="149000103">
    <nd ref="11752291176" />
    <nd ref="11752291177" />
    <nd ref="11752291169" />
    <nd ref="11752291178" />
    <nd ref="11752274367" />
    <nd ref="11752274358" />
    <tag k="highway" v="service" />
  </way>
  <way id="1265064898" timestamp="2025-01-07T12:41:28Z" uid="22355679" user="Nikita2445" visible="true" version="2" changeset="161093922">
    <nd ref="11752291178" />
    <nd ref="12480400088" />
    <nd ref="12480400087" />
    <nd ref="11752291181" />
    <nd ref="12480400100" />
    <nd ref="12480400099" />
    <nd ref="11752291179" />
    <nd ref="11752291171" />
    <nd ref="11752291180" />
    <tag k="highway" v="service" />
  </way>
  <way id="1265064899" timestamp="2024-03-22T08:21:07Z" uid="11840981" user="sahilister" visible="true" version="1" changeset="149000103">
    <nd ref="11752291181" />
    <nd ref="11752291182" />
    <tag k="highway" v="service" />
  </way>
  <way id="1265064900" timestamp="2026-08-25T05:53:53Z" uid="11840981" user="sahilister" visible="true" version="2" changeset="187970606">
    <nd ref="11752291183" />
    <nd ref="11752291184" />
    <nd ref="11752291185" />
    <tag k="highway" v="service" />
  </way>
  <way id="1265064901" timestamp="2024-03-22T08:21:07Z" uid="11840981" user="sahilister" visible="true" version="1" changeset="149000103">
    <nd ref="11752291186" />
    <nd ref="11752291187" />
    <nd ref="11752291188" />
    <tag k="highway" v="service" />
  </way>
  <way id="1265064902" timestamp="2024-03-22T08:21:07Z" uid="11840981" user="sahilister" visible="true" version="1" changeset="149000103">
    <nd ref="11752291187" />
    <nd ref="11752291190" />
    <nd ref="11752291189" />
    <tag k="highway" v="service" />
  </way>
  <way id="1265064904" timestamp="2026-09-26T05:21:57Z" uid="322785" user="BCNorwich" visible="true" version="2" changeset="189571057">
    <nd ref="11752291184" />
    <nd ref="11752291194" />
    <nd ref="11752291195" />
    <tag k="highway" v="service" />
  </way>
  <way id="1265064905" timestamp="2026-09-24T17:25:54Z" uid="24589846" user="Y@shP" visible="true" version="2" changeset="189509374">
    <nd ref="9513069060" />
    <nd ref="10939627766" />
    <nd ref="11752291197" />
    <nd ref="11752291198" />
    <tag k="highway" v="service" />
  </way>
  <way id="1265064906" timestamp="2024-03-22T08:21:07Z" uid="11840981" user="sahilister" visible="true" version="1" changeset="149000103">
    <nd ref="11752274365" />
    <nd ref="11752291199" />
    <nd ref="11752291198" />
    <tag k="highway" v="service" />
  </way>
  <way id="1270609407" timestamp="2025-01-09T06:01:14Z" uid="22355679" user="Nikita2445" visible="true" version="2" changeset="161156715">
    <nd ref="11799462518" />
    <nd ref="11799462519" />
    <nd ref="11799462520" />
    <nd ref="11799462521" />
    <nd ref="11799462522" />
    <nd ref="11799462523" />
    <nd ref="11799462524" />
    <nd ref="11799462525" />
    <nd ref="11799462526" />
    <nd ref="11799462527" />
    <nd ref="11799462528" />
    <nd ref="11799462529" />
    <nd ref="11799462530" />
    <nd ref="11799462531" />
    <nd ref="11799462532" />
    <nd ref="11799462533" />
    <nd ref="11799462534" />
    <nd ref="11799462535" />
    <nd ref="11799462536" />
    <nd ref="11799462537" />
    <nd ref="11799462518" />
    <tag k="addr:district" v="Rupnagar" />
    <tag k="addr:housenumber" v="IIT Ropar, Main Campus" />
    <tag k="addr:postcode" v="140001" />
    <tag k="building" v="yes" />
    <tag k="height" v="27" />
    <tag k="name" v="Super Academic Building" />
    <tag k="office" v="educational_institution" />
  </way>
  <way id="1349163384" timestamp="2025-01-09T06:01:14Z" uid="22355679" user="Nikita2445" visible="true" version="3" changeset="161156715">
    <nd ref="12480004821" />
    <nd ref="12480004822" />
    <nd ref="12480004823" />
    <nd ref="12480004824" />
    <nd ref="12480004825" />
    <nd ref="12480004826" />
    <nd ref="12480004827" />
    <nd ref="12480004828" />
    <nd ref="12480004829" />
    <nd ref="12480004830" />
    <nd ref="12480004831" />
    <nd ref="12480004821" />
    <tag k="building" v="yes" />
    <tag k="height" v="12" />
  </way>
  <way id="1349163385" timestamp="2025-01-09T06:01:14Z" uid="22355679" user="Nikita2445" visible="true" version="3" changeset="161156715">
    <nd ref="12480004832" />
    <nd ref="12480004833" />
    <nd ref="12480004834" />
    <nd ref="12480004835" />
    <nd ref="12480004836" />
    <nd ref="12480004837" />
    <nd ref="12480004838" />
    <nd ref="12480004839" />
    <nd ref="12480004840" />
    <nd ref="12480004841" />
    <nd ref="12480004842" />
    <nd ref="12480004843" />
    <nd ref="12480004844" />
    <nd ref="12480004845" />
    <nd ref="12480004846" />
    <nd ref="12480004832" />
    <tag k="building" v="yes" />
    <tag k="building:material" v="metal" />
    <tag k="height" v="12" />
    <tag k="name" v="Nalanda library" />
  </way>
  <way id="1349164575" timestamp="2025-01-09T06:01:14Z" uid="22355679" user="Nikita2445" visible="true" version="3" changeset="161156715">
    <nd ref="12480011910" />
    <nd ref="12480011911" />
    <nd ref="12480011912" />
    <nd ref="12480011913" />
    <nd ref="12480011914" />
    <nd ref="12480011915" />
    <nd ref="12480011916" />
    <nd ref="12480011917" />
    <nd ref="12480011918" />
    <nd ref="12480011919" />
    <nd ref="12480011920" />
    <nd ref="9513732643" />
    <nd ref="12480011921" />
    <nd ref="12480011922" />
    <nd ref="12480011923" />
    <nd ref="12480011924" />
    <nd ref="9513732638" />
    <nd ref="12480011910" />
    <tag k="building" v="yes" />
    <tag k="building:material" v="metal" />
    <tag k="height" v="17" />
    <tag k="name" v="J.C. Bose Building" />
  </way>
  <way id="1349164576" timestamp="2025-01-09T06:01:14Z" uid="22355679" user="Nikita2445" visible="true" version="3" changeset="161156715">
    <nd ref="12480011925" />
    <nd ref="12480011926" />
    <nd ref="12480011927" />
    <nd ref="12480011928" />
    <nd ref="12480011929" />
    <nd ref="12480011930" />
    <nd ref="12480011931" />
    <nd ref="12480011932" />
    <nd ref="12480011933" />
    <nd ref="12480011934" />
    <nd ref="12480011935" />
    <nd ref="12480011936" />
    <nd ref="12480011937" />
    <nd ref="12480011925" />
    <tag k="building" v="yes" />
    <tag k="building:material" v="metal" />
    <tag k="height" v="17" />
  </way>
  <way id="1349164577" timestamp="2026-08-18T18:11:24Z" uid="24432321" user="adarsh4our" visible="true" version="4" changeset="187654362">
    <nd ref="12480011938" />
    <nd ref="12480011939" />
    <nd ref="12480011940" />
    <nd ref="12480011941" />
    <nd ref="12480011942" />
    <nd ref="12480011943" />
    <nd ref="12480011944" />
    <nd ref="12480011945" />
    <nd ref="12480011946" />
    <nd ref="12480011947" />
    <nd ref="12480011948" />
    <nd ref="12480011949" />
    <nd ref="12480011950" />
    <nd ref="12480011951" />
    <nd ref="12480011952" />
    <nd ref="12480011953" />
    <nd ref="12480011954" />
    <nd ref="12480011955" />
    <nd ref="12480011956" />
    <nd ref="12480011957" />
    <nd ref="12480011958" />
    <nd ref="12480011961" />
    <nd ref="12480011962" />
    <nd ref="12480011963" />
    <nd ref="12480011964" />
    <nd ref="12480011965" />
    <nd ref="12480011966" />
    <nd ref="12480011967" />
    <nd ref="12480011968" />
    <nd ref="12480011969" />
    <nd ref="12480011970" />
    <nd ref="12480011938" />
    <tag k="building" v="yes" />
    <tag k="building:material" v="metal" />
    <tag k="height" v="17" />
    <tag k="name" v="S Ramanujan building" />
  </way>
  <way id="1349165963" timestamp="2025-01-09T06:01:14Z" uid="22355679" user="Nikita2445" visible="true" version="3" changeset="161156715">
    <nd ref="12480033662" />
    <nd ref="12480033663" />
    <nd ref="12480033664" />
    <nd ref="12480033665" />
    <nd ref="12480033666" />
    <nd ref="12480033667" />
    <nd ref="12480033668" />
    <nd ref="11066138208" />
    <nd ref="12480033669" />
    <nd ref="12480033670" />
    <nd ref="12480033671" />
    <nd ref="12480033672" />
    <nd ref="12480033673" />
    <nd ref="12480033674" />
    <nd ref="12480033675" />
    <nd ref="12480033676" />
    <nd ref="12480033677" />
    <nd ref="12480033678" />
    <nd ref="12480033679" />
    <nd ref="12480033680" />
    <nd ref="12480033662" />
    <tag k="building" v="apartments" />
    <tag k="building:material" v="cement_block" />
    <tag k="height" v="20" />
    <tag k="name" v="Satluj Boys hostel" />
  </way>
  <way id="1349204066" timestamp="2025-01-09T06:01:14Z" uid="22355679" user="Nikita2445" visible="true" version="3" changeset="161156715">
    <nd ref="12480392461" />
    <nd ref="12480392462" />
    <nd ref="12480392463" />
    <nd ref="12480392464" />
    <nd ref="12480392465" />
    <nd ref="12480392466" />
    <nd ref="12480392467" />
    <nd ref="12480392468" />
    <nd ref="12480392469" />
    <nd ref="12480392470" />
    <nd ref="12480392471" />
    <nd ref="12480392472" />
    <nd ref="12480392473" />
    <nd ref="12480392474" />
    <nd ref="12480392475" />
    <nd ref="12480392476" />
    <nd ref="12480392477" />
    <nd ref="12480392478" />
    <nd ref="12480392461" />
    <tag k="building" v="yes" />
    <tag k="building:material" v="metal" />
    <tag k="height" v="20" />
    <tag k="name" v="Chemistry Block" />
  </way>
  <way id="1349204067" timestamp="2025-01-09T06:01:14Z" uid="22355679" user="Nikita2445" visible="true" version="3" changeset="161156715">
    <nd ref="12480392479" />
    <nd ref="12480392480" />
    <nd ref="12480392481" />
    <nd ref="12480400148" />
    <nd ref="12480400147" />
    <nd ref="12480392482" />
    <nd ref="12480392483" />
    <nd ref="12480392484" />
    <nd ref="12480392485" />
    <nd ref="12480392486" />
    <nd ref="12480392487" />
    <nd ref="12480392488" />
    <nd ref="12480392489" />
    <nd ref="12480392490" />
    <nd ref="12480392491" />
    <nd ref="12480392492" />
    <nd ref="12480392493" />
    <nd ref="12480392494" />
    <nd ref="12480392495" />
    <nd ref="12480392496" />
    <nd ref="12480392497" />
    <nd ref="12480392498" />
    <nd ref="12480392499" />
    <nd ref="12480392500" />
    <nd ref="12480399801" />
    <nd ref="12480399802" />
    <nd ref="12480399803" />
    <nd ref="12480399804" />
    <nd ref="12480399805" />
    <nd ref="12480399806" />
    <nd ref="12480399807" />
    <nd ref="12480399808" />
    <nd ref="12480399809" />
    <nd ref="12480399810" />
    <nd ref="12480399811" />
    <nd ref="12480392479" />
    <tag k="building" v="yes" />
    <tag k="building:material" v="metal" />
    <tag k="height" v="20" />
  </way>
  <way id="1349204068" timestamp="2025-01-09T06:01:14Z" uid="22355679" user="Nikita2445" visible="true" version="3" changeset="161156715">
    <nd ref="12480399812" />
    <nd ref="12480399813" />
    <nd ref="12480399814" />
    <nd ref="12480399815" />
    <nd ref="12480399816" />
    <nd ref="12480399817" />
    <nd ref="12480399818" />
    <nd ref="12480399819" />
    <nd ref="12480399820" />
    <nd ref="12480399821" />
    <nd ref="12480392500" />
    <nd ref="12480399801" />
    <nd ref="12480399822" />
    <nd ref="12480399823" />
    <nd ref="12480399812" />
    <tag k="building" v="yes" />
    <tag k="building:material" v="metal" />
    <tag k="height" v="20" />
  </way>
  <way id="1349204069" timestamp="2025-01-09T06:01:14Z" uid="22355679" user="Nikita2445" visible="true" version="3" changeset="161156715">
    <nd ref="12480399824" />
    <nd ref="12480399825" />
    <nd ref="12480399826" />
    <nd ref="12480399827" />
    <nd ref="12480399828" />
    <nd ref="12480399829" />
    <nd ref="12480399830" />
    <nd ref="12480399831" />
    <nd ref="12480399832" />
    <nd ref="12480399833" />
    <nd ref="12480399834" />
    <nd ref="12480399835" />
    <nd ref="12480399836" />
    <nd ref="12480399837" />
    <nd ref="12480399838" />
    <nd ref="12480399839" />
    <nd ref="12480399840" />
    <nd ref="12480399841" />
    <nd ref="12480399842" />
    <nd ref="12480399843" />
    <nd ref="12480399824" />
    <tag k="building" v="retail" />
    <tag k="building:material" v="plaster" />
    <tag k="height" v="10" />
    <tag k="name" v="Utility block" />
  </way>
  <way id="1349204070" timestamp="2025-01-09T06:01:14Z" uid="22355679" user="Nikita2445" visible="true" version="3" changeset="161156715">
    <nd ref="12480399844" />
    <nd ref="12480399845" />
    <nd ref="12480399846" />
    <nd ref="12480399847" />
    <nd ref="12480399848" />
    <nd ref="12480399849" />
    <nd ref="12480399850" />
    <nd ref="12480399851" />
    <nd ref="12480399852" />
    <nd ref="12480399853" />
    <nd ref="12480399854" />
    <nd ref="12480399855" />
    <nd ref="12480399856" />
    <nd ref="12480399857" />
    <nd ref="12480399858" />
    <nd ref="12480399859" />
    <nd ref="12480399860" />
    <nd ref="12480399861" />
    <nd ref="12480399862" />
    <nd ref="12480399863" />
    <nd ref="12480399864" />
    <nd ref="12480399865" />
    <nd ref="12480399866" />
    <nd ref="12480399867" />
    <nd ref="12480399868" />
    <nd ref="12480399869" />
    <nd ref="12480399870" />
    <nd ref="12480399871" />
    <nd ref="12480399872" />
    <nd ref="12480399873" />
    <nd ref="12480399874" />
    <nd ref="12480399875" />
    <nd ref="12480399876" />
    <nd ref="12480399877" />
    <nd ref="12480399878" />
    <nd ref="12480399879" />
    <nd ref="12480399880" />
    <nd ref="12480399881" />
    <nd ref="12480399844" />
    <tag k="building" v="apartments" />
    <tag k="building:material" v="cement_block" />
    <tag k="height" v="20" />
    <tag k="name" v="Ravi Girls Hostel" />
  </way>
  <way id="1349204071" timestamp="2025-01-09T06:01:14Z" uid="22355679" user="Nikita2445" visible="true" version="2" changeset="161156715">
    <nd ref="12480399882" />
    <nd ref="12480399883" />
    <nd ref="12480399884" />
    <nd ref="12480399885" />
    <nd ref="12480399886" />
    <nd ref="12480399887" />
    <nd ref="12480399888" />
    <nd ref="12480399889" />
    <nd ref="12480399890" />
    <nd ref="12480399891" />
    <nd ref="12480399882" />
    <tag k="building" v="yes" />
    <tag k="building:material" v="concrete" />
    <tag k="height" v="18" />
    <tag k="name" v="Mess &amp; Cafeteria" />
  </way>
  <way id="1349204072" timestamp="2025-01-09T06:01:14Z" uid="22355679" user="Nikita2445" visible="true" version="3" changeset="161156715">
    <nd ref="12480399892" />
    <nd ref="12480399893" />
    <nd ref="12480399894" />
    <nd ref="12480399895" />
    <nd ref="12480399896" />
    <nd ref="12480399897" />
    <nd ref="12480399898" />
    <nd ref="12480399899" />
    <nd ref="12480399900" />
    <nd ref="12480399901" />
    <nd ref="12480399902" />
    <nd ref="12480399903" />
    <nd ref="12480399904" />
    <nd ref="12480399905" />
    <nd ref="12480399906" />
    <nd ref="12480399907" />
    <nd ref="12480399908" />
    <nd ref="12480399909" />
    <nd ref="12480399910" />
    <nd ref="12480399911" />
    <nd ref="12480399912" />
    <nd ref="12480399913" />
    <nd ref="12480399914" />
    <nd ref="12480399915" />
    <nd ref="12480399916" />
    <nd ref="12480399917" />
    <nd ref="12480399918" />
    <nd ref="12480399919" />
    <nd ref="12480399920" />
    <nd ref="12480399921" />
    <nd ref="12480399922" />
    <nd ref="12480399923" />
    <nd ref="12480399892" />
    <tag k="building" v="apartments" />
    <tag k="building:levels" v="2" />
    <tag k="building:material" v="cement_block" />
    <tag k="height" v="20" />
  </way>
  <way id="1349204073" timestamp="2025-01-09T06:01:14Z" uid="22355679" user="Nikita2445" visible="true" version="3" changeset="161156715">
    <nd ref="12480399924" />
    <nd ref="12480399925" />
    <nd ref="12480399926" />
    <nd ref="12480399927" />
    <nd ref="12480399928" />
    <nd ref="12480399929" />
    <nd ref="12480399930" />
    <nd ref="12480399931" />
    <nd ref="12480399932" />
    <nd ref="12480399933" />
    <nd ref="12480399934" />
    <nd ref="12480399935" />
    <nd ref="12480399936" />
    <nd ref="12480399937" />
    <nd ref="12480399938" />
    <nd ref="12480399939" />
    <nd ref="12480399940" />
    <nd ref="12480399941" />
    <nd ref="12480399942" />
    <nd ref="12480399943" />
    <nd ref="12480399944" />
    <nd ref="12480399945" />
    <nd ref="12480399946" />
    <nd ref="12480399947" />
    <nd ref="12480399948" />
    <nd ref="12480399924" />
    <tag k="building" v="apartments" />
    <tag k="building:material" v="cement_block" />
    <tag k="height" v="20" />
  </way>
  <way id="1349204074" timestamp="2025-01-09T06:01:14Z" uid="22355679" user="Nikita2445" visible="true" version="3" changeset="161156715">
    <nd ref="12480399949" />
    <nd ref="12480399950" />
    <nd ref="12480399951" />
    <nd ref="12480399952" />
    <nd ref="12480399949" />
    <tag k="building" v="yes" />
    <tag k="building:material" v="cement_block" />
    <tag k="height" v="20" />
  </way>
  <way id="1349204075" timestamp="2025-01-09T06:01:14Z" uid="22355679" user="Nikita2445" visible="true" version="3" changeset="161156715">
    <nd ref="12480399953" />
    <nd ref="12480399954" />
    <nd ref="12480399955" />
    <nd ref="12480399956" />
    <nd ref="12480399957" />
    <nd ref="12480399958" />
    <nd ref="12480399959" />
    <nd ref="12480399960" />
    <nd ref="12480399953" />
    <tag k="building" v="yes" />
    <tag k="building:material" v="cement_block" />
    <tag k="height" v="20" />
  </way>
  <way id="1349204076" timestamp="2025-01-09T06:01:14Z" uid="22355679" user="Nikita2445" visible="true" version="2" changeset="161156715">
    <nd ref="12480399961" />
    <nd ref="12480399962" />
    <nd ref="12480399963" />
    <nd ref="12480399964" />
    <nd ref="12480399961" />
    <tag k="building" v="yes" />
    <tag k="building:material" v="concrete" />
    <tag k="height" v="7" />
  </way>
  <way id="1349204077" timestamp="2025-01-09T06:01:14Z" uid="22355679" user="Nikita2445" visible="true" version="2" changeset="161156715">
    <nd ref="12480399965" />
    <nd ref="12480399966" />
    <nd ref="12480399967" />
    <nd ref="12480399968" />
    <nd ref="12480399965" />
    <tag k="building" v="yes" />
    <tag k="building:material" v="concrete" />
    <tag k="height" v="7" />
    <tag k="name" v="Mechanics Lab" />
  </way>
  <way id="1349204078" timestamp="2025-01-09T06:01:14Z" uid="22355679" user="Nikita2445" visible="true" version="2" changeset="161156715">
    <nd ref="12480399969" />
    <nd ref="12480399970" />
    <nd ref="12480399971" />
    <nd ref="12480399972" />
    <nd ref="12480399969" />
    <tag k="building" v="yes" />
    <tag k="building:material" v="metal" />
    <tag k="height" v="7" />
  </way>
  <way id="1349204079" timestamp="2025-01-09T06:01:14Z" uid="22355679" user="Nikita2445" visible="true" version="2" changeset="161156715">
    <nd ref="12480399973" />
    <nd ref="12480399974" />
    <nd ref="12480399975" />
    <nd ref="12480399976" />
    <nd ref="12480399973" />
    <tag k="building" v="yes" />
    <tag k="building:material" v="metal" />
    <tag k="height" v="7" />
  </way>
  <way id="1349204080" timestamp="2025-01-09T06:01:14Z" uid="22355679" user="Nikita2445" visible="true" version="2" changeset="161156715">
    <nd ref="12480399977" />
    <nd ref="12480399978" />
    <nd ref="12480399979" />
    <nd ref="12480399980" />
    <nd ref="12480399977" />
    <tag k="building" v="yes" />
    <tag k="building:material" v="metal" />
    <tag k="height" v="7" />
  </way>
  <way id="1349204081" timestamp="2025-01-07T13:45:03Z" uid="22355679" user="Nikita2445" visible="true" version="2" changeset="161096212">
    <nd ref="12480399981" />
    <nd ref="12480399982" />
    <nd ref="12480399983" />
    <nd ref="12480399984" />
    <nd ref="12480399985" />
    <nd ref="12480399986" />
    <nd ref="12480399987" />
    <nd ref="12480399988" />
    <nd ref="12480399989" />
    <nd ref="12480399990" />
    <nd ref="12480399991" />
    <nd ref="12480399992" />
    <nd ref="12480399993" />
    <nd ref="12480399994" />
    <nd ref="12480399995" />
    <nd ref="12480399996" />
    <nd ref="12480399981" />
    <tag k="building" v="apartments" />
    <tag k="building:material" v="cement_block" />
  </way>
  <way id="1349204082" timestamp="2025-01-09T06:01:14Z" uid="22355679" user="Nikita2445" visible="true" version="3" changeset="161156715">
    <nd ref="12480399997" />
    <nd ref="12480399998" />
    <nd ref="12480399999" />
    <nd ref="12480400000" />
    <nd ref="12480400001" />
    <nd ref="12480400002" />
    <nd ref="12480400003" />
    <nd ref="12480400004" />
    <nd ref="12480400005" />
    <nd ref="12480400006" />
    <nd ref="12480400007" />
    <nd ref="12480400008" />
    <nd ref="12480400009" />
    <nd ref="12480400010" />
    <nd ref="12480400011" />
    <nd ref="12480400012" />
    <nd ref="12480399997" />
    <tag k="building" v="apartments" />
    <tag k="building:material" v="cement_block" />
    <tag k="height" v="15" />
  </way>
  <way id="1349204083" timestamp="2025-01-09T06:01:14Z" uid="22355679" user="Nikita2445" visible="true" version="3" changeset="161156715">
    <nd ref="12480400013" />
    <nd ref="12480400014" />
    <nd ref="12480400015" />
    <nd ref="12480400016" />
    <nd ref="12480400017" />
    <nd ref="12480400018" />
    <nd ref="12480400019" />
    <nd ref="12480400020" />
    <nd ref="12480400021" />
    <nd ref="12480400022" />
    <nd ref="12480400023" />
    <nd ref="12480400024" />
    <nd ref="12480400025" />
    <nd ref="12480400026" />
    <nd ref="12480400027" />
    <nd ref="12480400028" />
    <nd ref="12480400013" />
    <tag k="building" v="apartments" />
    <tag k="building:material" v="cement_block" />
    <tag k="height" v="15" />
  </way>
  <way id="1349204084" timestamp="2025-01-09T06:01:14Z" uid="22355679" user="Nikita2445" visible="true" version="3" changeset="161156715">
    <nd ref="12480400029" />
    <nd ref="12480400030" />
    <nd ref="12480400031" />
    <nd ref="12480400032" />
    <nd ref="12480400033" />
    <nd ref="12480400034" />
    <nd ref="12480400035" />
    <nd ref="12480400036" />
    <nd ref="12480400037" />
    <nd ref="12480400038" />
    <nd ref="12480400039" />
    <nd ref="12480400040" />
    <nd ref="12480400041" />
    <nd ref="12480400042" />
    <nd ref="12480400043" />
    <nd ref="12480400044" />
    <nd ref="12480400029" />
    <tag k="building" v="apartments" />
    <tag k="building:material" v="cement_block" />
    <tag k="height" v="15" />
  </way>
  <way id="1349204085" timestamp="2025-01-09T06:01:14Z" uid="22355679" user="Nikita2445" visible="true" version="3" changeset="161156715">
    <nd ref="12480400045" />
    <nd ref="12480400046" />
    <nd ref="12480400047" />
    <nd ref="12480400048" />
    <nd ref="12480400049" />
    <nd ref="12480400050" />
    <nd ref="12480400051" />
    <nd ref="12480400052" />
    <nd ref="12480400053" />
    <nd ref="12480400054" />
    <nd ref="12480400055" />
    <nd ref="12480400056" />
    <nd ref="12480400057" />
    <nd ref="12480400058" />
    <nd ref="12480400059" />
    <nd ref="12480400060" />
    <nd ref="12480400045" />
    <tag k="building" v="apartments" />
    <tag k="building:material" v="cement_block" />
    <tag k="height" v="15" />
  </way>
  <way id="1349204086" timestamp="2025-01-07T13:45:03Z" uid="22355679" user="Nikita2445" visible="true" version="2" changeset="161096212">
    <nd ref="12480400061" />
    <nd ref="12480400062" />
    <nd ref="12480400063" />
    <nd ref="12480400064" />
    <nd ref="12480400065" />
    <nd ref="12480400066" />
    <nd ref="12480400067" />
    <nd ref="12480400068" />
    <nd ref="12480400069" />
    <nd ref="12480400070" />
    <nd ref="12480400071" />
    <nd ref="12480400072" />
    <nd ref="12480400073" />
    <nd ref="12480400074" />
    <nd ref="12480400075" />
    <nd ref="12480400076" />
    <nd ref="12480400061" />
    <tag k="building" v="apartments" />
    <tag k="building:material" v="cement_block" />
  </way>
  <way id="1349204087" timestamp="2025-01-09T06:01:14Z" uid="22355679" user="Nikita2445" visible="true" version="3" changeset="161156715">
    <nd ref="12480400077" />
    <nd ref="12480400078" />
    <nd ref="12480400079" />
    <nd ref="12480400080" />
    <nd ref="12480400081" />
    <nd ref="12480400082" />
    <nd ref="12480400083" />
    <nd ref="12480400084" />
    <nd ref="12480400085" />
    <nd ref="12480400086" />
    <nd ref="12480400087" />
    <nd ref="12480400088" />
    <nd ref="12480400077" />
    <tag k="building" v="apartments" />
    <tag k="building:material" v="cement_block" />
    <tag k="height" v="18" />
  </way>
  <way id="1349204088" timestamp="2025-01-09T06:01:14Z" uid="22355679" user="Nikita2445" visible="true" version="3" changeset="161156715">
    <nd ref="12480400089" />
    <nd ref="12480400090" />
    <nd ref="12480400091" />
    <nd ref="12480400092" />
    <nd ref="12480400093" />
    <nd ref="12480400094" />
    <nd ref="12480400095" />
    <nd ref="12480400096" />
    <nd ref="12480400097" />
    <nd ref="12480400098" />
    <nd ref="12480400099" />
    <nd ref="12480400100" />
    <nd ref="12480400089" />
    <tag k="building" v="apartments" />
    <tag k="building:material" v="cement_block" />
    <tag k="height" v="18" />
  </way>
  <way id="1349204090" timestamp="2026-08-18T18:11:24Z" uid="24432321" user="adarsh4our" visible="true" version="2" changeset="187654362">
    <nd ref="12480400125" />
    <nd ref="12480400126" />
    <nd ref="12480400127" />
    <nd ref="12480400128" />
    <nd ref="12480400129" />
    <nd ref="12480400130" />
    <nd ref="12480400131" />
    <nd ref="12480400132" />
    <nd ref="12480400133" />
    <nd ref="12480400134" />
    <nd ref="12480400135" />
    <nd ref="12480400136" />
    <nd ref="12480400137" />
    <nd ref="12480400138" />
    <nd ref="12480400125" />
    <tag k="building" v="residential" />
    <tag k="name" v="Girls Hostel2" />
  </way>
  <way id="1349204091" timestamp="2025-01-07T12:41:28Z" uid="22355679" user="Nikita2445" visible="true" version="1" changeset="161093922">
    <nd ref="12480400139" />
    <nd ref="12480400140" />
    <nd ref="12480400141" />
    <nd ref="12480400142" />
    <nd ref="12480400139" />
    <tag k="natural" v="grassland" />
  </way>
  <way id="1349204098" timestamp="2025-01-08T05:35:21Z" uid="22355679" user="Nikita2445" visible="true" version="2" changeset="161120018">
    <nd ref="12480400208" />
    <nd ref="12480400209" />
    <nd ref="12480400210" />
    <nd ref="12480400211" />
    <nd ref="12480400212" />
    <nd ref="12480400213" />
    <nd ref="12480400208" />
    <tag k="building" v="yes" />
    <tag k="building:material" v="cement_block" />
  </way>
  <way id="1349204099" timestamp="2025-01-09T06:01:14Z" uid="22355679" user="Nikita2445" visible="true" version="3" changeset="161156715">
    <nd ref="12480400218" />
    <nd ref="12480400219" />
    <nd ref="12480400220" />
    <nd ref="12480400221" />
    <nd ref="12480400222" />
    <nd ref="12480400384" />
    <nd ref="12480400223" />
    <nd ref="12480400224" />
    <nd ref="12480400225" />
    <nd ref="12480400226" />
    <nd ref="12480400227" />
    <nd ref="12480400228" />
    <nd ref="12480400229" />
    <nd ref="12480400230" />
    <nd ref="12480400231" />
    <nd ref="12480400232" />
    <nd ref="12480400233" />
    <nd ref="12480400234" />
    <nd ref="12480400235" />
    <nd ref="12480400236" />
    <nd ref="12480400237" />
    <nd ref="12480400238" />
    <nd ref="12480400239" />
    <nd ref="12480400240" />
    <nd ref="12480400241" />
    <nd ref="12480400242" />
    <nd ref="12480400243" />
    <nd ref="12480400244" />
    <nd ref="12480400245" />
    <nd ref="12480400246" />
    <nd ref="12480400247" />
    <nd ref="12480400248" />
    <nd ref="12480400249" />
    <nd ref="12480400218" />
    <tag k="building" v="residential" />
    <tag k="building:material" v="cement_block" />
    <tag k="height" v="20" />
  </way>
  <way id="1349204100" timestamp="2025-01-09T06:01:14Z" uid="22355679" user="Nikita2445" visible="true" version="4" changeset="161156715">
    <nd ref="12480400250" />
    <nd ref="12480400251" />
    <nd ref="12480400252" />
    <nd ref="12480400253" />
    <nd ref="12480400254" />
    <nd ref="12480400255" />
    <nd ref="12480400256" />
    <nd ref="12480400257" />
    <nd ref="12480400258" />
    <nd ref="12480400259" />
    <nd ref="12480400260" />
    <nd ref="12480400261" />
    <nd ref="12480400262" />
    <nd ref="12480400263" />
    <nd ref="12480400264" />
    <nd ref="12480400265" />
    <nd ref="12480400266" />
    <nd ref="12480400267" />
    <nd ref="12480400268" />
    <nd ref="12480400269" />
    <nd ref="12480400270" />
    <nd ref="12480400271" />
    <nd ref="12480400272" />
    <nd ref="12480400273" />
    <nd ref="12480400274" />
    <nd ref="12480400275" />
    <nd ref="12480400378" />
    <nd ref="12480400277" />
    <nd ref="12480400278" />
    <nd ref="12480400279" />
    <nd ref="12480400280" />
    <nd ref="12480400281" />
    <nd ref="12480400282" />
    <nd ref="12480400283" />
    <nd ref="12480400284" />
    <nd ref="12480400285" />
    <nd ref="12480400286" />
    <nd ref="12480400287" />
    <nd ref="12480400288" />
    <nd ref="12480400289" />
    <nd ref="12480400290" />
    <nd ref="12480400291" />
    <nd ref="12480400292" />
    <nd ref="12480400293" />
    <nd ref="12480400294" />
    <nd ref="12480400295" />
    <nd ref="12480400296" />
    <nd ref="12480400297" />
    <nd ref="12480400298" />
    <nd ref="12480400299" />
    <nd ref="12480400300" />
    <nd ref="12480400301" />
    <nd ref="12480400250" />
    <tag k="building" v="residential" />
    <tag k="building:material" v="cement_block" />
    <tag k="height" v="20" />
  </way>
  <way id="1349204101" timestamp="2025-01-09T06:01:14Z" uid="22355679" user="Nikita2445" visible="true" version="3" changeset="161156715">
    <nd ref="12480400302" />
    <nd ref="12480400303" />
    <nd ref="12480400304" />
    <nd ref="12480400305" />
    <nd ref="12480400306" />
    <nd ref="12480400307" />
    <nd ref="12480400308" />
    <nd ref="12480400309" />
    <nd ref="12480400310" />
    <nd ref="12480400311" />
    <nd ref="12480400312" />
    <nd ref="12480400313" />
    <nd ref="12480400314" />
    <nd ref="12480400315" />
    <nd ref="12480400316" />
    <nd ref="12480400317" />
    <nd ref="12480400318" />
    <nd ref="12480400319" />
    <nd ref="12480400320" />
    <nd ref="12480400321" />
    <nd ref="12480400322" />
    <nd ref="12480400323" />
    <nd ref="12480400324" />
    <nd ref="12480400325" />
    <nd ref="12480400326" />
    <nd ref="12480400327" />
    <nd ref="12480400328" />
    <nd ref="12480400329" />
    <nd ref="12480400330" />
    <nd ref="12480400331" />
    <nd ref="12480400332" />
    <nd ref="12480400333" />
    <nd ref="12480400334" />
    <nd ref="12480400335" />
    <nd ref="12480400336" />
    <nd ref="12480400337" />
    <nd ref="12480400338" />
    <nd ref="12480400339" />
    <nd ref="12480400340" />
    <nd ref="12480400341" />
    <nd ref="12480400342" />
    <nd ref="12480400343" />
    <nd ref="12480400344" />
    <nd ref="12480400345" />
    <nd ref="12480400346" />
    <nd ref="12480400347" />
    <nd ref="12480400348" />
    <nd ref="12480400349" />
    <nd ref="12480400350" />
    <nd ref="12480400351" />
    <nd ref="12480400352" />
    <nd ref="12480400353" />
    <nd ref="12480400354" />
    <nd ref="12480400355" />
    <nd ref="12480400356" />
    <nd ref="12480400357" />
    <nd ref="12480400358" />
    <nd ref="12480400359" />
    <nd ref="12480400360" />
    <nd ref="12480400361" />
    <nd ref="12480400362" />
    <nd ref="12480400363" />
    <nd ref="12480400364" />
    <nd ref="12480400365" />
    <nd ref="12480400366" />
    <nd ref="12480400367" />
    <nd ref="12480400368" />
    <nd ref="12480400369" />
    <nd ref="12480400302" />
    <tag k="building" v="residential" />
    <tag k="building:material" v="cement_block" />
    <tag k="height" v="20" />
  </way>
  <way id="1349204102" timestamp="2025-01-08T05:35:21Z" uid="22355679" user="Nikita2445" visible="true" version="2" changeset="161120018">
    <nd ref="12480400370" />
    <nd ref="12480400371" />
    <nd ref="12480400372" />
    <nd ref="12480400373" />
    <nd ref="12480400374" />
    <nd ref="12480400375" />
    <nd ref="12480400376" />
    <nd ref="12480400377" />
    <nd ref="12480400378" />
    <nd ref="12480400277" />
    <nd ref="12480400370" />
    <tag k="natural" v="grassland" />
  </way>
  <way id="1349204103" timestamp="2025-01-07T12:41:28Z" uid="22355679" user="Nikita2445" visible="true" version="1" changeset="161093922">
    <nd ref="12480400379" />
    <nd ref="12480400380" />
    <nd ref="12480400381" />
    <nd ref="12480400382" />
    <nd ref="12480400383" />
    <nd ref="12480400221" />
    <nd ref="12480400222" />
    <nd ref="12480400384" />
    <nd ref="12480400379" />
    <tag k="natural" v="grassland" />
  </way>
  <way id="1349204104" timestamp="2025-01-09T06:01:14Z" uid="22355679" user="Nikita2445" visible="true" version="4" changeset="161156715">
    <nd ref="12480400385" />
    <nd ref="12480400386" />
    <nd ref="12480400387" />
    <nd ref="12480400388" />
    <nd ref="12480400389" />
    <nd ref="12480400390" />
    <nd ref="12480400391" />
    <nd ref="12480400392" />
    <nd ref="12480400393" />
    <nd ref="12480400394" />
    <nd ref="12480400395" />
    <nd ref="12480400396" />
    <nd ref="12480400397" />
    <nd ref="12480400398" />
    <nd ref="12480400399" />
    <nd ref="12480400400" />
    <nd ref="12480400401" />
    <nd ref="12480400402" />
    <nd ref="12480400403" />
    <nd ref="12480400404" />
    <nd ref="12480400405" />
    <nd ref="12480400406" />
    <nd ref="12480400407" />
    <nd ref="12480400408" />
    <nd ref="12480400409" />
    <nd ref="12480400410" />
    <nd ref="12480400411" />
    <nd ref="12480400412" />
    <nd ref="12480400413" />
    <nd ref="12480400414" />
    <nd ref="12480400415" />
    <nd ref="12480400416" />
    <nd ref="12480400385" />
    <tag k="building" v="residential" />
    <tag k="building:material" v="cement_block" />
    <tag k="height" v="20" />
  </way>
  <way id="1349204105" timestamp="2025-01-09T06:01:14Z" uid="22355679" user="Nikita2445" visible="true" version="3" changeset="161156715">
    <nd ref="12480400417" />
    <nd ref="12480400418" />
    <nd ref="12480400419" />
    <nd ref="12480400420" />
    <nd ref="12480400421" />
    <nd ref="12480400422" />
    <nd ref="12480400423" />
    <nd ref="12480400424" />
    <nd ref="12480400425" />
    <nd ref="12480400426" />
    <nd ref="12480400427" />
    <nd ref="12480400428" />
    <nd ref="12480400429" />
    <nd ref="12480400430" />
    <nd ref="12480400431" />
    <nd ref="12480400432" />
    <nd ref="12480400433" />
    <nd ref="12480400434" />
    <nd ref="12480400435" />
    <nd ref="12480400436" />
    <nd ref="12480400437" />
    <nd ref="12480400438" />
    <nd ref="12480400439" />
    <nd ref="12480400440" />
    <nd ref="12480400417" />
    <tag k="building" v="residential" />
    <tag k="building:material" v="cement_block" />
    <tag k="height" v="20" />
  </way>
  <way id="1349753244" timestamp="2025-01-09T10:57:08Z" uid="22355679" user="Nikita2445" visible="true" version="1" changeset="161164830">
    <nd ref="12486259163" />
    <nd ref="12486259164" />
    <nd ref="12486259165" />
    <nd ref="12486259166" />
    <nd ref="12486259167" />
    <nd ref="12486259168" />
    <nd ref="12486259169" />
    <nd ref="12486259170" />
    <nd ref="12486259171" />
    <nd ref="12486259172" />
    <nd ref="12486259173" />
    <nd ref="12486259174" />
    <nd ref="12486259163" />
    <tag k="building" v="residential" />
    <tag k="building:material" v="concrete" />
    <tag k="height" v="20" />
  </way>
  <way id="1349753245" timestamp="2025-01-09T10:57:08Z" uid="22355679" user="Nikita2445" visible="true" version="1" changeset="161164830">
    <nd ref="12486259175" />
    <nd ref="12486259176" />
    <nd ref="12486259177" />
    <nd ref="12486259178" />
    <nd ref="12486259179" />
    <nd ref="12486259180" />
    <nd ref="12486259181" />
    <nd ref="12486259182" />
    <nd ref="12486259183" />
    <nd ref="12486259184" />
    <nd ref="12486259185" />
    <nd ref="12486259186" />
    <nd ref="12486259175" />
    <tag k="building" v="residential" />
    <tag k="building:material" v="concrete" />
    <tag k="height" v="20" />
  </way>
  <way id="1349753246" timestamp="2025-01-09T10:57:08Z" uid="22355679" user="Nikita2445" visible="true" version="1" changeset="161164830">
    <nd ref="12486259187" />
    <nd ref="12486259188" />
    <nd ref="12486259189" />
    <nd ref="12486259190" />
    <nd ref="12486259191" />
    <nd ref="12486259192" />
    <nd ref="12486259193" />
    <nd ref="12486259194" />
    <nd ref="12486259195" />
    <nd ref="12486259196" />
    <nd ref="12486259197" />
    <nd ref="12486259198" />
    <nd ref="12486259187" />
    <tag k="building" v="residential" />
    <tag k="building:material" v="concrete" />
    <tag k="height" v="20" />
  </way>
  <way id="1349753247" timestamp="2025-01-09T10:57:08Z" uid="22355679" user="Nikita2445" visible="true" version="1" changeset="161164830">
    <nd ref="12486259199" />
    <nd ref="12486259200" />
    <nd ref="12486296501" />
    <nd ref="12486296502" />
    <nd ref="12486296503" />
    <nd ref="12486296504" />
    <nd ref="12486296505" />
    <nd ref="12486296506" />
    <nd ref="12486296507" />
    <nd ref="12486296508" />
    <nd ref="12486296509" />
    <nd ref="12486296510" />
    <nd ref="12486259199" />
    <tag k="building" v="residential" />
    <tag k="building:material" v="concrete" />
    <tag k="height" v="20" />
  </way>
  <way id="1349753248" timestamp="2025-01-09T10:57:08Z" uid="22355679" user="Nikita2445" visible="true" version="1" changeset="161164830">
    <nd ref="12486296511" />
    <nd ref="12486296512" />
    <nd ref="12486296513" />
    <nd ref="12486296514" />
    <nd ref="12486296515" />
    <nd ref="12486296516" />
    <nd ref="12486296517" />
    <nd ref="12486296518" />
    <nd ref="12486296519" />
    <nd ref="12486296520" />
    <nd ref="12486296521" />
    <nd ref="12486296522" />
    <nd ref="12486296511" />
    <tag k="building" v="residential" />
    <tag k="building:material" v="concrete" />
    <tag k="height" v="20" />
  </way>
  <way id="1349753250" timestamp="2025-01-09T10:57:08Z" uid="22355679" user="Nikita2445" visible="true" version="1" changeset="161164830">
    <nd ref="12486296541" />
    <nd ref="12486296542" />
    <nd ref="12486296543" />
    <nd ref="12486296544" />
    <nd ref="12486296541" />
    <tag k="building" v="industrial" />
    <tag k="building:material" v="concrete" />
    <tag k="height" v="5" />
  </way>
  <way id="1349753251" timestamp="2025-01-09T10:57:08Z" uid="22355679" user="Nikita2445" visible="true" version="1" changeset="161164830">
    <nd ref="12486296545" />
    <nd ref="12486296546" />
    <nd ref="12486296547" />
    <nd ref="12486296548" />
    <nd ref="12486296545" />
    <tag k="building" v="garage" />
  </way>
  <way id="1349753253" timestamp="2025-01-09T10:57:08Z" uid="22355679" user="Nikita2445" visible="true" version="1" changeset="161164830">
    <nd ref="12486296574" />
    <nd ref="12486296575" />
    <nd ref="12486296576" />
    <nd ref="12486296577" />
    <nd ref="12486296578" />
    <nd ref="12486296579" />
    <nd ref="12486296580" />
    <nd ref="12486296581" />
    <nd ref="12486296574" />
    <tag k="building" v="house" />
    <tag k="building:material" v="concrete" />
    <tag k="height" v="7" />
  </way>
  <way id="1349753254" timestamp="2025-01-09T10:57:08Z" uid="22355679" user="Nikita2445" visible="true" version="1" changeset="161164830">
    <nd ref="12486296582" />
    <nd ref="12486296583" />
    <nd ref="12486296584" />
    <nd ref="12486296585" />
    <nd ref="12486296586" />
    <nd ref="12486296587" />
    <nd ref="12486296588" />
    <nd ref="12486296589" />
    <nd ref="12486296590" />
    <nd ref="12486296591" />
    <nd ref="12486296592" />
    <nd ref="12486296593" />
    <nd ref="12486296582" />
    <tag k="building" v="industrial" />
    <tag k="building:material" v="concrete" />
    <tag k="height" v="7" />
  </way>
  <way id="1349753255" timestamp="2025-01-09T10:57:08Z" uid="22355679" user="Nikita2445" visible="true" version="1" changeset="161164830">
    <nd ref="12486296594" />
    <nd ref="12486296595" />
    <nd ref="12486296596" />
    <nd ref="12486296597" />
    <nd ref="12486296598" />
    <nd ref="12486296599" />
    <nd ref="12486296600" />
    <nd ref="12486296601" />
    <nd ref="12486296594" />
    <tag k="building" v="garage" />
    <tag k="building:material" v="concrete" />
    <tag k="height" v="5" />
  </way>
  <way id="1550634808" timestamp="2026-08-18T18:11:24Z" uid="24432321" user="adarsh4our" visible="true" version="1" changeset="187654362">
    <nd ref="9513069042" />
    <nd ref="14103608562" />
    <nd ref="9513069043" />
    <nd ref="14103608563" />
    <nd ref="14103608564" />
    <nd ref="9513069042" />
    <tag k="highway" v="service" />
  </way>
  <way id="1550634810" timestamp="2026-08-18T18:11:24Z" uid="24432321" user="adarsh4our" visible="true" version="1" changeset="187654362">
    <nd ref="14103608568" />
    <nd ref="14103608569" />
    <nd ref="14103608570" />
    <nd ref="14103608571" />
    <nd ref="14103608572" />
    <nd ref="14103608568" />
    <tag k="amenity" v="cafe" />
    <tag k="building" v="yes" />
    <tag k="name" v="Maggi Point" />
  </way>
  <way id="1550634811" timestamp="2026-08-18T18:11:24Z" uid="24432321" user="adarsh4our" visible="true" version="1" changeset="187654362">
    <nd ref="14103608573" />
    <nd ref="14103608574" />
    <nd ref="14103608575" />
    <nd ref="14103608576" />
    <nd ref="14103608573" />
    <tag k="amenity" v="cafe" />
    <tag k="building" v="yes" />
    <tag k="name" v="Burger House" />
  </way>
  <way id="1550634812" timestamp="2026-08-18T18:11:24Z" uid="24432321" user="adarsh4our" visible="true" version="1" changeset="187654362">
    <nd ref="14103608577" />
    <nd ref="14103608578" />
    <nd ref="14103608579" />
    <nd ref="14103608580" />
    <tag k="highway" v="service" />
  </way>
  <way id="1550634813" timestamp="2026-08-18T18:11:24Z" uid="24432321" user="adarsh4our" visible="true" version="1" changeset="187654362">
    <nd ref="14103608581" />
    <nd ref="14103608582" />
    <nd ref="14103608583" />
    <nd ref="14103608584" />
    <nd ref="14103608585" />
    <nd ref="14103608586" />
    <nd ref="14103608587" />
    <nd ref="14103608588" />
    <nd ref="14103608581" />
    <tag k="amenity" v="parking" />
  </way>
  <way id="1550634814" timestamp="2026-09-24T17:25:54Z" uid="24589846" user="Y@shP" visible="true" version="2" changeset="189509374">
    <nd ref="14103608589" />
    <nd ref="14103608595" />
    <nd ref="14103608591" />
    <tag k="highway" v="service" />
  </way>
  <way id="1550634816" timestamp="2026-08-18T18:11:24Z" uid="24432321" user="adarsh4our" visible="true" version="1" changeset="187654362">
    <nd ref="9513069046" />
    <nd ref="14103608596" />
    <nd ref="14103608597" />
    <nd ref="14103608598" />
    <nd ref="14103608599" />
    <nd ref="14103608600" />
    <tag k="highway" v="service" />
  </way>
  <way id="1550634817" timestamp="2026-08-18T18:11:24Z" uid="24432321" user="adarsh4our" visible="true" version="1" changeset="187654362">
    <nd ref="14103608600" />
    <nd ref="14103649901" />
    <tag k="highway" v="service" />
  </way>
  <way id="1550634818" timestamp="2026-08-18T18:11:24Z" uid="24432321" user="adarsh4our" visible="true" version="1" changeset="187654362">
    <nd ref="14103649902" />
    <nd ref="14103649903" />
    <nd ref="14103649904" />
    <nd ref="14103649905" />
    <nd ref="11752291185" />
    <tag k="highway" v="service" />
  </way>
  <way id="1550634819" timestamp="2026-08-18T18:11:24Z" uid="24432321" user="adarsh4our" visible="true" version="1" changeset="187654362">
    <nd ref="11752291189" />
    <nd ref="14103649903" />
    <tag k="highway" v="service" />
  </way>
  <way id="1550634820" timestamp="2026-08-18T18:11:24Z" uid="24432321" user="adarsh4our" visible="true" version="1" changeset="187654362">
    <nd ref="9514233027" />
    <nd ref="14103649906" />
    <nd ref="9513069024" />
    <tag k="highway" v="service" />
  </way>
  <way id="1550634822" timestamp="2026-08-18T18:11:24Z" uid="24432321" user="adarsh4our" visible="true" version="1" changeset="187654362">
    <nd ref="9513069042" />
    <nd ref="14103649907" />
    <nd ref="14103649908" />
    <nd ref="11052493596" />
    <tag k="highway" v="service" />
  </way>
  <way id="1552200246" timestamp="2026-09-24T17:25:54Z" uid="24589846" user="Y@shP" visible="true" version="2" changeset="189509374">
    <nd ref="14121711105" />
    <nd ref="14121711108" />
    <tag k="highway" v="service" />
  </way>
  <way id="1552200247" timestamp="2026-09-26T05:21:57Z" uid="322785" user="BCNorwich" visible="true" version="3" changeset="189571057">
    <nd ref="11752291194" />
    <nd ref="14121711108" />
    <tag k="highway" v="service" />
  </way>
  <way id="1562022897" timestamp="2026-09-24T17:25:54Z" uid="24589846" user="Y@shP" visible="true" version="1" changeset="189509374">
    <nd ref="14103608591" />
    <nd ref="14212446381" />
    <tag k="highway" v="service" />
  </way>
  <way id="-1003" action="modify" visible="true">
    <nd ref="14103608598" />
    <nd ref="9513402244" />
    <tag k="highway" v="service" />
    <tag k="name" v="Chemistry Block Access Road" />
  </way>
</osm>