# Blender 5.2.2 LTS
# www.blender.org
mtllib map1.mtl
o map.osm_roads_service
v 499.039459 0.299959 14.104607
v 493.041779 0.299960 14.272518
v 499.618683 0.299959 34.794937
v 493.620148 0.299960 34.930477
v 500.557770 0.299959 89.406448
v 494.551544 0.299960 89.092056
v 499.881378 0.299959 94.933060
v 494.092438 0.299960 92.843033
v 491.906586 0.299960 107.343109
v 488.597748 0.299960 101.393539
v 345.739044 0.299971 109.602341
v 345.646332 0.299971 103.603058
v 493.042511 0.299960 14.294918
v 499.038727 0.299959 14.082207
v 492.418549 0.299960 -3.293652
v 498.415985 0.299959 -3.473362
v 491.245453 0.299960 -51.258209
v 497.207489 0.299959 -52.885376
v 488.319183 0.299960 -56.509232
v 492.452850 0.299960 -61.417191
v 483.938812 0.299960 -58.046738
v 484.922089 0.299960 -64.060455
v 343.562408 0.299971 -56.165337
v 343.482025 0.299971 -62.164787
v 346.521942 0.299971 -59.204338
v 340.522491 0.299971 -59.125786
v 348.692413 0.299971 106.563423
v 342.692963 0.299971 106.641975
v 343.542023 0.299971 -56.165131
v 343.502411 0.299971 -62.164993
v 308.810760 0.299974 -55.935944
v 308.903900 0.299974 -61.936676
v 302.188995 0.299974 -56.185364
v 302.345428 0.299974 -62.183716
v 291.821533 0.299975 -56.335655
v 291.629028 0.299975 -62.339073
v 287.983582 0.299975 -56.033386
v 286.984436 0.299975 -61.973267
v 285.852417 0.299975 -55.478546
v 283.616394 0.299976 -61.096405
v 281.206268 0.299976 -52.922813
v 276.150909 0.299976 -56.989815
v 280.090363 0.299976 -49.142761
v 274.105255 0.299976 -50.060349
v 279.941803 0.299976 -40.505501
v 273.941925 0.299976 -40.562019
v 279.841461 0.299976 20.553658
v 273.841339 0.299976 20.612667
v 281.322662 0.299976 90.043671
v 275.343658 0.299976 91.091202
v 284.702545 0.299976 100.055733
v 279.845306 0.299976 104.426270
v 291.434662 0.299975 103.151031
v 290.011566 0.299975 109.100525
v 302.220459 0.299974 103.567627
v 301.957214 0.299974 109.561928
v 309.907196 0.299974 103.945831
v 309.788422 0.299974 109.947235
v 345.663910 0.299971 103.602844
v 345.721466 0.299971 109.602554
v 306.663055 0.299974 -737.434814
v 300.666107 0.299974 -737.243652
v 306.796204 0.299974 -733.258240
v 300.799500 0.299974 -733.058777
v 307.939026 0.299974 -700.272949
v 301.945129 0.299974 -699.992310
v 308.852173 0.299974 -684.795654
v 302.855469 0.299974 -684.562744
v 310.692963 0.299974 -586.395813
v 304.720184 0.299974 -584.884094
v 319.428314 0.299973 -569.496948
v 314.083344 0.299973 -566.770752
v 334.193787 0.299972 -540.154907
v 328.435791 0.299972 -538.249390
v 336.742676 0.299972 -525.563660
v 330.872437 0.299972 -524.300842
v 338.770721 0.299971 -517.648804
v 332.806549 0.299972 -516.752563
v 340.190735 0.299971 -487.766693
v 334.188782 0.299972 -487.665619
v 339.609253 0.299971 -445.666138
v 333.608521 0.299972 -445.655762
v 339.830475 0.299971 -432.855957
v 333.831390 0.299972 -432.751709
v 340.063660 0.299971 -419.512390
v 334.064575 0.299972 -419.407471
v 340.663361 0.299971 -385.265350
v 334.664276 0.299972 -385.159576
v 341.363586 0.299971 -345.800476
v 335.363647 0.299972 -345.744568
v 341.395752 0.299971 -310.144440
v 335.395813 0.299972 -310.080475
v 346.521576 0.299971 -59.226334
v 340.522858 0.299971 -59.103790
v 338.421844 0.299971 -342.773102
v 338.305389 0.299971 -348.771942
v 191.201721 0.299983 -339.914978
v 191.085266 0.299983 -345.913818
v 348.692017 0.299971 106.539413
v 342.693359 0.299971 106.665985
v 350.864197 0.299971 209.488922
v 344.864868 0.299971 209.582611
v 352.481873 0.299970 369.037109
v 346.482849 0.299971 369.161255
v 354.242249 0.299970 425.379272
v 348.243896 0.299971 425.526123
v 355.062469 0.299970 471.647369
v 348.985504 0.299971 467.358124
v 342.034454 0.299971 476.020172
v 342.332489 0.299971 469.591217
v 327.093567 0.299972 469.411102
v 329.354004 0.299972 463.850189
v 306.248505 0.299974 461.667175
v 307.963776 0.299974 455.903748
v 285.002625 0.299975 456.853088
v 286.418091 0.299975 451.021729
v 270.945404 0.299977 453.212280
v 271.954987 0.299976 447.275818
v 260.055756 0.299977 452.301056
v 260.268951 0.299977 446.297943
v 237.331970 0.299979 452.584900
v 236.995544 0.299979 446.588623
v 225.383759 0.299980 453.778839
v 225.054718 0.299980 447.781830
v 207.601440 0.299981 453.957031
v 206.502380 0.299981 447.967773
v 193.627594 0.299982 459.104675
v 191.711670 0.299983 453.416321
v 180.965454 0.299983 462.977356
v 178.904205 0.299984 457.333435
v 173.265015 0.299984 466.264984
v 170.997955 0.299984 460.708954
v 154.044403 0.299985 473.749054
v 153.149750 0.299985 467.658600
v 145.053680 0.299986 473.031799
v 146.355286 0.299986 467.116577
v 131.654816 0.299987 468.086456
v 134.929535 0.299987 462.899506
v 113.798943 0.299988 450.678040
v 118.519981 0.299988 446.901123
v 109.654396 0.299989 443.939423
v 115.361519 0.299988 441.765839
v 108.290810 0.299989 436.289001
v 114.231026 0.299988 435.423096
v 105.610298 0.299989 412.694122
v 111.611061 0.299989 412.361237
v 105.786400 0.299989 335.662872
v 111.786369 0.299989 335.676605
v 351.787872 0.299970 422.502594
v 350.698273 0.299971 428.402802
v 378.962311 0.299968 427.520844
v 378.404694 0.299968 433.519318
v 412.558380 0.299966 427.614227
v 412.602203 0.299966 433.614349
v 447.710541 0.299963 427.002899
v 447.848480 0.299963 433.001373
v 483.390778 0.299960 425.982422
v 483.679840 0.299960 431.976624
v 514.894043 0.299958 423.843658
v 514.070190 0.299958 429.913422
v 520.242859 0.299958 425.721283
v 514.376404 0.299958 430.020905
v 523.333679 0.299957 523.050110
v 517.282288 0.299958 521.526794
v 517.109375 0.299958 533.797241
v 513.644409 0.299958 527.808044
v 484.355194 0.299960 533.899353
v 484.237762 0.299960 527.899719
v 448.551941 0.299963 535.189270
v 448.418152 0.299963 529.190186
v 413.802734 0.299966 535.487793
v 413.904358 0.299966 529.486694
v 378.705078 0.299968 533.997131
v 378.959656 0.299968 528.002563
v 415.580048 0.299966 430.576782
v 409.580536 0.299966 430.651794
v 416.853302 0.299966 532.449707
v 410.853790 0.299966 532.524719
v 450.779449 0.299963 429.981415
v 444.779572 0.299963 430.022858
v 451.484985 0.299963 532.169006
v 445.485107 0.299963 532.210449
v 486.535248 0.299960 428.957123
v 480.535370 0.299961 429.001923
v 487.296417 0.299960 530.877136
v 481.296539 0.299961 530.921936
v 416.852936 0.299966 532.426147
v 410.854156 0.299966 532.548340
v 418.125732 0.299965 594.926575
v 412.103271 0.299966 593.883484
v 415.605438 0.299966 601.554749
v 411.284454 0.299966 596.036804
v 375.393158 0.299969 606.454346
v 381.432709 0.299968 599.674072
v 375.832367 0.299969 530.993347
v 381.832367 0.299968 531.006348
v 375.683502 0.299969 430.524536
v 381.683502 0.299968 430.515625
v 306.610138 0.299974 -175.841278
v 306.610138 0.299974 -181.841278
v 286.230988 0.299975 -175.841278
v 286.157990 0.299975 -181.841278
v 259.576630 0.299977 -175.192383
v 259.534821 0.299977 -181.193146
v 201.440948 0.299982 -175.797028
v 199.961365 0.299982 -181.812744
v 196.718323 0.299982 -173.261414
v 190.746643 0.299983 -176.865265
v 196.332001 0.299982 -124.394203
v 190.329620 0.299983 -124.115120
v 197.021423 0.299982 -117.579704
v 190.953522 0.299983 -117.948235
v 195.169373 0.299982 -109.380119
v 189.131805 0.299983 -109.882988
v 197.242340 0.299982 -72.369667
v 191.443848 0.299983 -68.604332
v 201.015228 0.299982 -70.429893
v 198.624725 0.299982 -64.912376
v 204.255310 0.299982 -69.273560
v 203.355103 0.299982 -63.224182
v 212.174622 0.299981 -69.648727
v 212.356354 0.299981 -63.650620
v 256.426422 0.299978 -70.234741
v 258.852203 0.299977 -64.266342
v 258.739594 0.299977 -72.428192
v 263.685822 0.299977 -68.849823
v 259.641846 0.299977 -74.341576
v 265.700195 0.299977 -73.121605
v 257.145691 0.299978 -132.082489
v 263.144043 0.299977 -132.250488
v 256.555969 0.299978 -178.154388
v 262.555481 0.299977 -178.231171
v 215.265411 0.299981 -66.672966
v 209.265594 0.299981 -66.626381
v 215.943726 0.299981 20.699196
v 209.944275 0.299981 20.791401
v 218.115204 0.299981 115.211090
v 212.248383 0.299981 121.075928
v 267.097107 0.299977 116.353088
v 261.097107 0.299977 122.214828
v 267.097107 0.299977 208.344025
v 261.097107 0.299977 202.656097
v 213.600891 0.299981 211.202606
v 216.807129 0.299981 205.022736
v 186.313629 0.299983 167.701187
v 192.588654 0.299982 166.413559
v 194.747253 0.299982 113.886673
v 199.830688 0.299982 120.202469
v 216.130127 0.299981 115.169647
v 215.770782 0.299981 121.158875
v 305.857330 0.299974 -58.941193
v 311.857330 0.299973 -58.931427
v 305.946960 0.299974 -114.017570
v 311.947144 0.299973 -114.138176
v 303.710236 0.299974 -167.472473
v 309.710663 0.299974 -167.587555
v 304.039276 0.299974 -262.407684
v 310.058136 0.299974 -267.845764
v 227.293304 0.299980 -269.939789
v 223.948090 0.299980 -276.296906
v 218.222382 0.299981 -253.498718
v 212.284058 0.299981 -255.155823
v 215.226959 0.299981 -178.826691
v 209.231781 0.299981 -179.067169
v -4.674007 0.299997 -596.237732
v -10.670113 0.299998 -596.021790
v 3.164948 0.299997 -378.583984
v -2.834709 0.299997 -378.466553
v 3.231079 0.299997 -357.574249
v -2.768875 0.299997 -357.553314
v 3.242046 0.299997 -354.716095
v -2.757793 0.299997 -354.665192
v 4.759956 0.299997 -239.151825
v -1.255165 0.299997 -240.264191
v -0.119198 0.299997 -226.895660
v -6.195026 0.299997 -227.855560
v 0.543285 0.299997 -216.792969
v -5.455418 0.299997 -216.576721
v 1.375252 0.299997 -90.322975
v -4.622253 0.299997 -89.924538
v 2.947365 0.299997 -77.921722
v -3.055458 0.299997 -77.565247
v 2.600449 0.299997 -31.457558
v -3.399559 0.299997 -31.478249
v 2.611439 0.299997 -12.221100
v -3.388515 0.299997 -12.151711
v 4.169365 0.299997 56.830139
v -1.829758 0.299997 56.936558
v 5.104801 0.299997 129.250824
v -0.894337 0.299997 129.356140
v 7.377071 0.299996 231.663361
v 1.377888 0.299997 231.766418
v 8.078804 0.299996 289.311462
v 2.081146 0.299997 289.539948
v 8.879044 0.299996 301.800934
v 2.884506 0.299997 302.078156
v 10.396782 0.299996 355.165710
v 4.397522 0.299997 355.276917
v 10.899357 0.299996 413.392975
v 4.900578 0.299997 413.559357
v 11.132282 0.299996 418.363342
v 5.135548 0.299997 418.573364
v 12.404568 0.299996 473.232056
v 6.405506 0.299997 473.341736
v 13.365097 0.299996 545.005188
v 7.365974 0.299996 545.110535
v 14.034718 0.299996 575.798035
v 8.035191 0.299996 575.884705
v 14.383644 0.299996 624.734497
v 8.381561 0.299996 624.462891
v 11.776077 0.299996 651.379150
v 5.804611 0.299997 650.794800
v 5.869766 0.299997 292.319855
v 4.290184 0.299997 286.531525
v -19.601013 0.299998 299.270599
v -20.332481 0.299999 293.250824
v -53.375069 0.300001 298.440674
v -53.305634 0.300001 292.440582
v -87.407219 0.300004 298.489136
v -87.423271 0.300004 292.489166
v -141.131256 0.300008 298.700134
v -141.300629 0.300008 292.700745
v -178.706635 0.300011 300.675446
v -178.932617 0.300011 294.679047
v -252.616821 0.300016 302.362183
v -252.409363 0.300016 296.355896
v -288.421753 0.300019 299.063568
v -287.871307 0.300019 293.088867
v -283.854523 0.300018 317.718567
v -283.866058 0.300018 311.718567
v -485.204559 0.300034 318.105499
v -485.247589 0.300034 312.105560
v -605.354492 0.300043 319.597778
v -605.391846 0.300043 313.597778
v -658.359985 0.300047 319.599152
v -657.961670 0.300047 313.599152
v -671.667297 0.300048 317.823944
v -670.124329 0.300048 311.976654
v -684.587097 0.300049 312.613037
v -682.006775 0.300049 307.184082
v -695.886658 0.300050 306.381500
v -692.169983 0.300049 301.579254
v -702.663147 0.300050 299.215607
v -697.995178 0.300050 295.419312
v -707.228577 0.300050 292.656891
v -701.934875 0.300050 289.759491
v -710.568176 0.300051 284.612396
v -704.896301 0.300050 282.626068
v -713.444580 0.300051 274.618073
v -707.563965 0.300050 273.356842
v -714.614075 0.300051 266.456207
v -708.621277 0.300050 265.977966
v -715.364319 0.300051 222.188843
v -709.364319 0.300051 222.136383
v -715.410217 0.300051 136.866547
v -709.409729 0.300051 137.770172
v -709.697266 0.300051 118.364326
v -704.057739 0.300050 120.436882
v -703.699646 0.300050 104.369370
v -698.322449 0.300050 107.054039
v -693.316406 0.300049 86.286728
v -688.490356 0.300049 89.931244
v -680.664307 0.300048 73.300438
v -676.385010 0.300048 77.506226
v -671.528442 0.300048 64.085938
v -667.576294 0.300047 68.621643
v -564.477234 0.300040 -16.256462
v -560.715759 0.300039 -11.577698
v -464.638916 0.300032 -102.153145
v -460.578125 0.300032 -97.731819
v -444.750336 0.300031 -121.646187
v -440.146271 0.300030 -117.757393
v -422.376038 0.300029 -153.843079
v -417.479614 0.300029 -150.374939
v -393.951233 0.300027 -193.220398
v -389.085327 0.300026 -189.709991
v -355.566528 0.300024 -246.458221
v -351.503052 0.300024 -241.834930
v -343.154236 0.300023 -253.174438
v -341.406189 0.300023 -247.298279
v -331.683533 0.300022 -254.120697
v -331.592590 0.300022 -248.107819
v -294.089783 0.300019 -252.161896
v -294.401978 0.300019 -246.170013
v -2.555225 0.299997 -219.683197
v -2.356907 0.299997 -213.686493
v 32.364128 0.299995 -220.838043
v 32.521118 0.299995 -214.839935
v 59.792267 0.299992 -221.366852
v 59.483711 0.299993 -215.359772
v 65.238777 0.299992 -220.699524
v 63.076309 0.299992 -214.919617
v 69.939255 0.299992 -217.524231
v 65.299789 0.299992 -213.417603
v 72.770935 0.299992 -211.982910
v 66.809357 0.299992 -210.463531
v 74.023705 0.299991 -165.038208
v 68.025887 0.299992 -164.876709
v 75.571159 0.299991 -108.071159
v 69.571205 0.299992 -107.988213
v 75.582222 0.299991 -85.652275
v 69.581825 0.299992 -86.460854
v 73.906570 0.299991 -79.559433
v 68.852875 0.299992 -83.810272
v 69.086868 0.299992 -77.287277
v 67.639023 0.299992 -83.238022
v 0.056343 0.299997 -74.745522
v -0.164436 0.299997 -80.741447
v 108.638939 0.299989 415.527557
v 108.582420 0.299989 409.527802
v 7.928219 0.299996 416.476044
v 7.871716 0.299996 410.476288
v 208.166382 0.299981 334.568512
v 202.167175 0.299982 334.665741
v 210.051514 0.299981 450.913788
v 204.052307 0.299982 451.011017
v 238.768250 0.299979 332.413818
v 232.768677 0.299979 332.485291
v 240.163544 0.299979 449.551025
v 234.163971 0.299979 449.622498
v 275.514862 0.299976 331.883728
v 269.515106 0.299977 331.829773
v 274.450073 0.299976 450.271027
v 268.450317 0.299977 450.217072
v 272.563385 0.299976 334.856354
v 272.466583 0.299976 328.857147
v 235.809662 0.299979 335.449280
v 235.727264 0.299979 329.449829
v 217.470520 0.299981 335.657288
v 216.952454 0.299981 329.662781
v 205.242218 0.299982 337.644196
v 205.091339 0.299982 331.590057
v 192.992676 0.299982 336.275818
v 193.251251 0.299982 330.267395
v 192.432159 0.299982 336.289978
v 192.297821 0.299982 330.291443
v 177.763733 0.299984 336.576874
v 177.644714 0.299984 330.578033
v 143.597717 0.299986 337.264435
v 143.416107 0.299986 331.266876
v 108.907600 0.299989 338.667297
v 108.665169 0.299989 332.672180
v 146.506500 0.299986 334.217133
v 140.507294 0.299986 334.314178
v 148.704102 0.299986 470.025665
v 142.704895 0.299986 470.122711
v 180.703979 0.299983 333.537811
v 174.704498 0.299984 333.617096
v 181.886475 0.299983 422.991333
v 175.887604 0.299984 423.115662
v 182.933624 0.299983 460.070709
v 176.936035 0.299984 460.240082
v 72.343063 0.299992 -111.021004
v 72.799301 0.299991 -105.038368
v 98.129738 0.299990 -112.987495
v 99.822639 0.299989 -107.099190
v 104.282448 0.299989 -116.220345
v 107.584969 0.299989 -111.177773
v 125.493797 0.299988 -133.228973
v 128.631012 0.299987 -128.053894
v 143.288635 0.299986 -141.049683
v 143.586639 0.299986 -134.626770
v 151.129883 0.299986 -138.439362
v 148.591614 0.299986 -132.960632
v 161.983551 0.299985 -131.839203
v 158.866089 0.299985 -126.712669
v 160.877380 0.299985 -132.241608
v 159.972290 0.299985 -126.310265
v 193.783356 0.299982 -127.220329
v 192.878265 0.299982 -121.288994
v 101.972435 0.299989 -110.193336
v 95.979942 0.299990 -109.893349
v 103.273308 0.299989 -84.208420
v 97.372276 0.299990 -82.081451
v 126.445442 0.299987 -53.207039
v 125.384163 0.299988 -44.605095
v 139.625488 0.299986 -63.939911
v 143.640961 0.299986 -59.472092
v 158.089050 0.299985 -82.235809
v 162.647919 0.299985 -78.306458
v 177.381470 0.299984 -108.541924
v 181.338409 0.299983 -103.791801
v 181.860962 0.299983 -110.711800
v 184.228333 0.299983 -105.191689
v 185.805145 0.299983 -112.192741
v 187.096893 0.299983 -106.268761
v 191.940155 0.299983 -112.624153
v 192.361053 0.299982 -106.638954
v 8.727390 0.299996 654.086304
v 8.853298 0.299996 648.087646
v -0.153156 0.299997 653.899902
v 0.501568 0.299997 647.912354
v -24.671705 0.299999 649.010254
v -23.404417 0.299999 643.144897
v -52.067478 0.300001 642.632202
v -50.689499 0.300001 636.792603
v -125.036911 0.300006 625.182861
v -122.504105 0.300006 619.619385
v -136.732086 0.300007 616.838745
v -132.695190 0.300007 612.348389
v -159.543457 0.300009 591.140564
v -154.636917 0.300009 587.629944
v -186.926453 0.300011 542.886658
v -181.604767 0.300011 540.107544
v -192.960785 0.300012 530.278137
v -187.594147 0.300011 527.592957
v -218.991516 0.300014 480.456787
v -213.709808 0.300013 477.609009
v -238.760956 0.300015 444.906769
v -233.305695 0.300015 442.371124
v -267.921600 0.300017 368.062836
v -262.637573 0.300017 365.076019
v -273.710541 0.300018 360.699615
v -268.270447 0.300017 357.911285
v -286.742615 0.300019 315.550537
v -280.977966 0.300018 313.886597
v 335.384766 0.299972 -522.380310
v 332.230347 0.299972 -527.484192
v 322.688049 0.299973 -514.533142
v 319.879395 0.299973 -519.850647
v 289.364441 0.299975 -499.719574
v 287.077698 0.299975 -505.269135
v 280.374969 0.299976 -496.300873
v 278.700958 0.299976 -502.083466
v 268.213898 0.299977 -493.833710
v 267.061676 0.299977 -499.722137
v 260.024231 0.299977 -492.290009
v 259.354797 0.299977 -498.269501
v 238.769379 0.299979 -491.510040
v 238.530792 0.299979 -497.505280
v 213.524170 0.299981 -490.427032
v 213.548553 0.299981 -496.433624
v 192.425537 0.299982 -491.503754
v 193.459076 0.299982 -497.458832
v 183.589264 0.299983 -494.166656
v 184.618103 0.299983 -500.123077
v 179.743286 0.299983 -494.356659
v 181.117004 0.299983 -500.296112
v 150.072754 0.299986 -507.083893
v 152.613281 0.299985 -512.522827
v 117.360573 0.299988 -523.649292
v 120.138466 0.299988 -528.968018
v 97.899895 0.299990 -534.126587
v 100.838829 0.299989 -539.358643
v 44.226898 0.299994 -565.553528
v 47.136559 0.299993 -570.802673
v -9.064253 0.299998 -593.472351
v -6.279869 0.299997 -598.787170
v -9.113050 0.299998 -593.498474
v -6.231071 0.299997 -598.761047
v -51.899200 0.300001 -616.929993
v -49.313900 0.300001 -622.355042
v -62.361328 0.300002 -621.210999
v -60.736626 0.300002 -627.028992
v -70.504692 0.300002 -622.493652
v -70.537788 0.300002 -628.572876
v -75.896957 0.300003 -621.584045
v -77.702499 0.300003 -627.364197
v -83.282944 0.300003 -618.121216
v -86.235657 0.300003 -623.363525
v -86.099670 0.300003 -616.245422
v -90.499146 0.300004 -620.524353
v -89.671555 0.300004 -610.544556
v -94.809464 0.300004 -613.644897
v -94.545044 0.300004 -602.152893
v -100.556976 0.300005 -603.748230
v -94.053101 0.300004 -535.532898
v -100.054779 0.300005 -535.740173
v -94.883362 0.300004 -524.691223
v -100.806381 0.300005 -525.925720
v -97.981209 0.300004 -515.778992
v -103.030411 0.300005 -519.527405
v -107.909439 0.300005 -508.568695
v -110.424149 0.300005 -514.157776
v -118.394463 0.300006 -506.251801
v -119.286674 0.300006 -512.199402
v -151.342712 0.300008 -503.599457
v -151.750031 0.300008 -509.586029
v -160.416321 0.300009 -503.094940
v -161.200043 0.300009 -509.060638
v -169.622986 0.300010 -501.173981
v -173.032959 0.300010 -506.591705
v -202.004608 0.300012 -458.838776
v -207.002075 0.300013 -462.181061
v -231.423065 0.300014 -408.164429
v -236.765656 0.300015 -410.912231
v -254.105591 0.300016 -357.924744
v -259.661346 0.300017 -360.200378
v -272.914185 0.300018 -306.938599
v -278.593658 0.300018 -308.878845
v -291.340668 0.300019 -248.403778
v -297.151093 0.300019 -249.928131
v -299.335571 0.300020 -210.551239
v -305.232727 0.300020 -211.664764
v -309.930939 0.300020 -146.961029
v -315.879730 0.300021 -147.764771
v -318.283630 0.300021 -66.538193
v -324.271790 0.300021 -66.963013
v -320.903473 0.300021 2.081894
v -326.907135 0.300022 2.064186
v -317.969269 0.300021 93.002060
v -323.963593 0.300021 93.273766
v -314.318024 0.300021 155.526276
v -320.289032 0.300021 156.197510
v -299.686035 0.300020 243.098969
v -305.552368 0.300020 244.396576
v -285.237549 0.300019 295.339905
v -291.055511 0.300019 296.812531
v -280.936584 0.300018 314.046356
v -286.783997 0.300019 315.390778
v -270.579773 0.300017 356.333710
v -271.401215 0.300017 362.277191
v -251.393005 0.300016 358.985504
v -251.781860 0.300016 364.988800
v -180.664368 0.300011 358.421753
v -180.667236 0.300011 364.421936
v -145.484314 0.300008 358.735901
v -145.537903 0.300008 364.735657
v -216.443207 0.300013 476.034332
v -216.258087 0.300013 482.031464
v -139.343430 0.300008 473.654327
v -139.158325 0.300007 479.651459
v -175.820892 0.300010 297.764099
v -181.818359 0.300011 297.590393
v -177.667084 0.300010 361.508698
v -183.664551 0.300011 361.334991
v -249.513428 0.300016 299.314697
v -255.512756 0.300016 299.403381
v -248.587769 0.300016 361.942810
v -254.587097 0.300016 362.031494
v -84.415436 0.300003 295.522369
v -90.415054 0.300004 295.455933
v -85.092270 0.300003 356.646606
v -91.093048 0.300004 356.684326
v -82.239471 0.300003 477.257477
v -88.237785 0.300004 477.399384
v -50.341030 0.300001 295.376892
v -56.339668 0.300001 295.504333
v -49.059135 0.300001 355.708710
v -55.057999 0.300001 355.825592
v -46.984402 0.300001 472.844818
v -52.983452 0.300001 472.951080
v -16.970467 0.299998 296.111450
v -22.963028 0.299999 296.409973
v -14.049910 0.299998 354.739655
v -20.047323 0.299999 354.940765
v -11.974239 0.299998 474.872833
v -17.973492 0.299998 474.967438
v -11.281956 0.299998 523.383179
v -17.281242 0.299998 523.475525
v -10.433535 0.299998 574.733521
v -16.432711 0.299998 574.832642
v -88.167427 0.300004 353.666412
v -88.017899 0.300004 359.664520
v -52.135651 0.300001 352.768158
v -51.981483 0.300001 358.766144
v -17.064943 0.299998 351.839600
v -17.032290 0.299998 357.840820
v 7.443916 0.299996 352.221680
v 7.350388 0.299996 358.220947
v 9.605568 0.299996 476.280182
v 9.204506 0.299996 470.293610
v -14.960041 0.299998 477.925934
v -14.987690 0.299998 471.914337
v -50.033669 0.300001 475.900085
v -49.934189 0.300001 469.895813
v -58.658844 0.300001 476.111969
v -59.209167 0.300001 470.123688
v -85.018692 0.300003 480.331421
v -85.458565 0.300003 474.325439
v -139.288391 0.300008 479.652649
v -139.213348 0.300008 473.653137
v -55.934456 0.300001 473.066193
v -61.933556 0.300002 473.169464
v -55.599655 0.300001 492.512085
v -61.598827 0.300002 492.611328
v -55.377060 0.300001 506.540955
v -61.374935 0.300002 506.722107
v -54.628838 0.300001 523.339355
v -60.629990 0.300002 523.446899
v -54.816742 0.300001 544.988281
v -60.818558 0.300002 545.172058
v -53.885719 0.300001 558.284607
v -59.878136 0.300002 558.602600
v -53.366470 0.300001 572.647766
v -59.148895 0.300001 578.774475
v -13.400770 0.299998 571.781677
v -13.465475 0.299998 577.784485
v 11.164589 0.299996 572.844177
v 10.905319 0.299996 578.838562
v -57.626907 0.300001 520.393127
v -57.631920 0.300001 526.393127
v -14.279093 0.299998 520.429382
v -14.284105 0.299998 526.429382
v 1.287052 0.299997 53.885643
v 1.052555 0.299997 59.881050
v 166.001251 0.299984 60.328178
v 172.122498 0.299984 66.572182
v 164.537506 0.299985 -15.754993
v 170.536377 0.299984 -15.870403
v 1.009228 0.299997 -34.116547
v -1.808338 0.299997 -28.819260
v 24.364960 0.299995 -21.693897
v 11.482174 0.299996 -21.750187
v 0.997044 0.299997 -9.525551
v -1.774120 0.299997 -14.847260
v 17.807888 0.299996 -24.719810
v 18.039249 0.299996 -18.724277
v 62.344498 0.299992 -26.438446
v 62.535980 0.299992 -20.441380
v 121.653221 0.299988 -27.937180
v 121.804802 0.299988 -21.939102
v 172.061157 0.299984 63.385242
v 166.062561 0.299984 63.515114
v 175.566803 0.299984 225.309082
v 169.573181 0.299984 225.667816
v 175.833313 0.299984 228.022278
v 169.841095 0.299984 228.395355
v 176.018005 0.299984 235.003418
v 169.856903 0.299984 228.993073
v 4.372437 0.299997 234.714874
v 4.382523 0.299997 228.714874
v 312.847748 0.299973 106.963417
v 306.847870 0.299974 106.929649
v 312.614777 0.299973 148.349182
v 306.613922 0.299974 148.490082
v 315.449524 0.299973 202.210358
v 309.457825 0.299974 202.525696
v 182.504761 0.299983 -122.863930
v 176.505005 0.299984 -122.915932
v 182.359802 0.299983 -106.140862
v 176.360046 0.299984 -106.192863
v 144.512329 0.299986 -62.549088
v 138.754150 0.299987 -60.862915
v 151.466187 0.299986 -38.801880
v 145.826111 0.299986 -36.712372
v 158.930023 0.299985 -22.298508
v 153.790924 0.299985 -19.101246
v 162.550720 0.299985 -17.896839
v 160.188904 0.299985 -11.323246
v 166.962708 0.299984 -18.757229
v 168.111145 0.299984 -12.868168
v 120.439110 0.299988 -27.646667
v 123.018913 0.299988 -22.229614
v 147.356262 0.299986 -40.465652
v 149.936066 0.299986 -35.048599
v 259.836426 0.299977 -69.293251
v 255.442200 0.299978 -65.207832
v 263.253113 0.299977 -65.618301
v 259.639709 0.299977 -60.693054
v 279.967560 0.299976 -57.665283
v 277.389618 0.299976 -52.247345
v 188.144836 0.299983 -342.824768
v 194.142151 0.299982 -343.004028
v 184.252808 0.299983 -473.017609
v 190.252808 0.299983 -473.107086
v 184.253510 0.299983 -486.515961
v 190.253540 0.299983 -487.423187
v 181.237854 0.299983 -496.257721
v 186.969513 0.299983 -498.032013
v 5.792595 0.299997 298.940887
v 5.970955 0.299997 304.938202
v 174.430359 0.299984 293.925568
v 174.608734 0.299984 299.922882
v 175.555603 0.299984 225.195190
v 169.584351 0.299984 225.781738
v 175.833313 0.299984 228.022278
v 169.841095 0.299984 228.395355
v 175.936462 0.299984 231.922028
v 169.938416 0.299984 232.074463
v 177.518646 0.299984 296.851166
v 171.520447 0.299984 296.997314
v 315.453674 0.299973 202.366028
v 309.453674 0.299974 202.370026
v 315.499512 0.299973 271.274841
v 309.499451 0.299974 271.195770
v 314.671906 0.299973 301.896027
v 308.834137 0.299974 295.812531
v 173.907593 0.299984 299.897186
v 173.992767 0.299984 293.897827
v 290.936005 0.299975 298.839081
v 296.936005 0.299975 298.839081
v 290.893646 0.299975 292.006714
v 296.893341 0.299975 291.940887
v 290.776550 0.299975 284.570190
v 296.775452 0.299975 284.455048
v 290.599457 0.299975 276.750671
v 296.597565 0.299975 276.599274
v 290.377350 0.299975 268.769836
v 296.374664 0.299975 268.590912
v 290.125183 0.299975 260.848389
v 296.121826 0.299975 260.648102
v 289.857971 0.299975 253.206604
v 295.854065 0.299975 252.989594
v 289.590729 0.299975 246.064331
v 295.586334 0.299975 245.834412
v 289.338409 0.299975 239.641205
v 295.333649 0.299975 239.401917
v 289.116028 0.299975 234.156311
v 295.111023 0.299975 233.911835
v 288.938477 0.299975 229.827637
v 294.933594 0.299975 229.585236
v 288.820435 0.299975 226.864990
v 294.816650 0.299975 226.651215
v 288.779724 0.299975 225.570709
v 294.772461 0.299975 225.246277
v 288.716400 0.299975 224.747345
v 294.690033 0.299975 224.173767
v 288.520477 0.299975 223.046844
v 294.476166 0.299975 222.317963
v 288.208679 0.299975 220.640106
v 294.155518 0.299975 219.842865
v 287.805115 0.299975 217.727936
v 293.745300 0.299975 216.882446
v 287.331421 0.299975 214.485565
v 293.265198 0.299975 213.596283
v 286.808838 0.299975 211.084259
v 292.735352 0.299975 210.147919
v 286.258606 0.299975 207.694916
v 292.175842 0.299975 206.701263
v 285.702515 0.299975 204.490234
v 291.606201 0.299975 203.418488
v 285.163788 0.299975 201.648407
v 291.044586 0.299975 200.456116
v 284.670990 0.299976 199.366821
v 290.503693 0.299975 197.951599
v 284.288666 0.299976 197.948730
v 289.960358 0.299975 195.936523
v 284.251526 0.299976 197.865295
v 289.221191 0.299975 194.274536
v 284.086182 0.299976 197.714935
v 287.982849 0.299975 193.148590
v 282.850494 0.299976 196.725952
v 286.551483 0.299975 192.002960
v 281.047455 0.299976 195.342804
v 284.676788 0.299976 190.564850
v 278.846710 0.299976 193.687561
v 282.441803 0.299976 188.883881
v 276.384369 0.299976 191.853882
v 279.963104 0.299976 187.037994
v 273.789978 0.299976 189.930084
v 277.363770 0.299976 185.110535
v 271.190643 0.299977 188.002655
v 274.769379 0.299976 183.186768
v 268.711945 0.299977 186.156769
v 272.307037 0.299976 181.353088
v 266.476959 0.299977 184.475769
v 270.106293 0.299977 179.697815
v 264.602264 0.299977 183.037659
v 268.303253 0.299977 178.314667
v 263.170868 0.299977 181.892029
v 267.067596 0.299977 177.325714
v 262.154907 0.299977 180.940735
v 266.679993 0.299977 177.000763
v 148.312805 -0.000014 -98.254356
v 149.214478 -0.000014 -97.061195
v 142.858093 -0.000014 -91.715981
v 148.435089 -0.000014 -84.967491
v 157.396393 -0.000015 -91.496269
v 154.457611 -0.000015 -95.533897
v 157.363098 -0.000015 -97.643349
v 159.834320 -0.000015 -94.264320
v 168.739990 -0.000016 -100.764458
v 163.597107 -0.000015 -107.818382
v 154.557892 -0.000015 -101.824150
v 152.164551 -0.000015 -104.907280
v 162.650940 -0.000015 -111.560097
v 167.716003 -0.000016 -112.686348
v 163.563873 -0.000015 -117.344444
v 154.758575 -0.000015 -123.052574
v 151.051605 -0.000014 -121.200874
v 144.495087 -0.000014 -132.931976
v 132.338867 -0.000013 -126.088310
v 140.876923 -0.000014 -114.910774
v 133.652191 -0.000013 -108.983330
v 130.880249 -0.000013 -103.065361
v 128.097321 -0.000013 -107.876167
v 135.878662 -0.000013 -115.464455
v 126.984383 -0.000013 -124.904793
v 117.800423 -0.000012 -117.421501
v 122.364464 -0.000012 -114.166527
v 119.214088 -0.000012 -111.579826
v 115.885689 -0.000012 -114.720253
v 106.256432 -0.000011 -106.396980
v 115.139595 -0.000012 -97.319374
v 124.401466 -0.000012 -104.172691
v 126.616692 -0.000013 -101.022758
v 121.807655 -0.000012 -98.617439
v 117.555168 -0.000012 -91.954948
v 113.291573 -0.000012 -88.070107
v 107.369347 -0.000011 -84.920258
v 116.586464 -0.000012 -73.475464
v 125.659081 -0.000013 -80.242897
v 125.981895 -0.000013 -79.832451
v 114.716270 -0.000012 -71.175095
v 125.113380 -0.000012 -57.639915
v 135.221252 -0.000013 -65.400047
v 132.983765 -0.000013 -68.320892
v 137.046967 -0.000013 -71.451668
v 139.551636 -0.000014 -68.187195
v 151.051025 -0.000014 -77.016342
v 140.386780 -0.000014 -90.895134
v 128.709259 -0.000013 -81.932365
v 128.408691 -0.000013 -82.304626
v 148.312805 9.999986 -98.254356
v 149.214478 9.999986 -97.061195
v 142.858093 9.999987 -91.715981
v 148.435089 9.999986 -84.967491
v 157.396393 9.999985 -91.496269
v 154.457611 9.999986 -95.533897
v 157.363098 9.999985 -97.643349
v 159.834320 9.999985 -94.264320
v 168.739990 9.999984 -100.764458
v 163.597107 9.999985 -107.818382
v 154.557892 9.999986 -101.824150
v 152.164551 9.999986 -104.907280
v 162.650940 9.999985 -111.560097
v 167.716003 9.999985 -112.686348
v 163.563873 9.999985 -117.344444
v 154.758575 9.999986 -123.052574
v 151.051636 9.999986 -121.200874
v 144.495087 9.999986 -132.931976
v 132.338898 9.999987 -126.088310
v 140.876923 9.999987 -114.910774
v 133.652191 9.999987 -108.983330
v 130.880249 9.999987 -103.065361
v 128.097321 9.999988 -107.876167
v 135.878693 9.999987 -115.464455
v 126.984398 9.999988 -124.904793
v 117.800438 9.999989 -117.421501
v 122.364464 9.999988 -114.166527
v 119.214088 9.999988 -111.579826
v 115.885689 9.999989 -114.720253
v 106.256432 9.999989 -106.396980
v 115.139595 9.999989 -97.319374
v 124.401466 9.999988 -104.172691
v 126.616692 9.999988 -101.022758
v 121.807655 9.999988 -98.617439
v 117.555168 9.999989 -91.954948
v 113.291573 9.999989 -88.070107
v 107.369347 9.999989 -84.920258
v 116.586464 9.999989 -73.475464
v 125.659081 9.999988 -80.242897
v 125.981895 9.999988 -79.832451
v 114.716270 9.999989 -71.175095
v 125.113380 9.999988 -57.639915
v 135.221252 9.999987 -65.400047
v 132.983765 9.999987 -68.320892
v 137.046967 9.999987 -71.451668
v 139.551636 9.999987 -68.187195
v 151.051025 9.999986 -77.016342
v 140.386780 9.999987 -90.895134
v 128.709259 9.999988 -81.932365
v 128.408691 9.999988 -82.304626
v 243.468231 -0.000021 -55.491158
v 223.586578 -0.000020 -55.577248
v 223.352448 -0.000020 -0.836140
v 243.222961 -0.000021 -0.750153
v 243.468231 19.999979 -55.491158
v 223.586578 19.999981 -55.577248
v 223.352448 19.999981 -0.836140
v 243.222961 19.999979 -0.750153
v 245.850037 -0.000022 42.345867
v 237.378601 -0.000021 41.620441
v 228.562103 -0.000020 41.897247
v 226.469299 -0.000020 42.555859
v 226.636444 -0.000020 100.275024
v 245.560760 -0.000022 100.513550
v 245.850037 19.999979 42.345867
v 237.378601 19.999979 41.620441
v 228.562103 19.999979 41.897247
v 226.469299 19.999979 42.555859
v 226.636444 19.999979 100.275024
v 245.560760 19.999979 100.513550
v 256.336670 -0.000022 128.766876
v 200.175964 -0.000018 124.462486
v 196.001740 -0.000018 151.227020
v 207.044556 -0.000019 144.220810
v 211.441650 -0.000019 143.189896
v 214.870300 -0.000019 143.533478
v 220.747955 -0.000020 142.970276
v 227.950348 -0.000020 145.805099
v 233.193573 -0.000021 150.949844
v 239.817200 -0.000021 162.088898
v 241.175415 -0.000021 172.951172
v 241.153229 -0.000021 178.935944
v 235.765411 -0.000021 182.601318
v 229.175385 -0.000020 189.349792
v 228.919525 -0.000020 202.254730
v 257.918243 -0.000022 201.452515
v 256.336670 19.999977 128.766876
v 200.175964 19.999981 124.462486
v 196.001740 19.999983 151.227020
v 207.044556 19.999981 144.220810
v 211.441650 19.999981 143.189896
v 214.870300 19.999981 143.533478
v 220.747955 19.999981 142.970276
v 227.950348 19.999979 145.805099
v 233.193573 19.999979 150.949844
v 239.817200 19.999979 162.088898
v 241.175415 19.999979 172.951172
v 241.153229 19.999979 178.935944
v 235.765411 19.999979 182.601318
v 229.175385 19.999979 189.349792
v 228.919525 19.999979 202.254730
v 257.918243 19.999977 201.452515
v 19.903633 -0.000005 -416.495575
v 55.271255 -0.000007 -448.174744
v 59.046570 -0.000007 -481.420624
v 61.495583 -0.000008 -481.134186
v 62.419937 -0.000008 -489.247589
v 61.652069 -0.000008 -493.924774
v 59.102829 -0.000007 -493.504913
v 53.494110 -0.000007 -527.734436
v 17.461685 -0.000004 -558.510315
v 19.903637 14.999995 -416.495575
v 55.271255 14.999992 -448.174744
v 59.046570 14.999992 -481.420624
v 61.495583 14.999992 -481.134186
v 62.419937 14.999992 -489.247589
v 61.652069 14.999992 -493.924774
v 59.102829 14.999992 -493.504913
v 53.494110 14.999993 -527.734436
v 17.461685 14.999995 -558.510315
v 236.065125 -0.000021 -0.530643
v 227.237488 -0.000020 -0.253872
v 228.562103 -0.000020 41.897247
v 237.378601 -0.000021 41.620441
v 236.065125 11.999979 -0.530643
v 227.237488 11.999980 -0.253872
v 228.562103 11.999980 41.897247
v 237.378601 11.999979 41.620441
v 168.918365 -0.000016 -119.702019
v 166.903473 -0.000016 -119.539772
v 165.044434 -0.000015 -118.718925
v 163.563873 -0.000015 -117.344444
v 162.606476 -0.000015 -115.559517
v 162.294769 -0.000015 -113.555046
v 162.650940 -0.000015 -111.560097
v 163.641663 -0.000015 -109.794228
v 165.155609 -0.000015 -108.448341
v 166.992371 -0.000016 -107.675163
v 168.973846 -0.000016 -107.541496
v 170.888550 -0.000016 -108.047371
v 172.547211 -0.000016 -109.145042
v 173.771759 -0.000016 -110.710426
v 174.417450 -0.000016 -112.590797
v 174.428589 -0.000016 -114.576195
v 173.805237 -0.000016 -116.466133
v 172.569611 -0.000016 -118.079292
v 170.888702 -0.000016 -119.196098
v 168.918365 4.763798 -119.702019
v 166.903473 4.763798 -119.539772
v 165.044434 4.763799 -118.718925
v 163.563873 4.763799 -117.344444
v 162.606476 4.763799 -115.559517
v 162.294769 4.763799 -113.555046
v 162.650940 4.763799 -111.560097
v 163.641663 4.763799 -109.794228
v 165.155609 4.763799 -108.448341
v 166.992371 4.763798 -107.675163
v 168.973846 4.763798 -107.541496
v 170.888550 4.763798 -108.047371
v 172.547211 4.763798 -109.145042
v 173.771759 4.763798 -110.710426
v 174.417450 4.763798 -112.590797
v 174.428589 4.763798 -114.576195
v 173.805237 4.763798 -116.466133
v 172.569611 4.763798 -118.079292
v 170.888702 4.763798 -119.196098
v 71.991310 -0.000008 78.045029
v 69.854019 -0.000008 88.506607
v 43.404510 -0.000006 88.678535
v 53.044823 -0.000007 98.319199
v 44.784966 -0.000006 106.241791
v 41.334030 -0.000006 101.765091
v 33.753159 -0.000006 98.662926
v 34.444527 -0.000006 210.962952
v 88.868629 -0.000010 210.962067
v 89.213554 -0.000010 199.937347
v 100.924355 -0.000011 198.906281
v 101.269615 -0.000011 210.274628
v 159.489655 -0.000015 206.827911
v 158.108948 -0.000015 182.020081
v 146.743225 -0.000014 183.060669
v 146.742767 -0.000014 141.033295
v 142.612793 -0.000014 140.689713
v 142.612701 -0.000014 128.290543
v 153.633301 -0.000015 127.946831
v 152.597748 -0.000015 75.238480
v 71.991310 26.999992 78.045029
v 69.854019 26.999992 88.506607
v 43.404510 26.999994 88.678535
v 53.044823 26.999992 98.319199
v 44.784966 26.999994 106.241791
v 41.334030 26.999994 101.765091
v 33.753159 26.999994 98.662926
v 34.444527 26.999994 210.962952
v 88.868629 26.999990 210.962067
v 89.213554 26.999990 199.937347
v 100.924355 26.999989 198.906281
v 101.269615 26.999989 210.274628
v 159.489655 26.999985 206.827911
v 158.108948 26.999985 182.020081
v 146.743225 26.999987 183.060669
v 146.742767 26.999987 141.033295
v 142.612793 26.999987 140.689713
v 142.612701 26.999987 128.290543
v 153.633301 26.999985 127.946831
v 152.597748 26.999985 75.238480
v 110.941963 -0.000011 23.102753
v 115.951317 -0.000012 35.435150
v 125.881020 -0.000013 41.839973
v 136.612213 -0.000013 41.925880
v 144.293274 -0.000014 37.029209
v 156.393677 -0.000015 36.170151
v 155.280548 -0.000015 11.018667
v 145.818390 -0.000014 10.713194
v 138.593781 -0.000013 4.394272
v 125.736366 -0.000013 4.651947
v 114.715721 -0.000012 11.056730
v 110.941963 11.999989 23.102753
v 115.951317 11.999989 35.435150
v 125.881020 11.999988 41.839973
v 136.612213 11.999987 41.925880
v 144.293274 11.999986 37.029209
v 156.393677 11.999985 36.170151
v 155.280548 11.999986 11.018667
v 145.818390 11.999986 10.713194
v 138.593781 11.999987 4.394272
v 125.736366 11.999988 4.651947
v 114.715721 11.999989 11.056730
v 66.202637 -0.000008 40.904537
v 66.581123 -0.000008 44.789448
v 159.332520 -0.000015 47.891598
v 159.332520 -0.000015 37.802376
v 165.922638 -0.000016 37.029221
v 165.922638 -0.000016 29.650822
v 161.659119 -0.000015 28.486309
v 161.659119 -0.000015 19.170244
v 165.154572 -0.000015 18.788446
v 165.544189 -0.000016 11.801401
v 157.395599 -0.000015 9.863708
v 157.006042 -0.000015 -2.554535
v 77.835602 -0.000009 2.485008
v 77.445969 -0.000009 5.596748
v 66.581184 -0.000008 5.596714
v 66.202637 11.999992 40.904537
v 66.581123 11.999992 44.789448
v 159.332520 11.999985 47.891598
v 159.332520 11.999985 37.802376
v 165.922638 11.999985 37.029221
v 165.922638 11.999985 29.650822
v 161.659119 11.999985 28.486309
v 161.659119 11.999985 19.170244
v 165.154572 11.999985 18.788446
v 165.544189 11.999985 11.801401
v 157.395599 11.999985 9.863708
v 157.006042 11.999985 -2.554535
v 77.835602 11.999991 2.485008
v 77.445969 11.999991 5.596748
v 66.581184 11.999992 5.596714
v 211.441650 -0.000019 143.189896
v 212.221039 -0.000019 158.042068
v 206.922241 -0.000019 158.624374
v 207.367706 -0.000019 173.037506
v 212.510651 -0.000019 173.629211
v 212.655426 -0.000019 177.743164
v 208.692444 -0.000019 177.886383
v 208.692657 -0.000019 192.003601
v 223.687378 -0.000020 191.860229
v 223.831909 -0.000020 178.477997
v 241.153229 -0.000021 178.935944
v 241.175415 -0.000021 172.951172
v 223.987701 -0.000020 173.333191
v 223.831818 -0.000020 171.128265
v 223.987518 -0.000020 158.328308
v 216.184021 -0.000019 158.185211
v 214.870300 -0.000019 143.533478
v 211.441650 16.999981 143.189896
v 212.221039 16.999981 158.042068
v 206.922241 16.999981 158.624374
v 207.367706 16.999981 173.037506
v 212.510651 16.999981 173.629211
v 212.655426 16.999981 177.743164
v 208.692444 16.999981 177.886383
v 208.692657 16.999981 192.003601
v 223.687378 16.999981 191.860229
v 223.831909 16.999981 178.477997
v 241.153229 16.999979 178.935944
v 241.175415 16.999979 172.951172
v 223.987701 16.999981 173.333191
v 223.831818 16.999981 171.128265
v 223.987518 16.999981 158.328308
v 216.184021 16.999981 158.185211
v 214.870300 16.999981 143.533478
v 253.833679 -0.000022 250.285156
v 254.000946 -0.000022 264.135040
v 248.935913 -0.000022 264.641022
v 249.103119 -0.000022 275.446045
v 250.450134 -0.000022 277.307312
v 254.168243 -0.000022 278.824890
v 259.912292 -0.000023 277.650726
v 262.951233 -0.000023 274.605774
v 264.977173 -0.000023 270.386810
v 272.413330 -0.000024 271.904327
v 273.593140 -0.000024 262.951050
v 267.849030 -0.000023 262.273468
v 267.848785 -0.000023 250.284882
v 253.833679 16.999977 250.285156
v 254.000946 16.999977 264.135040
v 248.935913 16.999979 264.641022
v 249.103119 16.999979 275.446045
v 250.450134 16.999979 277.307312
v 254.168243 16.999977 278.824890
v 259.912292 16.999977 277.650726
v 262.951233 16.999977 274.605774
v 264.977173 16.999977 270.386810
v 272.413330 16.999977 271.904327
v 273.593140 16.999977 262.951050
v 267.849030 16.999977 262.273468
v 267.848785 16.999977 250.284882
v 252.642426 -0.000022 244.033142
v 252.987305 -0.000022 232.712677
v 237.280151 -0.000021 233.056610
v 237.614319 -0.000021 245.045197
v 241.833344 -0.000021 245.722839
v 241.499451 -0.000021 248.252289
v 237.614380 -0.000021 248.424164
v 237.948669 -0.000021 264.975342
v 243.692780 -0.000021 265.481110
v 245.051239 -0.000022 282.547668
v 245.051453 -0.000022 290.995056
v 244.539307 -0.000021 288.456085
v 247.923401 -0.000022 287.950104
v 248.591400 -0.000022 291.500854
v 255.348480 -0.000022 290.822998
v 254.669342 -0.000022 287.109985
v 257.931000 -0.000022 286.709015
v 258.387512 -0.000023 290.479309
v 285.415833 -0.000025 289.132843
v 284.903290 -0.000025 266.501556
v 281.864258 -0.000024 266.501617
v 281.864197 -0.000024 263.790833
v 284.569244 -0.000024 263.628510
v 284.401855 -0.000024 242.677155
v 280.850769 -0.000024 242.343140
v 280.683746 -0.000024 239.813690
v 284.401794 -0.000024 239.470001
v 284.234680 -0.000024 232.206238
v 268.527496 -0.000023 232.044250
v 268.861694 -0.000023 243.861023
v 255.347504 -0.000022 243.699005
v 252.642426 16.999977 244.033142
v 252.987305 16.999977 232.712677
v 237.280151 16.999979 233.056610
v 237.614319 16.999979 245.045197
v 241.833344 16.999979 245.722839
v 241.499451 16.999979 248.252289
v 237.614380 16.999979 248.424164
v 237.948669 16.999979 264.975342
v 243.692780 16.999979 265.481110
v 245.051239 16.999979 282.547668
v 245.051453 16.999979 290.995056
v 244.539307 16.999979 288.456085
v 247.923401 16.999979 287.950104
v 248.591400 16.999979 291.500854
v 255.348480 16.999977 290.822998
v 254.669342 16.999977 287.109985
v 257.931000 16.999977 286.709015
v 258.387512 16.999977 290.479309
v 285.415833 16.999975 289.132843
v 284.903290 16.999975 266.501556
v 281.864258 16.999975 266.501617
v 281.864197 16.999975 263.790833
v 284.569244 16.999975 263.628510
v 284.401855 16.999975 242.677155
v 280.850769 16.999975 242.343140
v 280.683746 16.999975 239.813690
v 284.401794 16.999975 239.470001
v 284.234680 16.999975 232.206238
v 268.527496 16.999977 232.044250
v 268.861694 16.999977 243.861023
v 255.347504 16.999977 243.699005
v 225.345093 -0.000020 -446.658752
v 228.461761 -0.000020 -440.416138
v 257.883453 -0.000022 -439.517548
v 256.992401 -0.000022 -427.929901
v 251.637634 -0.000022 -421.687653
v 252.082733 -0.000022 -417.230103
v 258.772858 -0.000023 -413.220886
v 259.662994 -0.000023 -402.969452
v 225.343048 -0.000020 -399.849640
v 225.788055 -0.000020 -393.168060
v 198.592560 -0.000018 -389.599304
v 198.591827 -0.000018 -371.320404
v 301.930359 -0.000026 -387.581085
v 299.339600 -0.000026 -456.009491
v 261.446533 -0.000023 -457.796204
v 261.892059 -0.000023 -463.141388
v 196.369751 -0.000018 -470.284271
v 194.588379 -0.000018 -464.929535
v 198.150543 -0.000018 -463.593048
v 199.040436 -0.000018 -449.332611
v 225.345093 19.999979 -446.658752
v 228.461761 19.999979 -440.416138
v 257.883453 19.999977 -439.517548
v 256.992401 19.999977 -427.929901
v 251.637634 19.999977 -421.687653
v 252.082733 19.999977 -417.230103
v 258.772858 19.999977 -413.220886
v 259.662994 19.999977 -402.969452
v 225.343048 19.999981 -399.849640
v 225.788055 19.999979 -393.168060
v 198.592560 19.999983 -389.599304
v 198.591827 19.999983 -371.320404
v 301.930359 19.999973 -387.581085
v 299.339600 19.999975 -456.009491
v 261.446533 19.999977 -457.796204
v 261.892059 19.999977 -463.141388
v 196.369751 19.999983 -470.284271
v 194.588379 19.999983 -464.929535
v 198.150543 19.999983 -463.593048
v 199.040436 19.999983 -449.332611
v 237.738647 -0.000021 -242.450745
v 237.738403 -0.000021 -233.239716
v 234.665955 -0.000021 -232.466644
v 234.921600 -0.000021 -217.366333
v 240.042297 -0.000021 -217.366211
v 239.786194 -0.000021 -214.292694
v 233.897400 -0.000021 -214.035095
v 234.409149 -0.000021 -200.977417
v 249.003143 -0.000022 -201.234802
v 248.235840 -0.000022 -233.487640
v 241.066833 -0.000021 -233.239655
v 240.811066 -0.000021 -243.223816
v 260.525696 -0.000023 -241.428802
v 263.340729 -0.000023 -185.103302
v 283.823547 -0.000024 -185.876038
v 285.105560 -0.000025 -259.353729
v 226.729797 -0.000020 -265.492889
v 224.936951 -0.000020 -243.987823
v 237.738647 19.999979 -242.450745
v 237.738403 19.999979 -233.239716
v 234.665955 19.999979 -232.466644
v 234.921600 19.999979 -217.366333
v 240.042297 19.999979 -217.366211
v 239.786194 19.999979 -214.292694
v 233.897400 19.999979 -214.035095
v 234.409149 19.999979 -200.977417
v 249.003143 19.999979 -201.234802
v 248.235840 19.999979 -233.487640
v 241.066833 19.999979 -233.239655
v 240.811066 19.999979 -243.223816
v 260.525696 19.999977 -241.428802
v 263.340729 19.999977 -185.103302
v 283.823547 19.999975 -185.876038
v 285.105560 19.999975 -259.353729
v 226.729797 19.999979 -265.492889
v 224.936951 19.999981 -243.987823
v 238.872101 -0.000021 -153.605072
v 217.498749 -0.000019 -152.965942
v 217.621124 -0.000019 -148.613373
v 222.997803 -0.000020 -147.210144
v 222.741730 -0.000020 -143.621216
v 222.229584 -0.000020 -140.547699
v 220.570862 -0.000020 -136.834686
v 218.644989 -0.000020 -133.637115
v 216.340637 -0.000019 -131.336761
v 210.585358 -0.000019 -127.623817
v 210.585114 -0.000019 -110.471260
v 223.130829 -0.000020 -111.998299
v 223.130859 -0.000020 -114.823647
v 224.155060 -0.000020 -118.918480
v 225.557739 -0.000020 -122.373787
v 227.350037 -0.000020 -125.313637
v 232.214783 -0.000021 -130.945160
v 235.031219 -0.000021 -132.739594
v 238.871735 -0.000021 -133.379059
v 239.127655 -0.000021 -126.086601
v 234.775055 -0.000021 -125.189430
v 235.164551 -0.000021 -118.021080
v 227.605957 -0.000020 -117.248039
v 228.251526 -0.000020 -111.874138
v 204.184204 -0.000018 -108.676872
v 203.026550 -0.000018 -111.874504
v 199.442047 -0.000018 -111.110954
v 198.929749 -0.000018 -94.340187
v 255.257446 -0.000022 -98.816093
v 251.418182 -0.000022 -172.933594
v 238.237946 -0.000021 -172.294342
v 238.872101 19.999979 -153.605072
v 217.498749 19.999981 -152.965942
v 217.621124 19.999981 -148.613373
v 222.997803 19.999981 -147.210144
v 222.741730 19.999981 -143.621216
v 222.229584 19.999981 -140.547699
v 220.570862 19.999981 -136.834686
v 218.644989 19.999981 -133.637115
v 216.340637 19.999981 -131.336761
v 210.585388 19.999981 -127.623817
v 210.585114 19.999981 -110.471260
v 223.130829 19.999981 -111.998299
v 223.130859 19.999981 -114.823647
v 224.155060 19.999981 -118.918480
v 225.557739 19.999979 -122.373787
v 227.350037 19.999979 -125.313637
v 232.214783 19.999979 -130.945160
v 235.031219 19.999979 -132.739594
v 238.871735 19.999979 -133.379059
v 239.127655 19.999979 -126.086601
v 234.775055 19.999979 -125.189430
v 235.164551 19.999979 -118.021080
v 227.605957 19.999979 -117.248039
v 228.251526 19.999979 -111.874138
v 204.184235 19.999981 -108.676872
v 203.026550 19.999981 -111.874504
v 199.442047 19.999983 -111.110954
v 198.929749 19.999983 -94.340187
v 255.257446 19.999977 -98.816093
v 251.418182 19.999977 -172.933594
v 238.237946 19.999979 -172.294342
v 216.474854 -0.000019 -166.147736
v 201.747284 -0.000018 -165.126709
v 201.490997 -0.000018 -151.687195
v 205.075470 -0.000018 -151.811218
v 205.075378 -0.000018 -146.695038
v 200.978821 -0.000018 -146.179688
v 201.368103 -0.000018 -127.108528
v 207.000885 -0.000019 -127.366158
v 207.000610 -0.000019 -110.079964
v 210.585114 -0.000019 -110.471260
v 210.195862 -0.000019 -133.379517
v 216.474243 -0.000019 -133.255341
v 216.474854 19.999981 -166.147736
v 201.747284 19.999981 -165.126709
v 201.490997 19.999981 -151.687195
v 205.075470 19.999981 -151.811218
v 205.075378 19.999981 -146.695038
v 200.978821 19.999981 -146.179688
v 201.368134 19.999981 -127.108528
v 207.000885 19.999981 -127.366158
v 207.000641 19.999981 -110.079964
v 210.585114 19.999981 -110.471260
v 210.195862 19.999981 -133.379517
v 216.474243 19.999981 -133.255341
v 98.312721 -0.000010 -300.985657
v 98.501671 -0.000010 -291.478638
v 104.512917 -0.000011 -291.478455
v 105.291817 -0.000011 -280.415527
v 126.253273 -0.000013 -280.414886
v 126.442406 -0.000013 -276.921356
v 142.160706 -0.000014 -276.529541
v 142.350098 -0.000014 -281.388031
v 163.701172 -0.000015 -280.805115
v 163.111542 -0.000015 -293.022919
v 171.850128 -0.000016 -292.831757
v 172.618408 -0.000016 -298.262909
v 174.945068 -0.000016 -300.782745
v 174.755920 -0.000016 -304.276276
v 172.819061 -0.000016 -306.996704
v 169.902557 -0.000016 -308.743561
v 165.060120 -0.000015 -308.161469
v 163.501526 -0.000015 -304.667999
v 111.303810 -0.000011 -304.278351
v 109.945610 -0.000011 -300.784851
v 98.312721 9.999990 -300.985657
v 98.501671 9.999990 -291.478638
v 104.512917 9.999990 -291.478455
v 105.291817 9.999990 -280.415527
v 126.253273 9.999988 -280.414886
v 126.442406 9.999988 -276.921356
v 142.160706 9.999987 -276.529541
v 142.350098 9.999987 -281.388031
v 163.701172 9.999985 -280.805115
v 163.111542 9.999985 -293.022919
v 171.850128 9.999984 -292.831757
v 172.618408 9.999984 -298.262909
v 174.945068 9.999984 -300.782745
v 174.755920 9.999984 -304.276276
v 172.819061 9.999984 -306.996704
v 169.902557 9.999984 -308.743561
v 165.060120 9.999985 -308.161469
v 163.501526 9.999985 -304.667999
v 111.303810 9.999989 -304.278351
v 109.945610 9.999989 -300.784851
v 11.561611 -0.000004 -306.057007
v 21.802715 -0.000005 -297.093658
v 22.058525 -0.000005 -289.925140
v 13.353054 -0.000004 -280.714233
v 49.454033 -0.000007 -282.841736
v 50.210617 -0.000007 -269.898346
v 12.072495 -0.000004 -267.656311
v 21.545536 -0.000005 -259.208466
v 21.033257 -0.000005 -251.782257
v 13.608009 -0.000004 -243.077179
v 50.221024 -0.000007 -244.097534
v 58.414299 -0.000007 -249.986725
v 86.066078 -0.000010 -250.749573
v 76.849030 -0.000009 -258.176025
v 76.593155 -0.000009 -263.559540
v 85.810654 -0.000009 -272.006805
v 58.971519 -0.000007 -271.788055
v 58.871689 -0.000007 -283.843689
v 81.970490 -0.000009 -284.033875
v 74.289680 -0.000009 -291.460297
v 73.777832 -0.000009 -298.628784
v 81.203049 -0.000009 -305.033386
v 54.196938 -0.000007 -304.872009
v 54.097321 -0.000007 -321.910278
v 57.904449 -0.000007 -321.929230
v 64.049065 -0.000008 -315.524170
v 80.691330 -0.000009 -315.523621
v 69.170097 -0.000008 -325.260132
v 69.682411 -0.000008 -332.428589
v 79.412010 -0.000009 -340.102600
v 57.905067 -0.000007 -339.597473
v 47.151871 -0.000007 -347.024078
v 10.794891 -0.000004 -345.994507
v 19.243778 -0.000004 -338.825684
v 18.987537 -0.000004 -332.936279
v 9.513935 -0.000004 -323.983124
v 48.820892 -0.000007 -325.213104
v 49.388016 -0.000007 -307.239380
v 11.561611 19.999996 -306.057007
v 21.802715 19.999996 -297.093658
v 22.058525 19.999996 -289.925140
v 13.353054 19.999996 -280.714233
v 49.454033 19.999992 -282.841736
v 50.210617 19.999992 -269.898346
v 12.072495 19.999996 -267.656311
v 21.545540 19.999996 -259.208466
v 21.033260 19.999996 -251.782257
v 13.608013 19.999996 -243.077179
v 50.221024 19.999992 -244.097534
v 58.414299 19.999992 -249.986725
v 86.066078 19.999990 -250.749573
v 76.849030 19.999990 -258.176025
v 76.593155 19.999990 -263.559540
v 85.810654 19.999990 -272.006805
v 58.971519 19.999992 -271.788055
v 58.871689 19.999992 -283.843689
v 81.970490 19.999990 -284.033875
v 74.289680 19.999990 -291.460297
v 73.777832 19.999990 -298.628784
v 81.203049 19.999990 -305.033386
v 54.196938 19.999992 -304.872009
v 54.097321 19.999992 -321.910278
v 57.904449 19.999992 -321.929230
v 64.049065 19.999992 -315.524170
v 80.691330 19.999990 -315.523621
v 69.170097 19.999992 -325.260132
v 69.682411 19.999992 -332.428589
v 79.412010 19.999990 -340.102600
v 57.905067 19.999992 -339.597473
v 47.151871 19.999994 -347.024078
v 10.794895 19.999996 -345.994507
v 19.243782 19.999996 -338.825684
v 18.987541 19.999996 -332.936279
v 9.513939 19.999996 -323.983124
v 48.820892 19.999992 -325.213104
v 49.388016 19.999992 -307.239380
v -56.002518 0.000001 -129.002625
v -46.640697 0.000001 -119.418953
v -21.448750 -0.000001 -140.819153
v -21.448605 -0.000001 -149.066315
v -17.218460 -0.000002 -149.285767
v -17.218189 -0.000002 -163.775543
v -21.448328 -0.000001 -163.775635
v -21.670792 -0.000001 -172.690979
v -47.752464 0.000001 -195.418945
v -55.778770 0.000001 -187.620575
v -56.002518 18.000002 -129.002625
v -46.640697 18.000000 -119.418953
v -21.448748 17.999998 -140.819153
v -21.448603 17.999998 -149.066315
v -17.218458 17.999998 -149.285767
v -17.218189 17.999998 -163.775543
v -21.448328 17.999998 -163.775635
v -21.670790 17.999998 -172.690979
v -47.752464 18.000000 -195.418945
v -55.778770 18.000002 -187.620575
v 212.618134 -0.000019 -596.841980
v 213.630737 -0.000019 -590.418091
v 249.096893 -0.000022 -586.359314
v 249.430359 -0.000022 -577.921448
v 245.378174 -0.000022 -575.210876
v 241.325836 -0.000021 -569.808594
v 245.043518 -0.000022 -563.394104
v 249.429352 -0.000022 -560.348938
v 257.878479 -0.000022 -560.348511
v 257.877991 -0.000022 -551.232971
v 224.437408 -0.000020 -547.512207
v 224.437012 -0.000020 -540.754272
v 196.395538 -0.000018 -538.732300
v 197.073975 -0.000018 -527.583557
v 194.368866 -0.000018 -526.237793
v 194.702332 -0.000018 -517.446777
v 261.928619 -0.000023 -525.556519
v 261.260864 -0.000023 -528.591858
v 298.074432 -0.000026 -532.646545
v 295.715668 -0.000025 -554.943848
v 287.611664 -0.000025 -555.622009
v 285.242249 -0.000025 -585.011292
v 288.626373 -0.000025 -585.011108
v 288.282471 -0.000025 -604.941162
v 252.137268 -0.000022 -608.656372
v 251.803558 -0.000022 -613.047180
v 199.105316 -0.000018 -619.130615
v 197.079102 -0.000018 -616.095398
v 181.873077 -0.000017 -619.475342
v 181.538757 -0.000017 -613.729187
v 185.924591 -0.000017 -611.361694
v 186.268951 -0.000017 -599.201233
v 212.618134 19.999981 -596.841980
v 213.630737 19.999981 -590.418091
v 249.096893 19.999979 -586.359314
v 249.430359 19.999979 -577.921448
v 245.378174 19.999979 -575.210876
v 241.325836 19.999979 -569.808594
v 245.043518 19.999979 -563.394104
v 249.429352 19.999979 -560.348938
v 257.878479 19.999977 -560.348511
v 257.877991 19.999977 -551.232971
v 224.437408 19.999981 -547.512207
v 224.437012 19.999981 -540.754272
v 196.395538 19.999983 -538.732300
v 197.073975 19.999983 -527.583557
v 194.368866 19.999983 -526.237793
v 194.702332 19.999983 -517.446777
v 261.928619 19.999977 -525.556519
v 261.260864 19.999977 -528.591858
v 298.074432 19.999975 -532.646545
v 295.715668 19.999975 -554.943848
v 287.611664 19.999975 -555.622009
v 285.242249 19.999975 -585.011292
v 288.626373 19.999975 -585.011108
v 288.282471 19.999975 -604.941162
v 252.137268 19.999977 -608.656372
v 251.803558 19.999977 -613.047180
v 199.105316 19.999983 -619.130615
v 197.079102 19.999983 -616.095398
v 181.873077 19.999983 -619.475342
v 181.538757 19.999983 -613.729187
v 185.924591 19.999983 -611.361694
v 186.268951 19.999983 -599.201233
v 212.904297 -0.000019 -716.671204
v 212.224823 -0.000019 -710.591003
v 248.715118 -0.000022 -707.209473
v 248.369385 -0.000022 -698.093933
v 242.636139 -0.000021 -694.037720
v 242.290649 -0.000021 -688.291565
v 244.316467 -0.000021 -685.256104
v 248.368347 -0.000022 -683.222717
v 249.725677 -0.000022 -671.739929
v 214.926941 -0.000019 -668.029236
v 212.900574 -0.000019 -662.283203
v 186.217041 -0.000017 -658.906006
v 186.549622 -0.000017 -637.620300
v 252.083954 -0.000022 -646.063538
v 252.429291 -0.000022 -649.776550
v 286.548889 -0.000025 -652.819153
v 287.563141 -0.000025 -671.403320
v 284.524078 -0.000024 -670.725830
v 283.502228 -0.000024 -704.171692
v 286.552399 -0.000025 -704.171509
v 285.540833 -0.000025 -724.769714
v 250.397461 -0.000022 -727.483093
v 249.729980 -0.000022 -733.219727
v 185.209747 -0.000017 -740.660095
v 184.529083 -0.000017 -718.362732
v 212.904297 19.999981 -716.671204
v 212.224823 19.999981 -710.591003
v 248.715118 19.999979 -707.209473
v 248.369385 19.999979 -698.093933
v 242.636139 19.999979 -694.037720
v 242.290649 19.999979 -688.291565
v 244.316467 19.999979 -685.256104
v 248.368347 19.999979 -683.222717
v 249.725677 19.999979 -671.739929
v 214.926941 19.999981 -668.029236
v 212.900574 19.999981 -662.283203
v 186.217041 19.999983 -658.906006
v 186.549622 19.999983 -637.620300
v 252.083954 19.999977 -646.063538
v 252.429291 19.999977 -649.776550
v 286.548889 19.999975 -652.819153
v 287.563141 19.999975 -671.403320
v 284.524078 19.999975 -670.725830
v 283.502228 19.999975 -704.171692
v 286.552399 19.999975 -704.171509
v 285.540833 19.999975 -724.769714
v 250.397461 19.999979 -727.483093
v 249.729980 19.999979 -733.219727
v 185.209747 19.999983 -740.660095
v 184.529083 19.999983 -718.362732
v 25.791122 -0.000005 -605.052612
v 57.883614 -0.000007 -589.892822
v 71.716087 -0.000008 -692.417297
v 26.687202 -0.000005 -690.196350
v 25.791122 19.999994 -605.052612
v 57.883614 19.999992 -589.892822
v 71.716087 19.999992 -692.417297
v 26.687202 19.999994 -690.196350
v 69.484512 -0.000008 -613.077454
v 66.800018 -0.000008 -584.995544
v 103.801460 -0.000011 -564.929382
v 118.063072 -0.000012 -592.122803
v 108.256248 -0.000011 -599.253662
v 99.349602 -0.000011 -580.975098
v 78.388771 -0.000009 -591.676514
v 80.627510 -0.000009 -611.740479
v 69.484512 19.999992 -613.077454
v 66.800018 19.999992 -584.995544
v 103.801460 19.999989 -564.929382
v 118.063072 19.999989 -592.122803
v 108.256248 19.999989 -599.253662
v 99.349602 19.999989 -580.975098
v 78.388771 19.999990 -591.676514
v 80.627510 19.999990 -611.740479
v 13.194828 -0.000004 -189.509064
v 32.018951 -0.000005 -189.508636
v 32.397766 -0.000005 -204.256073
v 13.195160 -0.000004 -204.256500
v 13.194828 6.999996 -189.509064
v 32.018951 6.999995 -189.508636
v 32.397766 6.999995 -204.256073
v 13.195160 6.999996 -204.256500
v 13.383568 -0.000004 -165.254486
v 36.860855 -0.000006 -165.836273
v 36.471664 -0.000006 -186.597229
v 13.383995 -0.000004 -186.015472
v 13.383572 6.999996 -165.254486
v 36.860855 6.999994 -165.836273
v 36.471664 6.999994 -186.597229
v 13.383995 6.999996 -186.015472
v 13.583611 -0.000004 -147.404816
v 27.943832 -0.000005 -147.786346
v 28.133347 -0.000005 -162.724701
v 13.773117 -0.000004 -161.760895
v 13.583611 6.999996 -147.404816
v 27.943832 6.999995 -147.786346
v 28.133347 6.999995 -162.724701
v 13.773117 6.999996 -161.760895
v 13.972912 -0.000004 -128.772400
v 57.231667 -0.000007 -128.962616
v 57.432320 -0.000007 -145.456787
v 13.772800 -0.000004 -144.493500
v 13.972912 6.999996 -128.772400
v 57.231667 6.999993 -128.962616
v 57.432320 6.999993 -145.456787
v 13.772800 6.999996 -144.493500
v 14.351139 -0.000004 -111.695885
v 65.580376 -0.000008 -112.277412
v 65.190979 -0.000008 -127.024803
v 14.162106 -0.000004 -125.670189
v 14.351139 6.999996 -111.695885
v 65.580376 6.999992 -112.277412
v 65.190979 6.999992 -127.024803
v 14.162106 6.999996 -125.670189
v -41.795078 0.000000 350.010986
v -27.902412 -0.000001 349.791046
v -27.991634 -0.000001 344.025696
v -31.442537 -0.000001 344.083069
v -31.554060 -0.000001 336.847717
v -27.613352 -0.000001 336.790314
v -27.724859 -0.000001 329.898590
v -32.656311 -0.000001 329.975098
v -32.756664 -0.000001 323.751556
v -28.259359 -0.000001 323.684601
v -28.348564 -0.000001 318.033783
v -32.088894 -0.000001 318.091156
v -32.222702 -0.000001 309.443085
v -29.907255 -0.000001 309.404846
v -29.996454 -0.000001 303.658569
v -42.519894 0.000000 303.859344
v -41.795078 16.095987 350.010986
v -27.902412 16.095987 349.791046
v -27.991634 16.095987 344.025696
v -31.442535 16.095987 344.083069
v -31.554058 16.095987 336.847717
v -27.613350 16.095987 336.790314
v -27.724857 16.095987 329.898590
v -32.656311 16.095987 329.975098
v -32.756664 16.095987 323.751556
v -28.259357 16.095987 323.684601
v -28.348560 16.095987 318.033783
v -32.088894 16.095987 318.091156
v -32.222698 16.095987 309.443085
v -29.907253 16.095987 309.404846
v -29.996452 16.095987 303.658569
v -42.519890 16.095987 303.859344
v -40.279144 0.000000 412.456512
v -26.353098 -0.000001 411.826019
v -26.653898 -0.000001 404.953400
v -30.494415 -0.000001 405.115814
v -30.828625 -0.000001 397.660919
v -26.743204 -0.000001 397.479431
v -26.988293 -0.000001 391.933624
v -31.619175 -0.000001 392.143768
v -31.975662 -0.000001 383.982513
v -27.088745 -0.000001 383.762817
v -27.289267 -0.000001 379.142883
v -30.695637 -0.000001 379.295715
v -31.040974 -0.000001 371.459015
v -26.899895 -0.000001 371.268005
v -27.234081 -0.000001 363.803558
v -42.429173 0.000000 364.491272
v -40.279144 15.000000 412.456512
v -26.353096 14.999999 411.826019
v -26.653896 14.999999 404.953400
v -30.494411 14.999999 405.115814
v -30.828623 14.999999 397.660919
v -26.743202 14.999999 397.479431
v -26.988291 14.999999 391.933624
v -31.619175 14.999999 392.143768
v -31.975662 14.999999 383.982513
v -27.088743 14.999999 383.762817
v -27.289265 14.999999 379.142883
v -30.695637 14.999999 379.295715
v -31.040974 14.999999 371.459015
v -26.899895 14.999999 371.268005
v -27.234081 14.999999 363.803558
v -42.429169 15.000000 364.491272
v -39.341995 -0.000000 467.618927
v -24.837078 -0.000001 467.341553
v -24.937468 -0.000001 462.253906
v -28.855911 -0.000001 462.330414
v -29.012070 -0.000001 454.369629
v -24.759668 -0.000001 454.283539
v -24.871201 -0.000001 448.737732
v -29.212658 -0.000001 448.823792
v -29.335350 -0.000001 442.504791
v -25.016155 -0.000001 442.418732
v -25.149986 -0.000001 435.794281
v -29.046165 -0.000001 435.870789
v -29.157715 -0.000001 429.618622
v -24.682674 -0.000001 429.532532
v -24.838800 -0.000001 421.810394
v -40.200882 0.000000 422.106842
v -39.341995 15.000000 467.618927
v -24.837076 14.999999 467.341553
v -24.937466 14.999999 462.253906
v -28.855909 14.999999 462.330414
v -29.012070 14.999999 454.369629
v -24.759666 14.999999 454.283539
v -24.871201 14.999999 448.737732
v -29.212658 14.999999 448.823792
v -29.335348 14.999999 442.504791
v -25.016155 14.999999 442.418732
v -25.149986 14.999999 435.794281
v -29.046165 14.999999 435.870789
v -29.157715 14.999999 429.618622
v -24.682674 14.999999 429.532532
v -24.838799 14.999999 421.810394
v -40.200878 15.000000 422.106842
v -72.386520 0.000002 319.371277
v -77.707581 0.000003 319.514587
v -77.551582 0.000003 325.489990
v -72.308441 0.000002 325.346680
v -72.118996 0.000002 332.610687
v -76.683090 0.000003 332.725372
v -76.538223 0.000003 338.252106
v -71.039047 0.000002 338.108795
v -70.805023 0.000002 347.043243
v -75.357986 0.000003 347.167450
v -75.190826 0.000003 353.610565
v -62.210979 0.000002 353.266541
v -63.481331 0.000002 304.776215
v -78.019646 0.000003 305.158386
v -77.852509 0.000003 311.525146
v -72.587097 0.000002 311.381836
v -72.386520 15.000003 319.371277
v -77.707581 15.000003 319.514587
v -77.551582 15.000003 325.489990
v -72.308441 15.000003 325.346680
v -72.118996 15.000003 332.610687
v -76.683090 15.000003 332.725372
v -76.538223 15.000003 338.252106
v -71.039047 15.000002 338.108795
v -70.805023 15.000002 347.043243
v -75.357986 15.000003 347.167450
v -75.190819 15.000003 353.610565
v -62.210979 15.000002 353.266541
v -63.481327 15.000002 304.776215
v -78.019646 15.000003 305.158386
v -77.852509 15.000003 311.525146
v -72.587097 15.000003 311.381836
v -75.657822 0.000003 371.718140
v -70.993538 0.000002 371.498444
v -70.637070 0.000002 379.249268
v -75.646439 0.000003 379.478516
v -75.445923 0.000003 383.964813
v -70.536743 0.000002 383.735596
v -70.102287 0.000002 393.204559
v -75.746178 0.000003 393.472015
v -75.434258 0.000003 400.277863
v -70.079796 0.000002 400.029480
v -69.756729 0.000002 407.159851
v -74.921944 0.000003 407.398682
v -74.587730 0.000003 414.777222
v -59.270195 0.000001 414.079865
v -61.509312 0.000002 365.169586
v -75.925171 0.000003 365.838196
v -75.657814 15.000003 371.718140
v -70.993538 15.000002 371.498444
v -70.637070 15.000002 379.249268
v -75.646439 15.000003 379.478516
v -75.445923 15.000003 383.964813
v -70.536743 15.000002 383.735596
v -70.102287 15.000002 393.204559
v -75.746178 15.000003 393.472015
v -75.434258 15.000003 400.277863
v -70.079796 15.000002 400.029480
v -69.756729 15.000002 407.159851
v -74.921944 15.000003 407.398682
v -74.587730 15.000003 414.777222
v -59.270191 15.000002 414.079865
v -61.509312 15.000002 365.169586
v -75.925163 15.000003 365.838196
v -74.475922 0.000003 428.493896
v -69.800507 0.000002 428.493744
v -69.800224 0.000002 436.110931
v -74.497910 0.000003 436.111115
v -74.497726 0.000003 440.969696
v -69.120995 0.000002 440.969482
v -69.120682 0.000002 449.216675
v -74.553070 0.000003 449.216888
v -74.563950 0.000003 455.745911
v -69.409859 0.000002 455.745728
v -69.409531 0.000002 464.145630
v -73.639671 0.000003 464.155334
v -73.639412 0.000003 470.655731
v -60.002773 0.000002 470.655182
v -60.015743 0.000002 422.269806
v -74.476143 0.000003 422.270325
v -74.475922 16.376753 428.493896
v -69.800499 16.376753 428.493744
v -69.800217 16.376753 436.110931
v -74.497902 16.376753 436.111115
v -74.497726 16.376753 440.969696
v -69.120987 16.376753 440.969482
v -69.120682 16.376753 449.216675
v -74.553070 16.376753 449.216888
v -74.563950 16.376753 455.745911
v -69.409859 16.376753 455.745728
v -69.409531 16.376753 464.145630
v -73.639671 16.376753 464.155334
v -73.639412 16.376753 470.655731
v -60.002769 16.376753 470.655182
v -60.015739 16.376753 422.269806
v -74.476143 16.376753 422.270325
v -58.599243 0.000001 492.561707
v -58.375999 0.000001 506.631531
v -46.565006 0.000001 506.449646
v -46.341755 0.000000 520.271301
v -33.974167 -0.000000 520.079834
v -34.152771 -0.000000 508.988159
v -22.731401 -0.000001 508.806305
v -22.910000 -0.000001 497.542847
v -36.535496 -0.000000 497.762970
v -36.814507 -0.000000 480.877289
v -47.400982 0.000001 481.049561
v -47.211266 0.000001 492.379852
v -58.599243 18.000002 492.561707
v -58.375996 18.000002 506.631531
v -46.565006 18.000000 506.449646
v -46.341755 18.000000 520.271301
v -33.974167 18.000000 520.079834
v -34.152771 18.000000 508.988159
v -22.731400 17.999998 508.806305
v -22.910000 17.999998 497.542847
v -36.535496 18.000000 497.762970
v -36.814503 18.000000 480.877289
v -47.400978 18.000000 481.049561
v -47.211266 18.000000 492.379852
v -57.817650 0.000001 545.080200
v -56.881927 0.000001 558.443604
v -45.126625 0.000000 557.631714
v -44.357986 0.000000 568.618347
v -34.317001 -0.000000 567.921021
v -35.408695 -0.000000 552.238098
v -24.098675 -0.000001 551.445312
v -24.744768 -0.000001 542.157715
v -34.919334 -0.000000 542.874146
v -35.777069 -0.000000 530.589355
v -45.584282 0.000000 531.267517
v -44.693127 0.000000 544.163208
v -57.817650 18.000002 545.080200
v -56.881927 18.000002 558.443604
v -45.126625 18.000000 557.631714
v -44.357983 18.000000 568.618347
v -34.317001 18.000000 567.921021
v -35.408695 18.000000 552.238098
v -24.098673 17.999998 551.445312
v -24.744766 17.999998 542.157715
v -34.919334 18.000000 542.874146
v -35.777065 18.000000 530.589355
v -45.584282 18.000000 531.267517
v -44.693127 18.000000 544.163208
v 104.853569 -0.000011 -461.430725
v 97.751396 -0.000010 -461.774689
v 100.786232 -0.000011 -363.802582
v 127.480690 -0.000013 -364.813354
v 125.455589 -0.000012 -388.122742
v 161.934967 -0.000015 -387.453125
v 161.602936 -0.000015 -433.050323
v 158.897888 -0.000015 -433.050446
v 158.219513 -0.000015 -447.921814
v 168.694672 -0.000016 -448.255402
v 167.348450 -0.000016 -464.138580
v 113.636787 -0.000012 -463.797516
v 112.624413 -0.000012 -476.969940
v 104.854286 -0.000011 -476.302155
v 104.853584 17.461212 -461.430725
v 97.751411 17.461214 -461.774689
v 100.786232 17.461212 -363.802582
v 127.480690 17.461210 -364.813354
v 125.455589 17.461210 -388.122742
v 161.934967 17.461208 -387.453125
v 161.602936 17.461208 -433.050323
v 158.897888 17.461208 -433.050446
v 158.219513 17.461208 -447.921814
v 168.694672 17.461208 -448.255402
v 167.348480 17.461208 -464.138580
v 113.636803 17.461212 -463.797516
v 112.624428 17.461212 -476.969940
v 104.854301 17.461212 -476.302155
v 197.807007 -0.000018 272.096832
v 193.621399 -0.000018 272.173279
v 193.989105 -0.000018 287.617279
v 202.148804 -0.000018 287.321198
v 201.703064 -0.000018 265.634705
v 197.884796 -0.000018 265.634796
v 197.807007 4.279904 272.096832
v 193.621399 4.279904 272.173279
v 193.989105 4.279904 287.617279
v 202.148804 4.279904 287.321198
v 201.703064 4.279904 265.634705
v 197.884796 4.279904 265.634796
v 250.553314 -0.000022 387.438293
v 249.683929 -0.000022 351.577484
v 254.136688 -0.000022 351.462830
v 253.746613 -0.000022 335.312561
v 246.355011 -0.000022 335.484589
v 246.466461 -0.000022 339.818054
v 243.060089 -0.000021 339.894501
v 243.238403 -0.000021 346.938782
v 239.575989 -0.000021 347.024780
v 239.665161 -0.000021 350.785522
v 241.902710 -0.000021 352.007233
v 241.824890 -0.000021 355.930267
v 238.852661 -0.000021 355.873077
v 238.741516 -0.000021 361.943756
v 240.177551 -0.000021 361.972351
v 240.110870 -0.000021 365.609039
v 242.125793 -0.000021 367.384369
v 242.292999 -0.000021 373.884552
v 240.311493 -0.000021 373.941864
v 240.389526 -0.000021 377.129944
v 239.532379 -0.000021 377.149048
v 239.666138 -0.000021 382.761566
v 243.361938 -0.000021 382.675537
v 243.473389 -0.000021 387.323975
v 239.154205 -0.000021 387.429108
v 239.299072 -0.000021 393.203888
v 242.805634 -0.000021 393.117859
v 243.006287 -0.000021 401.135712
v 246.746613 -0.000022 401.049683
v 246.858093 -0.000022 405.707672
v 255.296112 -0.000022 405.506927
v 254.850250 -0.000022 387.333160
v 250.553314 19.999979 387.438293
v 249.683929 19.999979 351.577484
v 254.136688 19.999977 351.462830
v 253.746613 19.999977 335.312561
v 246.355011 19.999979 335.484589
v 246.466461 19.999979 339.818054
v 243.060089 19.999979 339.894501
v 243.238403 19.999979 346.938782
v 239.575989 19.999979 347.024780
v 239.665161 19.999979 350.785522
v 241.902710 19.999979 352.007233
v 241.824890 19.999979 355.930267
v 238.852661 19.999979 355.873077
v 238.741516 19.999979 361.943756
v 240.177551 19.999979 361.972351
v 240.110870 19.999979 365.609039
v 242.125793 19.999979 367.384369
v 242.292999 19.999979 373.884552
v 240.311493 19.999979 373.941864
v 240.389526 19.999979 377.129944
v 239.532379 19.999979 377.149048
v 239.666138 19.999979 382.761566
v 243.361938 19.999979 382.675537
v 243.473389 19.999979 387.323975
v 239.154205 19.999979 387.429108
v 239.299103 19.999979 393.203888
v 242.805664 19.999979 393.117859
v 243.006317 19.999979 401.135712
v 246.746643 19.999979 401.049683
v 246.858124 19.999979 405.707672
v 255.296143 19.999977 405.506927
v 254.850250 19.999977 387.333160
v 214.128143 -0.000019 339.990784
v 213.304382 -0.000019 340.000336
v 213.382446 -0.000019 345.536499
v 215.196960 -0.000019 345.517365
v 215.286224 -0.000019 352.428009
v 217.323364 -0.000019 352.399323
v 217.345673 -0.000019 354.041077
v 219.638855 -0.000020 354.012360
v 219.716980 -0.000020 360.779846
v 216.811554 -0.000019 360.808563
v 216.867340 -0.000019 365.390198
v 219.594666 -0.000020 365.361481
v 219.706299 -0.000020 374.734772
v 218.047638 -0.000019 374.753906
v 218.092285 -0.000019 379.163727
v 220.229614 -0.000020 379.144592
v 220.296600 -0.000020 384.585297
v 217.680573 -0.000019 384.614014
v 217.714081 -0.000019 387.744812
v 215.543335 -0.000019 387.763947
v 215.643829 -0.000019 396.784088
v 218.126221 -0.000019 396.755371
v 218.137421 -0.000019 398.043945
v 215.476898 -0.000019 398.072662
v 215.655273 -0.000019 406.262360
v 223.547821 -0.000020 406.338440
v 223.447418 -0.000020 400.477753
v 225.684937 -0.000020 400.439514
v 225.606873 -0.000020 395.972412
v 223.491821 -0.000020 396.010651
v 223.402618 -0.000020 390.732239
v 226.775574 -0.000020 390.674835
v 226.730988 -0.000020 388.460388
v 224.849701 -0.000020 388.489075
v 224.749298 -0.000020 381.941162
v 226.986816 -0.000020 381.902893
v 226.852997 -0.000020 374.266846
v 224.637726 -0.000020 374.305084
v 224.503876 -0.000020 366.058136
v 227.320282 -0.000020 366.010315
v 227.152985 -0.000020 355.768433
v 224.570374 -0.000020 355.816254
v 224.492310 -0.000020 351.272766
v 226.663055 -0.000020 351.234528
v 226.596130 -0.000020 346.948792
v 222.577484 -0.000020 347.015717
v 222.521729 -0.000020 343.207245
v 223.545868 -0.000020 343.197662
v 223.478943 -0.000020 338.806915
v 221.085571 -0.000020 338.835602
v 221.029816 -0.000020 334.683502
v 214.061218 -0.000019 334.779144
v 214.128143 19.999981 339.990784
v 213.304382 19.999981 340.000336
v 213.382446 19.999981 345.536499
v 215.196960 19.999981 345.517365
v 215.286224 19.999981 352.428009
v 217.323364 19.999981 352.399323
v 217.345673 19.999981 354.041077
v 219.638855 19.999981 354.012360
v 219.716980 19.999981 360.779846
v 216.811554 19.999981 360.808563
v 216.867340 19.999981 365.390198
v 219.594666 19.999981 365.361481
v 219.706299 19.999981 374.734772
v 218.047638 19.999981 374.753906
v 218.092285 19.999981 379.163727
v 220.229614 19.999981 379.144592
v 220.296600 19.999981 384.585297
v 217.680573 19.999981 384.614014
v 217.714081 19.999981 387.744812
v 215.543335 19.999981 387.763947
v 215.643829 19.999981 396.784088
v 218.126251 19.999981 396.755371
v 218.137451 19.999981 398.043945
v 215.476898 19.999981 398.072662
v 215.655273 19.999981 406.262360
v 223.547852 19.999981 406.338440
v 223.447449 19.999981 400.477753
v 225.684967 19.999979 400.439514
v 225.606903 19.999979 395.972412
v 223.491852 19.999981 396.010651
v 223.402618 19.999981 390.732239
v 226.775574 19.999979 390.674835
v 226.730988 19.999979 388.460388
v 224.849701 19.999981 388.489075
v 224.749298 19.999981 381.941162
v 226.986816 19.999979 381.902893
v 226.852997 19.999979 374.266846
v 224.637726 19.999981 374.305084
v 224.503876 19.999981 366.058136
v 227.320282 19.999979 366.010315
v 227.152985 19.999979 355.768433
v 224.570374 19.999981 355.816254
v 224.492310 19.999981 351.272766
v 226.663055 19.999979 351.234528
v 226.596130 19.999979 346.948792
v 222.577484 19.999981 347.015717
v 222.521729 19.999981 343.207245
v 223.545868 19.999981 343.197662
v 223.478943 19.999981 338.806915
v 221.085571 19.999981 338.835602
v 221.029816 19.999981 334.683502
v 214.061218 19.999981 334.779144
v 149.997223 -0.000014 348.669128
v 150.064117 -0.000014 352.429901
v 152.301666 -0.000015 353.317535
v 152.658020 -0.000015 357.460144
v 149.663544 -0.000014 357.717926
v 150.398499 -0.000014 366.356293
v 152.302094 -0.000015 367.024384
v 152.947968 -0.000015 374.765503
v 149.597260 -0.000014 375.051941
v 150.287720 -0.000014 383.298950
v 152.859253 -0.000015 384.854736
v 153.037445 -0.000015 387.746887
v 148.729401 -0.000014 388.033386
v 149.186035 -0.000014 395.029999
v 152.781647 -0.000015 394.800781
v 154.185028 -0.000015 416.640045
v 150.333374 -0.000014 416.888367
v 150.622986 -0.000014 421.517761
v 154.085022 -0.000015 422.300323
v 154.396881 -0.000015 426.710175
v 150.322601 -0.000014 427.006226
v 150.623322 -0.000014 431.215637
v 151.413696 -0.000014 431.769226
v 151.569733 -0.000014 436.074097
v 155.721924 -0.000015 435.921204
v 155.777649 -0.000015 437.572510
v 154.274841 -0.000015 437.629852
v 154.352844 -0.000015 439.586609
v 161.165588 -0.000015 439.328613
v 161.054138 -0.000015 436.417358
v 163.480927 -0.000015 436.331360
v 163.202332 -0.000015 428.695251
v 161.454620 -0.000015 428.762146
v 161.198303 -0.000015 421.240570
v 164.415436 -0.000015 421.125916
v 164.170288 -0.000015 413.785706
v 166.363281 -0.000016 413.709259
v 166.173828 -0.000016 408.058533
v 164.470642 -0.000015 408.115875
v 164.247772 -0.000015 401.272003
v 165.461151 -0.000016 401.233795
v 165.282837 -0.000015 395.172638
v 164.136261 -0.000015 395.201294
v 163.957916 -0.000015 388.596069
v 161.597961 -0.000015 388.662964
v 161.631378 -0.000015 389.922913
v 158.748230 -0.000015 389.999359
v 158.614471 -0.000015 384.911804
v 160.039368 -0.000015 384.873596
v 159.939026 -0.000015 380.759613
v 161.675629 -0.000015 380.721405
v 161.508423 -0.000015 373.514801
v 159.226349 -0.000015 373.562592
v 159.092590 -0.000015 367.463257
v 160.728973 -0.000015 367.425018
v 160.595215 -0.000015 361.182495
v 159.114655 -0.000015 361.211182
v 158.947449 -0.000015 353.288727
v 162.899292 -0.000015 353.212250
v 162.765503 -0.000015 346.282471
v 164.524353 -0.000015 346.253784
v 164.401733 -0.000015 339.763092
v 162.119659 -0.000015 339.810883
v 162.052795 -0.000015 336.536896
v 156.798523 -0.000015 336.642029
v 156.876556 -0.000015 341.070984
v 153.826416 -0.000015 341.128326
v 153.960205 -0.000015 348.592651
v 149.997223 19.999985 348.669128
v 150.064117 19.999985 352.429901
v 152.301666 19.999985 353.317535
v 152.658020 19.999985 357.460144
v 149.663544 19.999985 357.717926
v 150.398499 19.999985 366.356293
v 152.302094 19.999985 367.024384
v 152.947968 19.999985 374.765503
v 149.597260 19.999985 375.051941
v 150.287720 19.999985 383.298950
v 152.859253 19.999985 384.854736
v 153.037445 19.999985 387.746887
v 148.729401 19.999987 388.033386
v 149.186035 19.999987 395.029999
v 152.781647 19.999985 394.800781
v 154.185028 19.999985 416.640045
v 150.333374 19.999985 416.888367
v 150.622986 19.999985 421.517761
v 154.085022 19.999985 422.300323
v 154.396881 19.999985 426.710175
v 150.322601 19.999985 427.006226
v 150.623322 19.999985 431.215637
v 151.413696 19.999985 431.769226
v 151.569733 19.999985 436.074097
v 155.721924 19.999985 435.921204
v 155.777649 19.999985 437.572510
v 154.274841 19.999985 437.629852
v 154.352844 19.999985 439.586609
v 161.165588 19.999985 439.328613
v 161.054138 19.999985 436.417358
v 163.480927 19.999985 436.331360
v 163.202332 19.999985 428.695251
v 161.454620 19.999985 428.762146
v 161.198303 19.999985 421.240570
v 164.415436 19.999985 421.125916
v 164.170288 19.999985 413.785706
v 166.363281 19.999985 413.709259
v 166.173828 19.999985 408.058533
v 164.470642 19.999985 408.115875
v 164.247772 19.999985 401.272003
v 165.461151 19.999985 401.233795
v 165.282837 19.999985 395.172638
v 164.136261 19.999985 395.201294
v 163.957916 19.999985 388.596069
v 161.597961 19.999985 388.662964
v 161.631378 19.999985 389.922913
v 158.748230 19.999985 389.999359
v 158.614471 19.999985 384.911804
v 160.039368 19.999985 384.873596
v 159.939026 19.999985 380.759613
v 161.675629 19.999985 380.721405
v 161.508423 19.999985 373.514801
v 159.226349 19.999985 373.562592
v 159.092590 19.999985 367.463257
v 160.728973 19.999985 367.425018
v 160.595215 19.999985 361.182495
v 159.114655 19.999985 361.211182
v 158.947449 19.999985 353.288727
v 162.899292 19.999985 353.212250
v 162.765503 19.999985 346.282471
v 164.524353 19.999985 346.253784
v 164.401733 19.999985 339.763092
v 162.119659 19.999985 339.810883
v 162.052795 19.999985 336.536896
v 156.798523 19.999985 336.642029
v 156.876556 19.999985 341.070984
v 153.826416 19.999985 341.128326
v 153.960205 19.999985 348.592651
v 119.106636 -0.000012 367.521759
v 123.503746 -0.000012 367.359344
v 123.704292 -0.000012 372.704651
v 119.463020 -0.000012 373.048401
v 119.864342 -0.000012 390.811981
v 125.575035 -0.000012 390.792694
v 125.597511 -0.000012 397.445709
v 121.812691 -0.000012 398.562622
v 122.391991 -0.000012 411.544037
v 124.596123 -0.000012 411.438965
v 124.986031 -0.000012 419.867340
v 121.679848 -0.000012 420.020203
v 122.281441 -0.000012 433.001617
v 129.762115 -0.000013 432.657715
v 129.205078 -0.000013 420.659454
v 131.743164 -0.000013 420.535278
v 131.509216 -0.000013 415.743591
v 133.735596 -0.000013 415.638519
v 132.744202 -0.000013 396.366852
v 130.974213 -0.000013 396.452820
v 130.695740 -0.000013 391.422516
v 128.458221 -0.000013 391.546692
v 127.377831 -0.000013 372.857269
v 129.014221 -0.000013 372.761749
v 128.724640 -0.000013 367.903259
v 131.674622 -0.000013 367.721832
v 130.271332 -0.000013 345.176147
v 126.397408 -0.000013 345.414886
v 126.152382 -0.000013 341.396362
v 127.599525 -0.000013 340.613617
v 127.465828 -0.000013 336.986481
v 117.970299 -0.000012 337.339905
v 119.106636 19.999989 367.521759
v 123.503746 19.999989 367.359344
v 123.704292 19.999989 372.704651
v 119.463020 19.999989 373.048401
v 119.864342 19.999989 390.811981
v 125.575035 19.999987 390.792694
v 125.597511 19.999987 397.445709
v 121.812691 19.999989 398.562622
v 122.391991 19.999989 411.544037
v 124.596123 19.999987 411.438965
v 124.986031 19.999987 419.867340
v 121.679848 19.999989 420.020203
v 122.281441 19.999989 433.001617
v 129.762115 19.999987 432.657715
v 129.205078 19.999987 420.659454
v 131.743164 19.999987 420.535278
v 131.509216 19.999987 415.743591
v 133.735596 19.999987 415.638519
v 132.744202 19.999987 396.366852
v 130.974213 19.999987 396.452820
v 130.695740 19.999987 391.422516
v 128.458221 19.999987 391.546692
v 127.377831 19.999987 372.857269
v 129.014221 19.999987 372.761749
v 128.724640 19.999987 367.903259
v 131.674622 19.999987 367.721832
v 130.271332 19.999987 345.176147
v 126.397408 19.999987 345.414886
v 126.152382 19.999987 341.396362
v 127.599525 19.999987 340.613617
v 127.465828 19.999987 336.986481
v 117.970299 19.999989 337.339905
v 85.053268 -0.000009 342.772034
v 78.897308 -0.000009 342.991760
v 79.298386 -0.000009 354.264648
v 83.094376 -0.000009 354.140472
v 83.473213 -0.000009 365.871521
v 80.790413 -0.000009 365.947968
v 81.135857 -0.000009 377.192230
v 85.510704 -0.000009 377.058441
v 85.934181 -0.000010 391.357178
v 82.260704 -0.000009 393.266357
v 83.107201 -0.000009 407.307343
v 93.415367 -0.000010 406.686554
v 92.602272 -0.000010 393.094177
v 96.453926 -0.000010 392.864990
v 95.306694 -0.000010 373.135071
v 91.588631 -0.000010 373.345184
v 91.432701 -0.000010 370.596161
v 96.096977 -0.000010 370.357391
v 95.083382 -0.000010 350.398376
v 92.166817 -0.000010 350.541656
v 92.088829 -0.000010 348.699432
v 96.040672 -0.000010 348.537048
v 95.550514 -0.000010 336.204651
v 84.819328 -0.000009 336.615387
v 85.053268 19.999990 342.772034
v 78.897308 19.999990 342.991760
v 79.298386 19.999990 354.264648
v 83.094376 19.999990 354.140472
v 83.473213 19.999990 365.871521
v 80.790413 19.999990 365.947968
v 81.135857 19.999990 377.192230
v 85.510704 19.999990 377.058441
v 85.934181 19.999990 391.357178
v 82.260704 19.999990 393.266357
v 83.107201 19.999990 407.307343
v 93.415367 19.999990 406.686554
v 92.602272 19.999990 393.094177
v 96.453926 19.999990 392.864990
v 95.306694 19.999990 373.135071
v 91.588631 19.999990 373.345184
v 91.432701 19.999990 370.596161
v 96.096977 19.999990 370.357391
v 95.083382 19.999990 350.398376
v 92.166817 19.999990 350.541656
v 92.088829 19.999990 348.699432
v 96.040672 19.999990 348.537048
v 95.550514 19.999990 336.204651
v 84.819336 19.999990 336.615387
v 389.026520 -0.000032 467.773621
v 395.171356 -0.000033 467.639740
v 395.985626 -0.000033 506.630798
v 390.230408 -0.000032 506.755127
v 390.553925 -0.000033 522.370667
v 402.008698 -0.000033 522.131531
v 401.595947 -0.000033 502.478485
v 408.163788 -0.000034 502.335022
v 407.349579 -0.000034 464.155365
v 400.726074 -0.000033 464.289246
v 400.436066 -0.000033 450.105499
v 388.658478 -0.000032 450.344574
v 389.026520 19.999968 467.773621
v 395.171356 19.999968 467.639740
v 395.985626 19.999968 506.630798
v 390.230408 19.999968 506.755127
v 390.553925 19.999968 522.370667
v 402.008698 19.999968 522.131531
v 401.595947 19.999968 502.478485
v 408.163788 19.999966 502.335022
v 407.349579 19.999966 464.155365
v 400.726074 19.999968 464.289246
v 400.436066 19.999968 450.105499
v 388.658478 19.999968 450.344574
v 386.726318 -0.000032 560.025635
v 390.243988 -0.000032 559.844116
v 390.645111 -0.000033 567.336853
v 387.572693 -0.000032 567.499268
v 388.464111 -0.000032 584.460571
v 399.796417 -0.000033 583.858704
v 398.860413 -0.000033 566.038330
v 400.930969 -0.000033 565.933228
v 400.540985 -0.000033 558.507324
v 397.490845 -0.000033 558.669739
v 396.577179 -0.000033 541.116638
v 385.756958 -0.000032 541.689819
v 386.726318 19.999968 560.025635
v 390.243988 19.999968 559.844116
v 390.645111 19.999968 567.336853
v 387.572693 19.999968 567.499268
v 388.464111 19.999968 584.460571
v 399.796417 19.999968 583.858704
v 398.860413 19.999968 566.038330
v 400.930969 19.999968 565.933228
v 400.540985 19.999968 558.507324
v 397.490845 19.999968 558.669739
v 396.577179 19.999968 541.116638
v 385.756958 19.999968 541.689819
v 430.604187 -0.000036 463.963531
v 423.223724 -0.000035 464.278809
v 425.184875 -0.000035 509.817505
v 431.530060 -0.000036 509.540436
v 432.109528 -0.000036 522.941467
v 442.105988 -0.000036 522.511475
v 441.459686 -0.000036 507.650116
v 437.162750 -0.000036 507.831635
v 435.313049 -0.000036 465.146912
v 440.867889 -0.000036 464.908081
v 440.232788 -0.000036 450.228027
v 430.024811 -0.000035 450.677032
v 430.604187 19.999964 463.963531
v 423.223724 19.999966 464.278809
v 425.184875 19.999966 509.817505
v 431.530060 19.999964 509.540436
v 432.109528 19.999964 522.941467
v 442.105988 19.999964 522.511475
v 441.459686 19.999964 507.650116
v 437.162750 19.999964 507.831635
v 435.313049 19.999964 465.146912
v 440.867889 19.999964 464.908081
v 440.232788 19.999964 450.228027
v 430.024811 19.999964 450.677032
v 460.126160 -0.000038 464.850037
v 467.339661 -0.000038 464.773376
v 467.786621 -0.000038 505.291351
v 460.395020 -0.000038 505.377594
v 460.585022 -0.000038 522.319763
v 473.531525 -0.000039 522.176025
v 473.341461 -0.000039 504.441620
v 477.950104 -0.000039 504.393707
v 477.514252 -0.000039 463.761230
v 471.180145 -0.000039 463.828308
v 471.023743 -0.000039 449.291473
v 459.958588 -0.000038 449.415955
v 460.126160 19.999962 464.850037
v 467.339661 19.999962 464.773376
v 467.786621 19.999962 505.291351
v 460.395020 19.999962 505.377594
v 460.585022 19.999962 522.319763
v 473.531525 19.999962 522.176025
v 473.341461 19.999962 504.441620
v 477.950104 19.999962 504.393707
v 477.514252 19.999962 463.761230
v 471.180145 19.999962 463.828308
v 471.023743 19.999962 449.291473
v 459.958588 19.999962 449.415955
v 500.290131 -0.000041 461.526825
v 493.444000 -0.000040 461.880249
v 495.906219 -0.000040 510.635254
v 500.882172 -0.000041 510.377319
v 501.494965 -0.000041 522.642456
v 513.005432 -0.000042 522.069214
v 512.270081 -0.000042 507.532471
v 507.795013 -0.000041 507.761719
v 505.589020 -0.000041 463.855560
v 511.143890 -0.000042 463.578552
v 510.408600 -0.000042 448.908173
v 499.688568 -0.000041 449.443085
v 500.290131 19.999960 461.526825
v 493.444000 19.999960 461.880249
v 495.906219 19.999960 510.635254
v 500.882172 19.999960 510.377319
v 501.494965 19.999960 522.642456
v 513.005432 19.999958 522.069214
v 512.270081 19.999958 507.532471
v 507.795013 19.999958 507.761719
v 505.589020 19.999958 463.855560
v 511.143890 19.999958 463.578552
v 510.408600 19.999958 448.908173
v 499.688568 19.999960 449.443085
v 533.549438 -0.000043 377.865204
v 521.604858 -0.000042 378.190125
v 521.805481 -0.000042 385.377350
v 514.402771 -0.000042 385.578033
v 514.659119 -0.000042 395.046509
v 522.852234 -0.000042 394.826691
v 523.030518 -0.000043 401.403076
v 534.184753 -0.000043 401.097260
v 534.262756 -0.000043 403.941620
v 537.101379 -0.000044 403.855621
v 537.502686 -0.000044 418.354187
v 548.411926 -0.000044 418.057892
v 547.821228 -0.000044 396.610748
v 540.874878 -0.000044 396.801880
v 540.685425 -0.000044 390.120514
v 548.488892 -0.000044 389.900726
v 547.664185 -0.000044 359.701019
v 533.059082 -0.000043 360.102325
v 533.549438 19.999956 377.865204
v 521.604858 19.999958 378.190125
v 521.805481 19.999958 385.377350
v 514.402771 19.999958 385.578033
v 514.659119 19.999958 395.046509
v 522.852234 19.999958 394.826691
v 523.030518 19.999958 401.403076
v 534.184753 19.999956 401.097260
v 534.262756 19.999956 403.941620
v 537.101379 19.999956 403.855621
v 537.502686 19.999956 418.354187
v 548.411926 19.999956 418.057892
v 547.821228 19.999956 396.610748
v 540.874878 19.999956 396.801880
v 540.685425 19.999956 390.120514
v 548.488892 19.999956 389.900726
v 547.664185 19.999956 359.701019
v 533.059082 19.999956 360.102325
v 457.240662 -0.000038 401.615295
v 483.000031 -0.000039 401.452148
v 482.832550 -0.000039 387.344849
v 457.073242 -0.000038 387.431610
v 457.240662 4.999962 401.615295
v 483.000031 4.999960 401.452148
v 482.832550 4.999960 387.344849
v 457.073242 4.999962 387.431610
v 487.430389 -0.000040 396.326416
v 494.599335 -0.000040 396.431183
v 494.677094 -0.000040 391.191040
v 487.508087 -0.000040 391.086304
v 487.430389 4.489942 396.326416
v 494.599335 4.489941 396.431183
v 494.677094 4.489941 391.191040
v 487.508087 4.489941 391.086304
v 418.632874 -0.000035 329.113403
v 421.772095 -0.000035 329.065582
v 421.894623 -0.000035 331.365906
v 418.443695 -0.000035 331.241913
v 418.310211 -0.000035 334.315399
v 424.711060 -0.000035 334.057495
v 424.844208 -0.000035 317.029388
v 418.443329 -0.000035 317.029541
v 418.632874 6.999965 329.113403
v 421.772095 6.999965 329.065582
v 421.894623 6.999965 331.365906
v 418.443695 6.999965 331.241913
v 418.310211 6.999965 334.315399
v 424.711060 6.999965 334.057495
v 424.844208 6.999965 317.029388
v 418.443329 6.999965 317.029541
v 44.397133 -0.000006 247.626099
v 38.530602 -0.000006 247.731232
v 38.608604 -0.000006 252.102936
v 19.862411 -0.000005 252.446960
v 20.308201 -0.000005 276.978302
v 33.243523 -0.000006 276.739380
v 32.987190 -0.000006 262.660126
v 38.887115 -0.000006 262.545441
v 39.043144 -0.000006 271.069366
v 53.815239 -0.000007 270.792236
v 53.503197 -0.000007 254.088074
v 44.519714 -0.000006 254.260071
v 44.397133 6.999994 247.626099
v 38.530602 6.999994 247.731232
v 38.608604 6.999994 252.102936
v 19.862411 6.999996 252.446960
v 20.308201 6.999995 276.978302
v 33.243523 6.999994 276.739380
v 32.987190 6.999994 262.660126
v 38.887115 6.999994 262.545441
v 39.043144 6.999994 271.069366
v 53.815239 6.999993 270.792236
v 53.503197 6.999993 254.088074
v 44.519714 6.999994 254.260071
v 112.324425 -0.000011 255.346863
v 131.181946 -0.000013 254.706940
v 130.792114 -0.000013 243.491364
v 123.166725 -0.000012 243.758789
v 123.021919 -0.000012 239.425262
v 118.279716 -0.000012 239.587616
v 118.424507 -0.000012 243.797058
v 111.945717 -0.000011 244.016724
v 112.324425 4.999989 255.346863
v 131.181946 4.999987 254.706940
v 130.792114 4.999987 243.491364
v 123.166725 4.999988 243.758789
v 123.021919 4.999988 239.425262
v 118.279716 4.999988 239.587616
v 118.424507 4.999988 243.797058
v 111.945717 4.999989 244.016724
v 156.345551 -0.000015 -357.185669
v 157.759186 -0.000015 -353.949799
v 157.759003 -0.000015 -349.702209
v 163.425201 -0.000015 -350.112457
v 163.425476 -0.000015 -357.385834
v 156.345551 7.384983 -357.185669
v 157.759186 7.384983 -353.949799
v 157.759003 7.384983 -349.702209
v 163.425201 7.384983 -350.112457
v 163.425476 7.384983 -357.385834
v 138.545532 -0.000013 -356.985870
v 139.146362 -0.000014 -349.101562
v 146.426666 -0.000014 -349.101288
v 146.426971 -0.000014 -357.186035
v 138.545532 4.240157 -356.985870
v 139.146362 4.240157 -349.101562
v 146.426666 4.240156 -349.101288
v 146.426971 4.240156 -357.186035
vn -0.0000 1.0000 -0.0000
vn 0.6253 -0.0000 0.7804
vn -0.7978 -0.0000 0.6029
vn -0.6436 -0.0000 -0.7654
vn -0.7708 -0.0000 0.6370
vn 0.5888 -0.0000 0.8082
vn 0.8085 -0.0000 -0.5885
vn 0.5875 -0.0000 0.8092
vn -0.8072 -0.0000 0.5903
vn 0.5896 -0.0000 0.8077
vn 0.8080 -0.0000 -0.5891
vn -0.5527 -0.0000 -0.8334
vn 0.7899 -0.0000 -0.6132
vn 0.5357 -0.0000 0.8444
vn 0.2171 -0.0000 0.9762
vn 0.7465 -0.0000 -0.6654
vn 0.5440 -0.0000 -0.8391
vn -0.4469 -0.0000 -0.8946
vn 0.8729 -0.0000 -0.4879
vn -0.4906 -0.0000 -0.8714
vn -0.7947 -0.0000 0.6070
vn -0.6343 -0.0000 -0.7731
vn -0.9056 -0.0000 -0.4242
vn 0.8656 -0.0000 -0.5007
vn 0.6982 -0.0000 0.7159
vn 0.7278 -0.0000 -0.6857
vn -0.6317 -0.0000 -0.7752
vn -0.5806 -0.0000 0.8142
vn -0.6346 -0.0000 -0.7729
vn 0.6863 -0.0000 -0.7273
vn -0.6539 -0.0000 -0.7565
vn -0.7147 -0.0000 0.6994
vn 0.5948 -0.0000 0.8039
vn -0.8180 -0.0000 0.5753
vn -0.4473 -0.0000 -0.8944
vn -0.8429 -0.0000 -0.5380
vn -0.6735 -0.0000 -0.7392
vn -0.4696 -0.0000 -0.8829
vn -0.7788 -0.0000 0.6272
vn 0.5979 -0.0000 0.8016
vn -0.7860 -0.0000 0.6182
vn -0.6093 -0.0000 -0.7929
vn -0.7930 -0.0000 0.6092
vn 0.6090 -0.0000 0.7932
vn 0.7938 -0.0000 -0.6081
vn 0.6104 -0.0000 0.7921
vn -0.7934 -0.0000 0.6087
vn 0.7929 -0.0000 -0.6093
vn -0.6089 -0.0000 -0.7933
vn 0.7781 -0.0000 -0.6282
vn 1.0000 -0.0000 0.0045
vn 0.0043 -0.0000 -1.0000
vn -1.0000 -0.0000 -0.0043
vn -0.0043 -0.0000 1.0000
vn 1.0000 -0.0000 0.0050
vn 0.0853 -0.0000 -0.9964
vn -0.0314 -0.0000 -0.9995
vn -0.3002 -0.0000 -0.9539
vn -1.0000 -0.0000 0.0029
vn -0.0126 -0.0000 0.9999
vn 0.9998 -0.0000 -0.0218
vn 0.0764 -0.0000 -0.9971
vn -0.9881 -0.0000 -0.1541
vn 0.2283 -0.0000 0.9736
vn -0.0997 -0.0000 0.9950
vn 0.0954 -0.0000 0.9954
vn -0.3662 -0.0000 0.9305
vn -0.7004 -0.0000 0.7138
vn -0.8595 -0.0000 0.5111
vn -0.9923 -0.0000 0.1241
vn -1.0000 -0.0000 -0.0037
vn -0.5625 -0.0000 -0.8268
vn -0.7155 -0.0000 -0.6987
vn -0.9998 -0.0000 -0.0198
vn 0.0277 -0.0000 0.9996
vn -0.9999 -0.0000 0.0172
vn 0.6672 -0.0000 0.7449
vn 0.9936 -0.0000 0.1128
vn -0.1162 -0.0000 0.9932
vn 0.9936 -0.0000 0.1132
vn 0.9868 -0.0000 -0.1620
vn -0.1625 -0.0000 -0.9867
vn 0.9868 -0.0000 -0.1617
vn 0.6495 -0.0000 -0.7604
vn 0.9995 -0.0000 -0.0311
vn -0.0313 -0.0000 -0.9995
vn -0.9995 -0.0000 0.0314
vn 0.0314 -0.0000 0.9995
vn 0.2487 -0.0000 -0.9686
vn -0.0803 -0.0000 -0.9968
vn -0.4039 -0.0000 -0.9148
vn -0.6804 -0.0000 -0.7329
vn -0.8812 -0.0000 -0.4727
vn -0.9881 -0.0000 -0.1537
vn -0.9844 -0.0000 0.1758
vn -0.8721 -0.0000 0.4893
vn -0.6644 -0.0000 0.7474
vn -0.3880 -0.0000 0.9217
vn -0.0673 -0.0000 0.9977
vn 0.2554 -0.0000 0.9668
vn 0.5519 -0.0000 0.8339
vn 0.7876 -0.0000 0.6161
vn 0.9458 -0.0000 0.3248
vn 1.0000 -0.0000 0.0056
vn 0.9497 -0.0000 -0.3132
vn 0.7939 -0.0000 -0.6081
vn 0.5534 -0.0000 -0.8329
vn -0.0348 -0.0000 -0.9994
vn -0.9798 -0.0000 -0.2002
vn -0.0065 -0.0000 -1.0000
vn -0.7071 -0.0000 0.7071
vn -0.6922 -0.0000 -0.7217
vn 0.7920 -0.0000 -0.6105
vn 0.3787 -0.0000 -0.9255
vn -1.0000 -0.0000 0.0062
vn -0.0000 -0.0000 1.0000
vn 0.9995 -0.0000 0.0313
vn 0.0877 -0.0000 0.9961
vn -0.9995 -0.0000 0.0304
vn 0.0591 -0.0000 0.9983
vn 0.9985 -0.0000 -0.0556
vn -0.0912 -0.0000 -0.9958
vn 1.0000 -0.0000 -0.0000
vn 0.0829 -0.0000 -0.9966
vn 0.0312 -0.0000 0.9995
vn 0.9998 -0.0000 -0.0196
vn -0.9543 -0.0000 -0.2990
vn -0.9265 -0.0000 0.3763
vn -0.5420 -0.0000 0.8404
vn -0.0080 -0.0000 1.0000
vn 0.5376 -0.0000 0.8432
vn 0.0708 -0.0000 0.9975
vn 0.9990 -0.0000 -0.0442
vn 0.0323 -0.0000 -0.9995
vn 0.6584 -0.0000 -0.7527
vn -0.0200 -0.0000 -0.9998
vn -0.5025 -0.0000 -0.8646
vn -0.9999 -0.0000 -0.0107
vn -0.9953 -0.0000 0.0970
vn -0.0334 -0.0000 0.9994
vn 0.1165 -0.0000 0.9932
vn 0.2635 -0.0000 -0.9647
vn 0.1086 -0.0000 0.9941
vn 0.9984 -0.0000 0.0557
vn 0.2313 -0.0000 -0.9729
vn 0.9995 -0.0000 -0.0314
vn -0.0635 -0.0000 -0.9980
vn -0.9923 -0.0000 -0.1242
vn -0.0000 -0.0000 -1.0000
vn 0.0997 -0.0000 -0.9950
vn -0.9986 -0.0000 0.0524
vn -0.1092 -0.0000 -0.9940
vn -0.9995 -0.0000 0.0309
vn -0.1143 -0.0000 0.9934
vn -0.9994 -0.0000 0.0352
vn -0.0361 -0.0000 -0.9993
vn -1.0000 -0.0000 -0.0000
vn 0.0096 -0.0000 1.0000
vn 0.9999 -0.0000 0.0108
vn -0.0264 -0.0000 0.9997
vn 1.0000 -0.0000 0.0037
vn -0.0222 -0.0000 -0.9998
vn 0.9975 -0.0000 -0.0705
vn 0.9999 -0.0000 0.0122
vn 0.0183 -0.0000 -0.9998
vn 0.9960 -0.0000 -0.0893
vn -0.9999 -0.0000 0.0121
vn -0.0994 -0.0000 -0.9950
vn -0.9999 -0.0000 0.0155
vn -0.8101 -0.0000 0.5863
vn -0.3779 -0.0000 0.9258
vn 0.2003 -0.0000 0.9797
vn 0.7078 -0.0000 0.7064
vn 0.9015 -0.0000 0.4329
vn -0.1999 -0.0000 0.9798
vn 0.9914 -0.0000 0.1306
vn 0.1171 -0.0000 -0.9931
vn -0.1226 -0.0000 -0.9925
vn 0.9995 -0.0000 0.0305
vn -0.0219 -0.0000 -0.9998
vn -0.9996 -0.0000 0.0279
vn -0.1586 -0.0000 0.9873
vn -0.9914 -0.0000 -0.1309
vn -0.0442 -0.0000 -0.9990
vn -0.9998 -0.0000 0.0202
vn -0.0877 -0.0000 0.9961
vn -0.9968 -0.0000 0.0793
vn 0.9803 -0.0000 -0.1977
vn 0.1479 -0.0000 0.9890
vn -0.9828 -0.0000 0.1849
vn 0.0998 -0.0000 0.9950
vn 0.9837 -0.0000 -0.1799
vn 0.1220 -0.0000 0.9925
vn -0.9927 -0.0000 0.1202
vn 0.0498 -0.0000 0.9988
vn 0.9997 -0.0000 -0.0226
vn 0.0599 -0.0000 0.9982
vn 1.0000 -0.0000 -0.0080
vn 0.0936 -0.0000 -0.9956
vn 0.9978 -0.0000 -0.0659
vn 0.0920 -0.0000 0.9958
vn 0.9997 -0.0000 -0.0230
vn 0.0103 -0.0000 -0.9999
vn -0.9996 -0.0000 0.0283
vn 0.0120 -0.0000 -0.9999
vn -0.1011 -0.0000 0.9949
vn -0.8947 -0.0000 0.4467
vn -0.0305 -0.0000 0.9995
vn -0.9971 -0.0000 -0.0767
vn -0.7590 -0.0000 -0.6511
vn -0.9951 -0.0000 0.0994
vn -0.5140 -0.0000 0.8578
vn -0.9963 -0.0000 0.0865
vn -0.0905 -0.0000 -0.9959
vn -0.9978 -0.0000 0.0665
vn -0.1301 -0.0000 -0.9915
vn 0.1554 -0.0000 0.9878
vn 0.9993 -0.0000 -0.0378
vn 0.0471 -0.0000 -0.9989
vn 0.9965 -0.0000 0.0831
vn 0.1084 -0.0000 -0.9941
vn -0.9489 -0.0000 -0.3157
vn -0.3513 -0.0000 0.9363
vn -0.9981 -0.0000 0.0623
vn -0.1192 -0.0000 0.9929
vn -0.2440 -0.0000 -0.9698
vn -0.9999 -0.0000 0.0169
vn -0.9965 -0.0000 -0.0830
vn -0.0437 -0.0000 -0.9990
vn -0.9992 -0.0000 0.0392
vn 0.0176 -0.0000 0.9998
vn 0.9997 -0.0000 -0.0238
vn -0.0346 -0.0000 -0.9994
vn 0.9997 -0.0000 -0.0256
vn -0.0907 -0.0000 0.9959
vn -0.9988 -0.0000 0.0499
vn 0.0377 -0.0000 0.9993
vn 0.9998 -0.0000 0.0174
vn 0.1046 -0.0000 -0.9945
vn -0.9965 -0.0000 -0.0831
vn -0.9994 -0.0000 0.0339
vn -0.0299 -0.0000 -0.9996
vn -0.9996 -0.0000 0.0281
vn -0.2525 -0.0000 0.9676
vn -0.9975 -0.0000 -0.0712
vn -0.9864 -0.0000 -0.1644
vn -0.9130 -0.0000 -0.4079
vn -0.8566 -0.0000 -0.5159
vn -0.7065 -0.0000 -0.7077
vn -0.5421 -0.0000 -0.8403
vn 0.1208 -0.0000 0.9927
vn 0.9701 -0.0000 0.2426
vn 0.9266 -0.0000 0.3761
vn 0.8538 -0.0000 0.5205
vn 0.7567 -0.0000 0.6537
vn 0.5373 -0.0000 0.8434
vn 0.1642 -0.0000 0.9864
vn -0.9994 -0.0000 0.0351
vn -0.2019 -0.0000 -0.9794
vn -0.9985 -0.0000 0.0543
vn -0.1017 -0.0000 -0.9948
vn -0.9929 -0.0000 0.1193
vn -0.1317 -0.0000 -0.9913
vn 0.9403 -0.0000 -0.3404
vn -0.2083 -0.0000 -0.9781
vn -0.9995 -0.0000 -0.0305
vn 0.0792 -0.0000 0.9969
vn 0.9987 -0.0000 -0.0517
vn -0.0484 -0.0000 -0.9988
vn -0.0692 -0.0000 -0.9976
vn -0.9998 -0.0000 -0.0191
vn 0.0346 -0.0000 0.9994
vn -0.1248 -0.0000 -0.9922
vn -0.9998 -0.0000 0.0204
vn 0.0457 -0.0000 0.9990
vn 0.1085 -0.0000 0.9941
vn 0.9999 -0.0000 -0.0170
vn -0.0198 -0.0000 0.9998
vn 0.0173 -0.0000 -0.9999
vn -0.9998 -0.0000 0.0199
vn -0.9975 -0.0000 0.0702
vn -0.9985 -0.0000 0.0541
vn -0.0249 -0.0000 0.9997
vn 0.9992 -0.0000 0.0390
vn -0.0273 -0.0000 0.9996
vn 0.9988 -0.0000 -0.0482
vn -0.0219 -0.0000 0.9998
vn 0.9901 -0.0000 0.1401
vn 0.7347 -0.0000 0.6784
vn 0.9985 -0.0000 -0.0541
vn 0.8146 -0.0000 -0.5800
vn 0.5138 -0.0000 -0.8579
vn -0.1193 -0.0000 -0.9929
vn -0.9132 -0.0000 -0.4074
vn -0.0075 -0.0000 -1.0000
vn -0.9320 -0.0000 -0.3624
vn -0.0312 -0.0000 -0.9995
vn -0.6586 -0.0000 0.7525
vn -0.9994 -0.0000 0.0357
vn -0.7268 -0.0000 -0.6869
vn 0.0588 -0.0000 0.9983
vn -0.9983 -0.0000 0.0584
vn -0.0587 -0.0000 -0.9983
vn -0.6656 -0.0000 0.7463
vn -0.9976 -0.0000 -0.0688
vn -0.7608 -0.0000 -0.6490
vn 0.0279 -0.0000 0.9996
vn 0.5837 -0.0000 0.8120
vn 0.0276 -0.0000 0.9996
vn 0.6274 -0.0000 -0.7787
vn 0.9989 -0.0000 -0.0475
vn 0.6756 -0.0000 0.7372
vn -0.0082 -0.0000 -1.0000
vn 1.0000 -0.0000 -0.0083
vn 0.0082 -0.0000 1.0000
vn 0.6951 -0.0000 -0.7189
vn 0.9975 -0.0000 -0.0712
vn 0.6531 -0.0000 0.7572
vn -0.0060 -0.0000 -1.0000
vn 1.0000 -0.0000 -0.0058
vn 0.0050 -0.0000 1.0000
vn -0.7216 -0.0000 0.6923
vn 0.6455 -0.0000 -0.7638
vn 0.9975 -0.0000 0.0713
vn 0.6193 -0.0000 0.7852
vn -0.0235 -0.0000 -0.9997
vn 0.5683 -0.0000 -0.8228
vn -0.0283 -0.0000 -0.9996
vn -0.6470 -0.0000 0.7625
vn -0.9991 -0.0000 -0.0435
vn -0.6869 -0.0000 -0.7268
vn 0.0313 -0.0000 0.9995
vn -0.9995 -0.0000 0.0315
vn -1.0000 -0.0000 -0.0038
vn -0.7153 -0.0000 0.6988
vn 0.6474 -0.0000 0.7621
vn 0.0518 -0.0000 0.9987
vn 0.9997 -0.0000 -0.0249
vn 0.6570 -0.0000 -0.7539
vn -0.6968 -0.0000 -0.7172
vn -0.0892 -0.0000 0.9960
vn -0.9878 -0.0000 0.1557
vn -0.1137 -0.0000 0.9935
vn -0.9992 -0.0000 0.0395
vn -0.5560 -0.0000 -0.8312
vn -0.8000 -0.0000 -0.6001
vn -0.8652 -0.0000 0.5014
vn -0.5703 -0.0000 0.8214
vn -0.0001 -0.0000 1.0000
vn -1.0000 -0.0000 -0.0001
vn -0.1106 -0.0000 -0.9939
vn -0.0719 -0.0000 -0.9974
vn -0.9982 -0.0000 0.0607
vn -0.4454 -0.0000 -0.8953
vn -0.9993 -0.0000 0.0379
vn 0.1198 -0.0000 0.9928
vn 0.9766 -0.0000 -0.2149
vn 0.1095 -0.0000 0.9940
vn 0.9945 -0.0000 -0.1052
vn 0.0834 -0.0000 -0.9965
vn 0.9968 -0.0000 -0.0804
vn 0.9999 -0.0000 -0.0173
vn 0.1022 -0.0000 -0.9948
vn 0.9971 -0.0000 -0.0758
vn 0.1147 -0.0000 -0.9934
vn -0.8317 -0.0000 -0.5552
vn 0.2170 -0.0000 -0.9762
vn -0.9983 -0.0000 -0.0581
vn -0.4750 -0.0000 0.8800
vn -0.0595 -0.0000 0.9982
vn -0.9938 -0.0000 -0.1111
vn -0.0923 -0.0000 0.9957
vn -0.9993 -0.0000 -0.0379
vn -0.5776 -0.0000 -0.8163
vn -0.9982 -0.0000 -0.0600
vn -0.8318 -0.0000 0.5551
vn -0.4485 -0.0000 0.8938
vn -0.9931 -0.0000 0.1174
vn -0.1060 -0.0000 -0.9944
vn -0.9431 -0.0000 -0.3326
vn -0.1256 -0.0000 -0.9921
vn -0.9999 -0.0000 0.0156
vn 0.1278 -0.0000 0.9918
vn 0.9957 -0.0000 0.0926
vn 0.0888 -0.0000 0.9960
vn 0.9985 -0.0000 0.0545
vn -0.2176 -0.0000 -0.9760
vn 0.9995 -0.0000 -0.0305
vn 0.9988 -0.0000 -0.0491
vn 0.0770 -0.0000 -0.9970
vn 0.9933 -0.0000 -0.1156
vn 0.1146 -0.0000 -0.9934
vn -0.9999 -0.0000 -0.0105
vn -0.4271 -0.0000 0.9042
vn 0.9910 -0.0000 0.1337
vn -0.0493 -0.0000 -0.9988
vn 0.1191 -0.0000 -0.9929
vn -0.9955 -0.0000 -0.0952
vn -0.4767 -0.0000 0.8791
vn 0.8856 -0.0000 0.4645
vn 0.5881 -0.0000 -0.8088
vn -0.8990 -0.0000 -0.4380
vn 0.4547 -0.0000 -0.8906
vn 0.9938 -0.0000 0.1109
vn 0.9997 -0.0000 0.0257
vn 0.0248 -0.0000 0.9997
vn 0.9998 -0.0000 -0.0187
vn -0.0252 -0.0000 -0.9997
vn -0.9999 -0.0000 -0.0132
vn 0.0266 -0.0000 0.9996
vn 0.9999 -0.0000 0.0127
vn -0.0670 -0.0000 -0.9978
vn -0.9999 -0.0000 0.0127
vn 0.0044 -0.0000 1.0000
vn -0.0221 -0.0000 -0.9998
vn -0.9999 -0.0000 0.0135
vn 0.0114 -0.0000 0.9999
vn 0.9997 -0.0000 -0.0264
vn -0.0265 -0.0000 -0.9996
vn -0.9999 -0.0000 0.0157
vn 0.0158 -0.0000 0.9999
vn 0.9999 -0.0000 -0.0155
vn -0.0166 -0.0000 -0.9999
vn 0.9999 -0.0000 -0.0154
vn 0.0146 -0.0000 0.9999
vn 0.9999 -0.0000 -0.0162
vn -0.0155 -0.0000 -0.9999
vn 0.9999 -0.0000 -0.0161
vn 0.0149 -0.0000 0.9999
vn 0.9999 -0.0000 -0.0158
vn -0.0153 -0.0000 -0.9999
vn 0.0165 -0.0000 0.9999
vn -0.0160 -0.0000 -0.9999
vn -0.9990 -0.0000 0.0448
vn 0.0452 -0.0000 0.9990
vn 0.9990 -0.0000 -0.0437
vn -0.0423 -0.0000 -0.9991
vn 0.9990 -0.0000 -0.0448
vn 0.0444 -0.0000 0.9990
vn -0.0453 -0.0000 -0.9990
vn 0.9990 -0.0000 -0.0436
vn 0.0449 -0.0000 0.9990
vn 0.9991 -0.0000 -0.0434
vn -0.0448 -0.0000 -0.9990
vn 0.9990 -0.0000 -0.0440
vn 0.0461 -0.0000 0.9989
vn 0.9990 -0.0000 -0.0447
vn -0.0452 -0.0000 -0.9990
vn -0.9998 -0.0000 0.0189
vn 0.0191 -0.0000 0.9998
vn 0.9998 -0.0000 -0.0197
vn -0.0195 -0.0000 -0.9998
vn 0.0202 -0.0000 0.9998
vn 0.9998 -0.0000 -0.0201
vn -0.0198 -0.0000 -0.9998
vn 0.9998 -0.0000 -0.0194
vn 0.0199 -0.0000 0.9998
vn 0.9998 -0.0000 -0.0202
vn -0.0196 -0.0000 -0.9998
vn 0.9998 -0.0000 -0.0178
vn 0.0192 -0.0000 0.9998
vn -0.0193 -0.0000 -0.9998
vn -0.9997 -0.0000 0.0251
vn -0.0269 -0.0000 -0.9996
vn -0.9997 -0.0000 0.0261
vn 0.0273 -0.0000 0.9996
vn -0.0251 -0.0000 -0.9997
vn -0.9997 -0.0000 0.0262
vn 0.0261 -0.0000 0.9997
vn -0.0273 -0.0000 -0.9996
vn -0.9997 -0.0000 0.0259
vn 0.0265 -0.0000 0.9996
vn 0.9997 -0.0000 -0.0262
vn -0.0263 -0.0000 -0.9997
vn 0.0272 -0.0000 0.9996
vn -0.9990 -0.0000 0.0454
vn 0.0470 -0.0000 0.9989
vn -0.9989 -0.0000 0.0459
vn -0.0457 -0.0000 -0.9990
vn -0.9990 -0.0000 0.0446
vn 0.0466 -0.0000 0.9989
vn -0.9989 -0.0000 0.0458
vn -0.0473 -0.0000 -0.9989
vn -0.9990 -0.0000 0.0458
vn 0.0463 -0.0000 0.9989
vn -0.9990 -0.0000 0.0453
vn -0.0462 -0.0000 -0.9989
vn -0.9990 -0.0000 0.0452
vn 0.0455 -0.0000 0.9990
vn 0.9990 -0.0000 -0.0457
vn -0.0463 -0.0000 -0.9989
vn -1.0000 -0.0000 -0.0017
vn -0.0023 -0.0000 -1.0000
vn 1.0000 -0.0000 -0.0003
vn -0.9999 -0.0000 0.0159
vn 0.0154 -0.0000 0.9999
vn -0.9999 -0.0000 0.0162
vn 0.0155 -0.0000 0.9999
vn 0.0159 -0.0000 0.9999
vn 0.9999 -0.0000 -0.0159
vn -0.0162 -0.0000 -0.9999
vn 0.9999 -0.0000 -0.0165
vn -0.0163 -0.0000 -0.9999
vn -0.9999 -0.0000 0.0167
vn -0.0697 -0.0000 -0.9976
vn -0.9976 -0.0000 0.0699
vn 0.0689 -0.0000 0.9976
vn -0.9976 -0.0000 0.0698
vn 0.0693 -0.0000 0.9976
vn 0.9976 -0.0000 -0.0694
vn 0.0699 -0.0000 0.9976
vn -0.0702 -0.0000 -0.9975
vn 0.9976 -0.0000 -0.0697
vn -0.0690 -0.0000 -0.9976
vn -0.9976 -0.0000 0.0689
vn 0.0484 -0.0000 -0.9988
vn -0.9995 -0.0000 0.0310
vn 0.0378 -0.0000 0.9993
vn 0.9962 -0.0000 -0.0866
vn -0.0184 -0.0000 0.9998
vn 1.0000 -0.0000 -0.0073
vn 0.9990 -0.0000 -0.0456
vn 0.0318 -0.0000 0.9995
vn 0.9964 -0.0000 -0.0845
vn -0.0063 -0.0000 -1.0000
vn 0.9971 -0.0000 -0.0766
vn -0.0856 -0.0000 -0.9963
vn -0.9999 -0.0000 -0.0120
vn -0.0183 -0.0000 -0.9998
vn -0.9997 -0.0000 0.0238
vn 0.0363 -0.0000 0.9993
vn 0.9998 -0.0000 -0.0206
vn -0.0245 -0.0000 -0.9997
vn 0.9997 -0.0000 -0.0242
vn 0.0257 -0.0000 0.9997
vn 0.9997 -0.0000 -0.0241
vn -0.0233 -0.0000 -0.9997
vn -0.9997 -0.0000 0.0257
vn -0.0224 -0.0000 -0.9997
vn -0.9997 -0.0000 0.0253
vn -0.9997 -0.0000 0.0237
vn -0.4792 -0.0000 0.8777
vn 0.0192 -0.0000 -0.9998
vn -0.9998 -0.0000 -0.0183
vn -0.0199 -0.0000 0.9998
vn -0.6611 -0.0000 0.7503
vn -0.0289 -0.0000 -0.9996
vn -0.9997 -0.0000 0.0245
vn -0.0223 -0.0000 -0.9998
vn 0.0233 -0.0000 0.9997
vn -0.9997 -0.0000 0.0240
vn -0.0243 -0.0000 -0.9997
vn 0.0245 -0.0000 0.9997
vn -0.9997 -0.0000 0.0250
vn 0.0230 -0.0000 0.9997
vn -0.9997 -0.0000 0.0239
vn 0.0238 -0.0000 0.9997
vn 0.9997 -0.0000 -0.0245
vn -0.9999 -0.0000 0.0128
vn -0.0116 -0.0000 -0.9999
vn -0.9999 -0.0000 0.0141
vn 0.0105 -0.0000 0.9999
vn -0.9999 -0.0000 0.0129
vn 0.0141 -0.0000 0.9999
vn -0.9999 -0.0000 0.0136
vn 0.0125 -0.0000 0.9999
vn -0.9999 -0.0000 0.0115
vn -0.0099 -0.0000 -1.0000
vn -0.9999 -0.0000 0.0122
vn -0.9999 -0.0000 0.0119
vn -0.0115 -0.0000 -0.9999
vn -0.9999 -0.0000 0.0101
vn 0.0090 -0.0000 1.0000
vn -0.9999 -0.0000 0.0123
vn -0.0110 -0.0000 -0.9999
vn -0.9999 -0.0000 0.0107
vn -0.0088 -0.0000 -1.0000
vn -0.9999 -0.0000 0.0111
vn 0.0116 -0.0000 0.9999
vn -1.0000 -0.0000 0.0087
vn -0.0108 -0.0000 -0.9999
vn -0.9998 -0.0000 0.0218
vn -0.0096 -0.0000 1.0000
vn 0.9999 -0.0000 -0.0171
vn 0.0171 -0.0000 0.9999
vn 0.9998 -0.0000 -0.0175
vn -0.0181 -0.0000 -0.9998
vn 0.9999 -0.0000 -0.0169
vn 0.0170 -0.0000 0.9999
vn -0.0152 -0.0000 -0.9999
vn 0.9999 -0.0000 -0.0153
vn -0.0173 -0.0000 -0.9999
vn 0.9999 -0.0000 -0.0163
vn -0.0185 -0.0000 -0.9998
vn 0.9999 -0.0000 -0.0172
vn 0.9999 -0.0000 -0.0156
vn -0.0167 -0.0000 -0.9999
vn 0.9999 -0.0000 -0.0146
vn 0.0094 -0.0000 1.0000
vn 0.9999 -0.0000 -0.0152
vn -0.0120 -0.0000 -0.9999
vn 0.9999 -0.0000 -0.0134
vn -0.0137 -0.0000 -0.9999
vn -0.9998 -0.0000 0.0178
vn -0.3687 -0.0000 0.9295
vn -0.9963 -0.0000 0.0857
vn -0.0858 -0.0000 -0.9963
vn -0.9964 -0.0000 0.0848
vn -0.3312 -0.0000 0.9436
vn -0.9965 -0.0000 0.0831
vn -0.0852 -0.0000 -0.9964
vn -0.9965 -0.0000 0.0834
vn -0.5176 -0.0000 0.8556
vn -0.9981 -0.0000 0.0615
vn -0.0664 -0.0000 -0.9978
vn -0.9979 -0.0000 0.0651
vn 0.0636 -0.0000 0.9980
vn -0.9979 -0.0000 0.0641
vn -0.0643 -0.0000 -0.9979
vn -0.9980 -0.0000 0.0624
vn -0.2205 -0.0000 0.9754
vn -0.9975 -0.0000 0.0705
vn -0.0725 -0.0000 -0.9974
vn -0.9975 -0.0000 0.0713
vn -0.5737 -0.0000 0.8191
vn -0.9993 -0.0000 0.0362
vn 0.0368 -0.0000 0.9993
vn -0.9994 -0.0000 0.0337
vn -0.0381 -0.0000 -0.9993
vn -0.9992 -0.0000 0.0398
vn 0.9993 -0.0000 -0.0382
vn 0.0354 -0.0000 0.9994
vn 0.9993 -0.0000 -0.0365
vn -0.0382 -0.0000 -0.9993
vn 0.9994 -0.0000 -0.0341
vn 0.0356 -0.0000 0.9994
vn 0.9994 -0.0000 -0.0334
vn 0.0348 -0.0000 0.9994
vn 0.9994 -0.0000 -0.0335
vn -0.0336 -0.0000 -0.9994
vn 0.9995 -0.0000 -0.0325
vn 0.0315 -0.0000 0.9995
vn 0.9996 -0.0000 -0.0294
vn -0.0250 -0.0000 -0.9997
vn 0.9996 -0.0000 -0.0270
vn -0.9996 -0.0000 0.0265
vn 0.9997 -0.0000 -0.0263
vn 0.0268 -0.0000 0.9996
vn 0.9997 -0.0000 -0.0244
vn 0.0220 -0.0000 0.9998
vn 0.9997 -0.0000 -0.0232
vn -0.0209 -0.0000 -0.9998
vn 0.9998 -0.0000 -0.0219
vn 0.0234 -0.0000 0.9997
vn 0.9998 -0.0000 -0.0214
vn -0.0194 -0.0000 -0.9998
vn 0.9998 -0.0000 -0.0211
vn 0.0193 -0.0000 0.9998
vn 0.9998 -0.0000 -0.0193
vn 0.0163 -0.0000 0.9999
vn 0.9998 -0.0000 -0.0189
vn 0.9998 -0.0000 -0.0204
vn -0.9998 -0.0000 0.0176
vn -0.0188 -0.0000 -0.9998
vn -0.9998 -0.0000 0.0179
vn -0.9993 -0.0000 0.0376
vn 0.0369 -0.0000 0.9993
vn -0.9993 -0.0000 0.0375
vn -0.0808 -0.0000 -0.9967
vn -0.9997 -0.0000 0.0226
vn 0.0034 -0.0000 1.0000
vn -1.0000 -0.0000 0.0034
vn -0.2830 -0.0000 -0.9591
vn 0.0476 -0.0000 0.9989
vn -0.9989 -0.0000 0.0462
vn -0.9989 -0.0000 0.0463
vn 0.0459 -0.0000 0.9989
vn 0.9989 -0.0000 -0.0464
vn 0.0489 -0.0000 0.9988
vn 0.9988 -0.0000 -0.0488
vn 0.0471 -0.0000 0.9989
vn 0.9987 -0.0000 -0.0514
vn -0.0485 -0.0000 -0.9988
vn 0.9985 -0.0000 -0.0553
vn -0.0554 -0.0000 -0.9985
vn 0.9983 -0.0000 -0.0577
vn 0.0583 -0.0000 0.9983
vn 0.9982 -0.0000 -0.0595
vn 0.0614 -0.0000 0.9981
vn 0.9981 -0.0000 -0.0621
vn -0.0615 -0.0000 -0.9981
vn 0.9981 -0.0000 -0.0609
vn 0.4758 -0.0000 0.8796
vn 0.9993 -0.0000 -0.0368
vn -0.0372 -0.0000 -0.9993
vn -0.9993 -0.0000 0.0380
vn -0.0357 -0.0000 -0.9994
vn -0.9994 -0.0000 0.0356
vn 0.0327 -0.0000 0.9995
vn -0.9995 -0.0000 0.0323
vn -0.0285 -0.0000 -0.9996
vn -0.9995 -0.0000 0.0307
vn 0.0306 -0.0000 0.9995
vn -0.9996 -0.0000 0.0296
vn -0.4612 -0.0000 -0.8873
vn -0.9982 -0.0000 0.0602
vn 0.0601 -0.0000 0.9982
vn 0.9982 -0.0000 -0.0597
vn 0.0594 -0.0000 0.9982
vn 0.9983 -0.0000 -0.0580
vn -0.0564 -0.0000 -0.9984
vn 0.9984 -0.0000 -0.0566
vn 0.0511 -0.0000 0.9987
vn 0.9987 -0.0000 -0.0507
vn -0.0491 -0.0000 -0.9988
vn 0.9991 -0.0000 -0.0423
vn 0.0411 -0.0000 0.9992
vn 0.9992 -0.0000 -0.0397
vn -0.9998 -0.0000 0.0211
vn 0.0218 -0.0000 0.9998
vn -0.9998 -0.0000 0.0209
vn -0.0216 -0.0000 -0.9998
vn -0.9998 -0.0000 0.0207
vn 0.0209 -0.0000 0.9998
vn 0.9998 -0.0000 -0.0210
vn 0.9998 -0.0000 -0.0213
vn -0.0202 -0.0000 -0.9998
vn -0.0203 -0.0000 -0.9998
vn -0.9986 -0.0000 0.0528
vn 0.0515 -0.0000 0.9987
vn -0.9986 -0.0000 0.0535
vn -0.0528 -0.0000 -0.9986
vn -0.9986 -0.0000 0.0525
vn 0.0530 -0.0000 0.9986
vn 0.9986 -0.0000 -0.0525
vn 0.0507 -0.0000 0.9987
vn 0.9986 -0.0000 -0.0524
vn -0.0532 -0.0000 -0.9986
vn 0.9986 -0.0000 -0.0520
vn -0.0529 -0.0000 -0.9986
vn -0.9991 -0.0000 0.0436
vn -0.0427 -0.0000 -0.9991
vn -0.9991 -0.0000 0.0430
vn 0.0436 -0.0000 0.9990
vn -0.9991 -0.0000 0.0432
vn 0.0430 -0.0000 0.9991
vn 0.9991 -0.0000 -0.0435
vn -0.0422 -0.0000 -0.9991
vn 0.9991 -0.0000 -0.0433
vn 0.9991 -0.0000 -0.0432
vn -0.0439 -0.0000 -0.9990
vn -0.9999 -0.0000 0.0109
vn 0.0106 -0.0000 0.9999
vn -0.9999 -0.0000 0.0110
vn -0.0117 -0.0000 -0.9999
vn -0.9999 -0.0000 0.0112
vn 0.0111 -0.0000 0.9999
vn 0.9999 -0.0000 -0.0107
vn 0.0104 -0.0000 0.9999
vn -0.0106 -0.0000 -0.9999
vn 0.9999 -0.0000 -0.0108
vn -0.0112 -0.0000 -0.9999
vn -0.9988 -0.0000 0.0497
vn -0.0516 -0.0000 -0.9987
vn -0.9987 -0.0000 0.0504
vn 0.0497 -0.0000 0.9988
vn 0.9987 -0.0000 -0.0505
vn -0.0512 -0.0000 -0.9987
vn 0.9987 -0.0000 -0.0502
vn 0.9987 -0.0000 -0.0501
vn -0.0498 -0.0000 -0.9988
vn -0.9996 -0.0000 0.0276
vn -0.0272 -0.0000 -0.9996
vn -0.0271 -0.0000 -0.9996
vn -0.9996 -0.0000 0.0271
vn 0.0274 -0.0000 0.9996
vn -0.9996 -0.0000 0.0274
vn 0.0303 -0.0000 0.9995
vn -0.9996 -0.0000 0.0277
vn 0.0271 -0.0000 0.9996
vn 0.9996 -0.0000 -0.0275
vn -0.0275 -0.0000 -0.9996
vn 0.9996 -0.0000 -0.0283
vn 0.0282 -0.0000 0.9996
vn 0.9996 -0.0000 -0.0273
vn -0.9999 -0.0000 0.0118
vn 0.0063 -0.0000 1.0000
vn 0.9999 -0.0000 -0.0119
vn -0.0034 -0.0000 -1.0000
vn -0.9999 -0.0000 -0.0148
vn -0.0146 -0.0000 0.9999
vn 0.9999 -0.0000 0.0148
vn 0.0146 -0.0000 -0.9999
vn 0.0152 -0.0000 0.9999
vn -0.9986 -0.0000 0.0532
vn 0.0359 -0.0000 -0.9994
vn -0.9991 -0.0000 -0.0434
vn 0.0403 -0.0000 0.9992
vn 1.0000 -0.0000 0.0078
vn 0.9998 -0.0000 -0.0185
vn -0.0179 -0.0000 -0.9998
vn -0.9998 -0.0000 0.0182
vn 0.0185 -0.0000 0.9998
vn 0.9998 -0.0000 -0.0182
vn 0.0194 -0.0000 0.9998
vn -0.9998 -0.0000 0.0183
vn 0.0188 -0.0000 0.9998
vn -0.0191 -0.0000 -0.9998
vn -0.9994 -0.0000 0.0334
vn 0.0339 -0.0000 0.9994
vn 0.9994 -0.0000 -0.0347
vn -0.0350 -0.0000 -0.9994
vn -0.0342 -0.0000 -0.9994
vn -0.9994 -0.0000 0.0344
vn -0.0339 -0.0000 -0.9994
vn -0.9164 -0.0000 0.4003
vn 0.0722 -0.0000 0.9974
vn -0.0254 -0.0000 -0.9997
vn -0.9971 -0.0000 0.0760
vt 0.000000 1.000000
vt 0.200000 1.000000
vt 0.200000 0.000000
vt 0.000000 0.000000
vt 0.400000 1.000000
vt 0.400000 0.000000
vt 0.600000 1.000000
vt 0.600000 0.000000
vt 0.800000 1.000000
vt 0.800000 0.000000
vt 1.000000 1.000000
vt 1.000000 0.000000
vt 0.066667 1.000000
vt 0.066667 0.000000
vt 0.133333 1.000000
vt 0.133333 0.000000
vt 0.266667 1.000000
vt 0.266667 0.000000
vt 0.333333 1.000000
vt 0.333333 0.000000
vt 0.466667 1.000000
vt 0.466667 0.000000
vt 0.533333 1.000000
vt 0.533333 0.000000
vt 0.666667 1.000000
vt 0.666667 0.000000
vt 0.733333 1.000000
vt 0.733333 0.000000
vt 0.866667 1.000000
vt 0.866667 0.000000
vt 0.933333 1.000000
vt 0.933333 0.000000
vt 0.062500 1.000000
vt 0.062500 0.000000
vt 0.125000 1.000000
vt 0.125000 0.000000
vt 0.187500 1.000000
vt 0.187500 0.000000
vt 0.250000 1.000000
vt 0.250000 0.000000
vt 0.312500 1.000000
vt 0.312500 0.000000
vt 0.375000 1.000000
vt 0.375000 0.000000
vt 0.437500 1.000000
vt 0.437500 0.000000
vt 0.500000 1.000000
vt 0.500000 0.000000
vt 0.562500 1.000000
vt 0.562500 0.000000
vt 0.625000 1.000000
vt 0.625000 0.000000
vt 0.687500 1.000000
vt 0.687500 0.000000
vt 0.750000 1.000000
vt 0.750000 0.000000
vt 0.812500 1.000000
vt 0.812500 0.000000
vt 0.875000 1.000000
vt 0.875000 0.000000
vt 0.937500 1.000000
vt 0.937500 0.000000
vt 0.041667 1.000000
vt 0.041667 0.000000
vt 0.083333 1.000000
vt 0.083333 0.000000
vt 0.166667 1.000000
vt 0.166667 0.000000
vt 0.208333 1.000000
vt 0.208333 0.000000
vt 0.291667 1.000000
vt 0.291667 0.000000
vt 0.416667 1.000000
vt 0.416667 0.000000
vt 0.458333 1.000000
vt 0.458333 0.000000
vt 0.541667 1.000000
vt 0.541667 0.000000
vt 0.583333 1.000000
vt 0.583333 0.000000
vt 0.708333 1.000000
vt 0.708333 0.000000
vt 0.791667 1.000000
vt 0.791667 0.000000
vt 0.833333 1.000000
vt 0.833333 0.000000
vt 0.916667 1.000000
vt 0.916667 0.000000
vt 0.958333 1.000000
vt 0.958333 0.000000
vt 0.043478 1.000000
vt 0.043478 0.000000
vt 0.086957 1.000000
vt 0.086957 0.000000
vt 0.130435 1.000000
vt 0.130435 0.000000
vt 0.173913 1.000000
vt 0.173913 0.000000
vt 0.217391 1.000000
vt 0.217391 0.000000
vt 0.260870 1.000000
vt 0.260870 0.000000
vt 0.304348 1.000000
vt 0.304348 0.000000
vt 0.347826 1.000000
vt 0.347826 0.000000
vt 0.391304 1.000000
vt 0.391304 0.000000
vt 0.434783 1.000000
vt 0.434783 0.000000
vt 0.478261 1.000000
vt 0.478261 0.000000
vt 0.521739 1.000000
vt 0.521739 0.000000
vt 0.565217 1.000000
vt 0.565217 0.000000
vt 0.608696 1.000000
vt 0.608696 0.000000
vt 0.652174 1.000000
vt 0.652174 0.000000
vt 0.695652 1.000000
vt 0.695652 0.000000
vt 0.739130 1.000000
vt 0.739130 0.000000
vt 0.782609 1.000000
vt 0.782609 0.000000
vt 0.826087 1.000000
vt 0.826087 0.000000
vt 0.869565 1.000000
vt 0.869565 0.000000
vt 0.913043 1.000000
vt 0.913043 0.000000
vt 0.956522 1.000000
vt 0.956522 0.000000
vt 0.142857 1.000000
vt 0.142857 0.000000
vt 0.285714 1.000000
vt 0.285714 0.000000
vt 0.428571 1.000000
vt 0.428571 0.000000
vt 0.571429 1.000000
vt 0.571429 0.000000
vt 0.714286 1.000000
vt 0.714286 0.000000
vt 0.857143 1.000000
vt 0.857143 0.000000
vt 0.037037 1.000000
vt 0.037037 0.000000
vt 0.074074 1.000000
vt 0.074074 0.000000
vt 0.111111 1.000000
vt 0.111111 0.000000
vt 0.148148 1.000000
vt 0.148148 0.000000
vt 0.185185 1.000000
vt 0.185185 0.000000
vt 0.222222 1.000000
vt 0.222222 0.000000
vt 0.259259 1.000000
vt 0.259259 0.000000
vt 0.296296 1.000000
vt 0.296296 0.000000
vt 0.370370 1.000000
vt 0.370370 0.000000
vt 0.407407 1.000000
vt 0.407407 0.000000
vt 0.444444 1.000000
vt 0.444444 0.000000
vt 0.481481 1.000000
vt 0.481481 0.000000
vt 0.518519 1.000000
vt 0.518519 0.000000
vt 0.555556 1.000000
vt 0.555556 0.000000
vt 0.592593 1.000000
vt 0.592593 0.000000
vt 0.629630 1.000000
vt 0.629630 0.000000
vt 0.703704 1.000000
vt 0.703704 0.000000
vt 0.740741 1.000000
vt 0.740741 0.000000
vt 0.777778 1.000000
vt 0.777778 0.000000
vt 0.814815 1.000000
vt 0.814815 0.000000
vt 0.851852 1.000000
vt 0.851852 0.000000
vt 0.888889 1.000000
vt 0.888889 0.000000
vt 0.925926 1.000000
vt 0.925926 0.000000
vt 0.962963 1.000000
vt 0.962963 0.000000
vt 0.090909 1.000000
vt 0.090909 0.000000
vt 0.181818 1.000000
vt 0.181818 0.000000
vt 0.272727 1.000000
vt 0.272727 0.000000
vt 0.363636 1.000000
vt 0.363636 0.000000
vt 0.454545 1.000000
vt 0.454545 0.000000
vt 0.545455 1.000000
vt 0.545455 0.000000
vt 0.636364 1.000000
vt 0.636364 0.000000
vt 0.727273 1.000000
vt 0.727273 0.000000
vt 0.818182 1.000000
vt 0.818182 0.000000
vt 0.909091 1.000000
vt 0.909091 0.000000
vt 0.076923 1.000000
vt 0.076923 0.000000
vt 0.153846 1.000000
vt 0.153846 0.000000
vt 0.230769 1.000000
vt 0.230769 0.000000
vt 0.307692 1.000000
vt 0.307692 0.000000
vt 0.384615 1.000000
vt 0.384615 0.000000
vt 0.461538 1.000000
vt 0.461538 0.000000
vt 0.538462 1.000000
vt 0.538462 0.000000
vt 0.615385 1.000000
vt 0.615385 0.000000
vt 0.692308 1.000000
vt 0.692308 0.000000
vt 0.769231 1.000000
vt 0.769231 0.000000
vt 0.846154 1.000000
vt 0.846154 0.000000
vt 0.923077 1.000000
vt 0.923077 0.000000
vt 0.033333 1.000000
vt 0.033333 0.000000
vt 0.100000 1.000000
vt 0.100000 0.000000
vt 0.233333 1.000000
vt 0.233333 0.000000
vt 0.300000 1.000000
vt 0.300000 0.000000
vt 0.366667 1.000000
vt 0.366667 0.000000
vt 0.433333 1.000000
vt 0.433333 0.000000
vt 0.566667 1.000000
vt 0.566667 0.000000
vt 0.633333 1.000000
vt 0.633333 0.000000
vt 0.700000 1.000000
vt 0.700000 0.000000
vt 0.766667 1.000000
vt 0.766667 0.000000
vt 0.900000 1.000000
vt 0.900000 0.000000
vt 0.966667 1.000000
vt 0.966667 0.000000
vt 0.027778 1.000000
vt 0.027778 0.000000
vt 0.055556 1.000000
vt 0.055556 0.000000
vt 0.138889 1.000000
vt 0.138889 0.000000
vt 0.194444 1.000000
vt 0.194444 0.000000
vt 0.277778 1.000000
vt 0.277778 0.000000
vt 0.305556 1.000000
vt 0.305556 0.000000
vt 0.361111 1.000000
vt 0.361111 0.000000
vt 0.388889 1.000000
vt 0.388889 0.000000
vt 0.472222 1.000000
vt 0.472222 0.000000
vt 0.527778 1.000000
vt 0.527778 0.000000
vt 0.611111 1.000000
vt 0.611111 0.000000
vt 0.638889 1.000000
vt 0.638889 0.000000
vt 0.694444 1.000000
vt 0.694444 0.000000
vt 0.722222 1.000000
vt 0.722222 0.000000
vt 0.805556 1.000000
vt 0.805556 0.000000
vt 0.861111 1.000000
vt 0.861111 0.000000
vt 0.944444 1.000000
vt 0.944444 0.000000
vt 0.972222 1.000000
vt 0.972222 0.000000
s 1
usemtl roads_service
f 2/1/1 4/2/1 3/3/1 1/4/1
f 4/2/1 6/5/1 5/6/1 3/3/1
f 6/5/1 8/7/1 7/8/1 5/6/1
f 8/7/1 10/9/1 9/10/1 7/8/1
f 10/9/1 12/11/1 11/12/1 9/10/1
f 14/1/1 16/2/1 15/3/1 13/4/1
f 16/2/1 18/5/1 17/6/1 15/3/1
f 18/5/1 20/7/1 19/8/1 17/6/1
f 20/7/1 22/9/1 21/10/1 19/8/1
f 22/9/1 24/11/1 23/12/1 21/10/1
f 26/1/1 28/11/1 27/12/1 25/4/1
f 30/1/1 32/13/1 31/14/1 29/4/1
f 32/13/1 34/15/1 33/16/1 31/14/1
f 34/15/1 36/2/1 35/3/1 33/16/1
f 36/2/1 38/17/1 37/18/1 35/3/1
f 38/17/1 40/19/1 39/20/1 37/18/1
f 40/19/1 42/5/1 41/6/1 39/20/1
f 42/5/1 44/21/1 43/22/1 41/6/1
f 44/21/1 46/23/1 45/24/1 43/22/1
f 46/23/1 48/7/1 47/8/1 45/24/1
f 48/7/1 50/25/1 49/26/1 47/8/1
f 50/25/1 52/27/1 51/28/1 49/26/1
f 52/27/1 54/9/1 53/10/1 51/28/1
f 54/9/1 56/29/1 55/30/1 53/10/1
f 56/29/1 58/31/1 57/32/1 55/30/1
f 58/31/1 60/11/1 59/12/1 57/32/1
f 62/1/1 64/33/1 63/34/1 61/4/1
f 64/33/1 66/35/1 65/36/1 63/34/1
f 66/35/1 68/37/1 67/38/1 65/36/1
f 68/37/1 70/39/1 69/40/1 67/38/1
f 70/39/1 72/41/1 71/42/1 69/40/1
f 72/41/1 74/43/1 73/44/1 71/42/1
f 74/43/1 76/45/1 75/46/1 73/44/1
f 76/45/1 78/47/1 77/48/1 75/46/1
f 78/47/1 80/49/1 79/50/1 77/48/1
f 80/49/1 82/51/1 81/52/1 79/50/1
f 82/51/1 84/53/1 83/54/1 81/52/1
f 84/53/1 86/55/1 85/56/1 83/54/1
f 86/55/1 88/57/1 87/58/1 85/56/1
f 88/57/1 90/59/1 89/60/1 87/58/1
f 90/59/1 92/61/1 91/62/1 89/60/1
f 92/61/1 94/11/1 93/12/1 91/62/1
f 96/1/1 98/11/1 97/12/1 95/4/1
f 100/1/1 102/63/1 101/64/1 99/4/1
f 102/63/1 104/65/1 103/66/1 101/64/1
f 104/65/1 106/35/1 105/36/1 103/66/1
f 106/35/1 108/67/1 107/68/1 105/36/1
f 108/67/1 110/69/1 109/70/1 107/68/1
f 110/69/1 112/39/1 111/40/1 109/70/1
f 112/39/1 114/71/1 113/72/1 111/40/1
f 114/71/1 116/19/1 115/20/1 113/72/1
f 116/19/1 118/43/1 117/44/1 115/20/1
f 118/43/1 120/73/1 119/74/1 117/44/1
f 120/73/1 122/75/1 121/76/1 119/74/1
f 122/75/1 124/47/1 123/48/1 121/76/1
f 124/47/1 126/77/1 125/78/1 123/48/1
f 126/77/1 128/79/1 127/80/1 125/78/1
f 128/79/1 130/51/1 129/52/1 127/80/1
f 130/51/1 132/25/1 131/26/1 129/52/1
f 132/25/1 134/81/1 133/82/1 131/26/1
f 134/81/1 136/55/1 135/56/1 133/82/1
f 136/55/1 138/83/1 137/84/1 135/56/1
f 138/83/1 140/85/1 139/86/1 137/84/1
f 140/85/1 142/59/1 141/60/1 139/86/1
f 142/59/1 144/87/1 143/88/1 141/60/1
f 144/87/1 146/89/1 145/90/1 143/88/1
f 146/89/1 148/11/1 147/12/1 145/90/1
f 150/1/1 152/65/1 151/66/1 149/4/1
f 152/65/1 154/67/1 153/68/1 151/66/1
f 154/67/1 156/39/1 155/40/1 153/68/1
f 156/39/1 158/19/1 157/20/1 155/40/1
f 158/19/1 160/73/1 159/74/1 157/20/1
f 160/73/1 162/47/1 161/48/1 159/74/1
f 162/47/1 164/79/1 163/80/1 161/48/1
f 164/79/1 166/25/1 165/26/1 163/80/1
f 166/25/1 168/55/1 167/56/1 165/26/1
f 168/55/1 170/85/1 169/86/1 167/56/1
f 170/85/1 172/87/1 171/88/1 169/86/1
f 172/87/1 174/11/1 173/12/1 171/88/1
f 176/1/1 178/11/1 177/12/1 175/4/1
f 180/1/1 182/11/1 181/12/1 179/4/1
f 184/1/1 186/11/1 185/12/1 183/4/1
f 188/1/1 190/2/1 189/3/1 187/4/1
f 190/2/1 192/5/1 191/6/1 189/3/1
f 192/5/1 194/7/1 193/8/1 191/6/1
f 194/7/1 196/9/1 195/10/1 193/8/1
f 196/9/1 198/11/1 197/12/1 195/10/1
f 200/1/1 202/33/1 201/34/1 199/4/1
f 202/33/1 204/35/1 203/36/1 201/34/1
f 204/35/1 206/37/1 205/38/1 203/36/1
f 206/37/1 208/39/1 207/40/1 205/38/1
f 208/39/1 210/41/1 209/42/1 207/40/1
f 210/41/1 212/43/1 211/44/1 209/42/1
f 212/43/1 214/45/1 213/46/1 211/44/1
f 214/45/1 216/47/1 215/48/1 213/46/1
f 216/47/1 218/49/1 217/50/1 215/48/1
f 218/49/1 220/51/1 219/52/1 217/50/1
f 220/51/1 222/53/1 221/54/1 219/52/1
f 222/53/1 224/55/1 223/56/1 221/54/1
f 224/55/1 226/57/1 225/58/1 223/56/1
f 226/57/1 228/59/1 227/60/1 225/58/1
f 228/59/1 230/61/1 229/62/1 227/60/1
f 230/61/1 232/11/1 231/12/1 229/62/1
f 234/1/1 236/35/1 235/36/1 233/4/1
f 236/35/1 238/39/1 237/40/1 235/36/1
f 238/39/1 240/43/1 239/44/1 237/40/1
f 240/43/1 242/47/1 241/48/1 239/44/1
f 242/47/1 244/51/1 243/52/1 241/48/1
f 244/51/1 246/55/1 245/56/1 243/52/1
f 246/55/1 248/59/1 247/60/1 245/56/1
f 248/59/1 250/11/1 249/12/1 247/60/1
f 252/1/1 254/67/1 253/68/1 251/4/1
f 254/67/1 256/19/1 255/20/1 253/68/1
f 256/19/1 258/47/1 257/48/1 255/20/1
f 258/47/1 260/25/1 259/26/1 257/48/1
f 260/25/1 262/85/1 261/86/1 259/26/1
f 262/85/1 264/11/1 263/12/1 261/86/1
f 266/1/1 268/91/1 267/92/1 265/4/1
f 268/91/1 270/93/1 269/94/1 267/92/1
f 270/93/1 272/95/1 271/96/1 269/94/1
f 272/95/1 274/97/1 273/98/1 271/96/1
f 274/97/1 276/99/1 275/100/1 273/98/1
f 276/99/1 278/101/1 277/102/1 275/100/1
f 278/101/1 280/103/1 279/104/1 277/102/1
f 280/103/1 282/105/1 281/106/1 279/104/1
f 282/105/1 284/107/1 283/108/1 281/106/1
f 284/107/1 286/109/1 285/110/1 283/108/1
f 286/109/1 288/111/1 287/112/1 285/110/1
f 288/111/1 290/113/1 289/114/1 287/112/1
f 290/113/1 292/115/1 291/116/1 289/114/1
f 292/115/1 294/117/1 293/118/1 291/116/1
f 294/117/1 296/119/1 295/120/1 293/118/1
f 296/119/1 298/121/1 297/122/1 295/120/1
f 298/121/1 300/123/1 299/124/1 297/122/1
f 300/123/1 302/125/1 301/126/1 299/124/1
f 302/125/1 304/127/1 303/128/1 301/126/1
f 304/127/1 306/129/1 305/130/1 303/128/1
f 306/129/1 308/131/1 307/132/1 305/130/1
f 308/131/1 310/133/1 309/134/1 307/132/1
f 310/133/1 312/11/1 311/12/1 309/134/1
f 314/1/1 316/135/1 315/136/1 313/4/1
f 316/135/1 318/137/1 317/138/1 315/136/1
f 318/137/1 320/139/1 319/140/1 317/138/1
f 320/139/1 322/141/1 321/142/1 319/140/1
f 322/141/1 324/143/1 323/144/1 321/142/1
f 324/143/1 326/145/1 325/146/1 323/144/1
f 326/145/1 328/11/1 327/12/1 325/146/1
f 330/1/1 332/147/1 331/148/1 329/4/1
f 332/147/1 334/149/1 333/150/1 331/148/1
f 334/149/1 336/151/1 335/152/1 333/150/1
f 336/151/1 338/153/1 337/154/1 335/152/1
f 338/153/1 340/155/1 339/156/1 337/154/1
f 340/155/1 342/157/1 341/158/1 339/156/1
f 342/157/1 344/159/1 343/160/1 341/158/1
f 344/159/1 346/161/1 345/162/1 343/160/1
f 346/161/1 348/19/1 347/20/1 345/162/1
f 348/19/1 350/163/1 349/164/1 347/20/1
f 350/163/1 352/165/1 351/166/1 349/164/1
f 352/165/1 354/167/1 353/168/1 351/166/1
f 354/167/1 356/169/1 355/170/1 353/168/1
f 356/169/1 358/171/1 357/172/1 355/170/1
f 358/171/1 360/173/1 359/174/1 357/172/1
f 360/173/1 362/175/1 361/176/1 359/174/1
f 362/175/1 364/177/1 363/178/1 361/176/1
f 364/177/1 366/25/1 365/26/1 363/178/1
f 366/25/1 368/179/1 367/180/1 365/26/1
f 368/179/1 370/181/1 369/182/1 367/180/1
f 370/181/1 372/183/1 371/184/1 369/182/1
f 372/183/1 374/185/1 373/186/1 371/184/1
f 374/185/1 376/187/1 375/188/1 373/186/1
f 376/187/1 378/189/1 377/190/1 375/188/1
f 378/189/1 380/191/1 379/192/1 377/190/1
f 380/191/1 382/193/1 381/194/1 379/192/1
f 382/193/1 384/11/1 383/12/1 381/194/1
f 386/1/1 388/195/1 387/196/1 385/4/1
f 388/195/1 390/197/1 389/198/1 387/196/1
f 390/197/1 392/199/1 391/200/1 389/198/1
f 392/199/1 394/201/1 393/202/1 391/200/1
f 394/201/1 396/203/1 395/204/1 393/202/1
f 396/203/1 398/205/1 397/206/1 395/204/1
f 398/205/1 400/207/1 399/208/1 397/206/1
f 400/207/1 402/209/1 401/210/1 399/208/1
f 402/209/1 404/211/1 403/212/1 401/210/1
f 404/211/1 406/213/1 405/214/1 403/212/1
f 406/213/1 408/11/1 407/12/1 405/214/1
f 410/1/1 412/11/1 411/12/1 409/4/1
f 414/1/1 416/11/1 415/12/1 413/4/1
f 418/1/1 420/11/1 419/12/1 417/4/1
f 422/1/1 424/11/1 423/12/1 421/4/1
f 426/1/1 428/35/1 427/36/1 425/4/1
f 428/35/1 430/39/1 429/40/1 427/36/1
f 430/39/1 432/43/1 431/44/1 429/40/1
f 432/43/1 434/47/1 433/48/1 431/44/1
f 434/47/1 436/51/1 435/52/1 433/48/1
f 436/51/1 438/55/1 437/56/1 435/52/1
f 438/55/1 440/59/1 439/60/1 437/56/1
f 440/59/1 442/11/1 441/12/1 439/60/1
f 444/1/1 446/11/1 445/12/1 443/4/1
f 448/1/1 450/47/1 449/48/1 447/4/1
f 450/47/1 452/11/1 451/12/1 449/48/1
f 454/1/1 456/67/1 455/68/1 453/4/1
f 456/67/1 458/19/1 457/20/1 455/68/1
f 458/19/1 460/47/1 459/48/1 457/20/1
f 460/47/1 462/25/1 461/26/1 459/48/1
f 462/25/1 464/85/1 463/86/1 461/26/1
f 464/85/1 466/11/1 465/12/1 463/86/1
f 468/1/1 470/11/1 469/12/1 467/4/1
f 472/1/1 474/35/1 473/36/1 471/4/1
f 474/35/1 476/39/1 475/40/1 473/36/1
f 476/39/1 478/43/1 477/44/1 475/40/1
f 478/43/1 480/47/1 479/48/1 477/44/1
f 480/47/1 482/51/1 481/52/1 479/48/1
f 482/51/1 484/55/1 483/56/1 481/52/1
f 484/55/1 486/59/1 485/60/1 483/56/1
f 486/59/1 488/11/1 487/12/1 485/60/1
f 490/1/1 492/215/1 491/216/1 489/4/1
f 492/215/1 494/217/1 493/218/1 491/216/1
f 494/217/1 496/219/1 495/220/1 493/218/1
f 496/219/1 498/221/1 497/222/1 495/220/1
f 498/221/1 500/223/1 499/224/1 497/222/1
f 500/223/1 502/225/1 501/226/1 499/224/1
f 502/225/1 504/227/1 503/228/1 501/226/1
f 504/227/1 506/229/1 505/230/1 503/228/1
f 506/229/1 508/231/1 507/232/1 505/230/1
f 508/231/1 510/233/1 509/234/1 507/232/1
f 510/233/1 512/235/1 511/236/1 509/234/1
f 512/235/1 514/237/1 513/238/1 511/236/1
f 514/237/1 516/11/1 515/12/1 513/238/1
f 518/1/1 520/13/1 519/14/1 517/4/1
f 520/13/1 522/15/1 521/16/1 519/14/1
f 522/15/1 524/2/1 523/3/1 521/16/1
f 524/2/1 526/17/1 525/18/1 523/3/1
f 526/17/1 528/19/1 527/20/1 525/18/1
f 528/19/1 530/5/1 529/6/1 527/20/1
f 530/5/1 532/21/1 531/22/1 529/6/1
f 532/21/1 534/23/1 533/24/1 531/22/1
f 534/23/1 536/7/1 535/8/1 533/24/1
f 536/7/1 538/25/1 537/26/1 535/8/1
f 538/25/1 540/27/1 539/28/1 537/26/1
f 540/27/1 542/9/1 541/10/1 539/28/1
f 542/9/1 544/29/1 543/30/1 541/10/1
f 544/29/1 546/31/1 545/32/1 543/30/1
f 546/31/1 548/11/1 547/12/1 545/32/1
f 550/1/1 552/239/1 551/240/1 549/4/1
f 552/239/1 554/13/1 553/14/1 551/240/1
f 554/13/1 556/241/1 555/242/1 553/14/1
f 556/241/1 558/15/1 557/16/1 555/242/1
f 558/15/1 560/67/1 559/68/1 557/16/1
f 560/67/1 562/2/1 561/3/1 559/68/1
f 562/2/1 564/243/1 563/244/1 561/3/1
f 564/243/1 566/17/1 565/18/1 563/244/1
f 566/17/1 568/245/1 567/246/1 565/18/1
f 568/245/1 570/19/1 569/20/1 567/246/1
f 570/19/1 572/247/1 571/248/1 569/20/1
f 572/247/1 574/5/1 573/6/1 571/248/1
f 574/5/1 576/249/1 575/250/1 573/6/1
f 576/249/1 578/21/1 577/22/1 575/250/1
f 578/21/1 580/47/1 579/48/1 577/22/1
f 580/47/1 582/23/1 581/24/1 579/48/1
f 582/23/1 584/251/1 583/252/1 581/24/1
f 584/251/1 586/7/1 585/8/1 583/252/1
f 586/7/1 588/253/1 587/254/1 585/8/1
f 588/253/1 590/25/1 589/26/1 587/254/1
f 590/25/1 592/255/1 591/256/1 589/26/1
f 592/255/1 594/27/1 593/28/1 591/256/1
f 594/27/1 596/257/1 595/258/1 593/28/1
f 596/257/1 598/9/1 597/10/1 595/258/1
f 598/9/1 600/85/1 599/86/1 597/10/1
f 600/85/1 602/29/1 601/30/1 599/86/1
f 602/29/1 604/259/1 603/260/1 601/30/1
f 604/259/1 606/31/1 605/32/1 603/260/1
f 606/31/1 608/261/1 607/262/1 605/32/1
f 608/261/1 610/11/1 609/12/1 607/262/1
f 612/1/1 614/19/1 613/20/1 611/4/1
f 614/19/1 616/25/1 615/26/1 613/20/1
f 616/25/1 618/11/1 617/12/1 615/26/1
f 620/1/1 622/11/1 621/12/1 619/4/1
f 624/1/1 626/11/1 625/12/1 623/4/1
f 628/1/1 630/11/1 629/12/1 627/4/1
f 632/1/1 634/47/1 633/48/1 631/4/1
f 634/47/1 636/11/1 635/12/1 633/48/1
f 638/1/1 640/47/1 639/48/1 637/4/1
f 640/47/1 642/11/1 641/12/1 639/48/1
f 644/1/1 646/39/1 645/40/1 643/4/1
f 646/39/1 648/47/1 647/48/1 645/40/1
f 648/47/1 650/55/1 649/56/1 647/48/1
f 650/55/1 652/11/1 651/12/1 649/56/1
f 654/1/1 656/19/1 655/20/1 653/4/1
f 656/19/1 658/25/1 657/26/1 655/20/1
f 658/25/1 660/11/1 659/12/1 657/26/1
f 662/1/1 664/2/1 663/3/1 661/4/1
f 664/2/1 666/5/1 665/6/1 663/3/1
f 666/5/1 668/7/1 667/8/1 665/6/1
f 668/7/1 670/9/1 669/10/1 667/8/1
f 670/9/1 672/11/1 671/12/1 669/10/1
f 674/1/1 676/35/1 675/36/1 673/4/1
f 676/35/1 678/39/1 677/40/1 675/36/1
f 678/39/1 680/43/1 679/44/1 677/40/1
f 680/43/1 682/47/1 681/48/1 679/44/1
f 682/47/1 684/51/1 683/52/1 681/48/1
f 684/51/1 686/55/1 685/56/1 683/52/1
f 686/55/1 688/59/1 687/60/1 685/56/1
f 688/59/1 690/11/1 689/12/1 687/60/1
f 692/1/1 694/11/1 693/12/1 691/4/1
f 696/1/1 698/47/1 697/48/1 695/4/1
f 698/47/1 700/11/1 699/12/1 697/48/1
f 702/1/1 704/47/1 703/48/1 701/4/1
f 704/47/1 706/11/1 705/12/1 703/48/1
f 708/1/1 710/47/1 709/48/1 707/4/1
f 710/47/1 712/11/1 711/12/1 709/48/1
f 714/1/1 716/39/1 715/40/1 713/4/1
f 716/39/1 718/47/1 717/48/1 715/40/1
f 718/47/1 720/55/1 719/56/1 717/48/1
f 720/55/1 722/11/1 721/12/1 719/56/1
f 724/1/1 726/47/1 725/48/1 723/4/1
f 726/47/1 728/11/1 727/12/1 725/48/1
f 730/1/1 732/11/1 731/12/1 729/4/1
f 734/1/1 736/39/1 735/40/1 733/4/1
f 736/39/1 738/47/1 737/48/1 735/40/1
f 738/47/1 740/55/1 739/56/1 737/48/1
f 740/55/1 742/11/1 741/12/1 739/56/1
f 744/1/1 746/11/1 745/12/1 743/4/1
f 748/1/1 750/47/1 749/48/1 747/4/1
f 750/47/1 752/11/1 751/12/1 749/48/1
f 754/1/1 756/19/1 755/20/1 753/4/1
f 756/19/1 758/25/1 757/26/1 755/20/1
f 758/25/1 760/11/1 759/12/1 757/26/1
f 762/1/1 764/11/1 763/12/1 761/4/1
f 766/1/1 768/19/1 767/20/1 765/4/1
f 768/19/1 770/25/1 769/26/1 767/20/1
f 770/25/1 772/11/1 771/12/1 769/26/1
f 774/1/1 776/19/1 775/20/1 773/4/1
f 776/19/1 778/25/1 777/26/1 775/20/1
f 778/25/1 780/11/1 779/12/1 777/26/1
f 782/1/1 784/263/1 783/264/1 781/4/1
f 784/263/1 786/265/1 785/266/1 783/264/1
f 786/265/1 788/65/1 787/66/1 785/266/1
f 788/65/1 790/151/1 789/152/1 787/66/1
f 790/151/1 792/267/1 791/268/1 789/152/1
f 792/267/1 794/67/1 793/68/1 791/268/1
f 794/67/1 796/269/1 795/270/1 793/68/1
f 796/269/1 798/157/1 797/158/1 795/270/1
f 798/157/1 800/39/1 799/40/1 797/158/1
f 800/39/1 802/271/1 801/272/1 799/40/1
f 802/271/1 804/273/1 803/274/1 801/272/1
f 804/273/1 806/19/1 805/20/1 803/274/1
f 806/19/1 808/275/1 807/276/1 805/20/1
f 808/275/1 810/277/1 809/278/1 807/276/1
f 810/277/1 812/73/1 811/74/1 809/278/1
f 812/73/1 814/167/1 813/168/1 811/74/1
f 814/167/1 816/279/1 815/280/1 813/168/1
f 816/279/1 818/47/1 817/48/1 815/280/1
f 818/47/1 820/281/1 819/282/1 817/48/1
f 820/281/1 822/173/1 821/174/1 819/282/1
f 822/173/1 824/79/1 823/80/1 821/174/1
f 824/79/1 826/283/1 825/284/1 823/80/1
f 826/283/1 828/285/1 827/286/1 825/284/1
f 828/285/1 830/25/1 829/26/1 827/286/1
f 830/25/1 832/287/1 831/288/1 829/26/1
f 832/287/1 834/289/1 833/290/1 831/288/1
f 834/289/1 836/55/1 835/56/1 833/290/1
f 836/55/1 838/183/1 837/184/1 835/56/1
f 838/183/1 840/291/1 839/292/1 837/184/1
f 840/291/1 842/85/1 841/86/1 839/292/1
f 842/85/1 844/293/1 843/294/1 841/86/1
f 844/293/1 846/189/1 845/190/1 843/294/1
f 846/189/1 848/87/1 847/88/1 845/190/1
f 848/87/1 850/295/1 849/296/1 847/88/1
f 850/295/1 852/297/1 851/298/1 849/296/1
f 852/297/1 854/11/1 853/12/1 851/298/1
usemtl wall
f 904/4/2 855/4/2 905/4/2 954/4/2
f 855/4/3 856/4/3 906/4/3 905/4/3
f 856/4/4 857/4/4 907/4/4 906/4/4
f 857/4/5 858/4/5 908/4/5 907/4/5
f 858/4/6 859/4/6 909/4/6 908/4/6
f 859/4/7 860/4/7 910/4/7 909/4/7
f 860/4/8 861/4/8 911/4/8 910/4/8
f 861/4/9 862/4/9 912/4/9 911/4/9
f 862/4/10 863/4/10 913/4/10 912/4/10
f 863/4/11 864/4/11 914/4/11 913/4/11
f 864/4/12 865/4/12 915/4/12 914/4/12
f 865/4/13 866/4/13 916/4/13 915/4/13
f 866/4/14 867/4/14 917/4/14 916/4/14
f 867/4/15 868/4/15 918/4/15 917/4/15
f 868/4/16 869/4/16 919/4/16 918/4/16
f 869/4/17 870/4/17 920/4/17 919/4/17
f 870/4/18 871/4/18 921/4/18 920/4/18
f 871/4/19 872/4/19 922/4/19 921/4/19
f 872/4/20 873/4/20 923/4/20 922/4/20
f 873/4/21 874/4/21 924/4/21 923/4/21
f 874/4/22 875/4/22 925/4/22 924/4/22
f 875/4/23 876/4/23 926/4/23 925/4/23
f 876/4/24 877/4/24 927/4/24 926/4/24
f 877/4/25 878/4/25 928/4/25 927/4/25
f 878/4/26 879/4/26 929/4/26 928/4/26
f 879/4/27 880/4/27 930/4/27 929/4/27
f 880/4/28 881/4/28 931/4/28 930/4/28
f 881/4/29 882/4/29 932/4/29 931/4/29
f 882/4/30 883/4/30 933/4/30 932/4/30
f 883/4/31 884/4/31 934/4/31 933/4/31
f 884/4/32 885/4/32 935/4/32 934/4/32
f 885/4/33 886/4/33 936/4/33 935/4/33
f 886/4/34 887/4/34 937/4/34 936/4/34
f 887/4/35 888/4/35 938/4/35 937/4/35
f 888/4/36 889/4/36 939/4/36 938/4/36
f 889/4/37 890/4/37 940/4/37 939/4/37
f 890/4/38 891/4/38 941/4/38 940/4/38
f 891/4/39 892/4/39 942/4/39 941/4/39
f 892/4/40 893/4/40 943/4/40 942/4/40
f 893/4/41 894/4/41 944/4/41 943/4/41
f 894/4/42 895/4/42 945/4/42 944/4/42
f 895/4/43 896/4/43 946/4/43 945/4/43
f 896/4/44 897/4/44 947/4/44 946/4/44
f 897/4/45 898/4/45 948/4/45 947/4/45
f 898/4/46 899/4/46 949/4/46 948/4/46
f 899/4/47 900/4/47 950/4/47 949/4/47
f 900/4/44 901/4/44 951/4/44 950/4/44
f 901/4/48 902/4/48 952/4/48 951/4/48
f 902/4/49 903/4/49 953/4/49 952/4/49
f 903/4/50 904/4/50 954/4/50 953/4/50
f 958/4/51 955/4/51 959/4/51 962/4/51
f 955/4/52 956/4/52 960/4/52 959/4/52
f 956/4/53 957/4/53 961/4/53 960/4/53
f 957/4/54 958/4/54 962/4/54 961/4/54
f 968/4/55 963/4/55 969/4/55 974/4/55
f 963/4/56 964/4/56 970/4/56 969/4/56
f 964/4/57 965/4/57 971/4/57 970/4/57
f 965/4/58 966/4/58 972/4/58 971/4/58
f 966/4/59 967/4/59 973/4/59 972/4/59
f 967/4/60 968/4/60 974/4/60 973/4/60
f 990/4/61 975/4/61 991/4/61 1006/4/61
f 975/4/62 976/4/62 992/4/62 991/4/62
f 976/4/63 977/4/63 993/4/63 992/4/63
f 977/4/14 978/4/14 994/4/14 993/4/14
f 978/4/64 979/4/64 995/4/64 994/4/64
f 979/4/65 980/4/65 996/4/65 995/4/65
f 980/4/66 981/4/66 997/4/66 996/4/66
f 981/4/67 982/4/67 998/4/67 997/4/67
f 982/4/68 983/4/68 999/4/68 998/4/68
f 983/4/69 984/4/69 1000/4/69 999/4/69
f 984/4/70 985/4/70 1001/4/70 1000/4/70
f 985/4/71 986/4/71 1002/4/71 1001/4/71
f 986/4/72 987/4/72 1003/4/72 1002/4/72
f 987/4/73 988/4/73 1004/4/73 1003/4/73
f 988/4/74 989/4/74 1005/4/74 1004/4/74
f 989/4/75 990/4/75 1006/4/75 1005/4/75
f 1015/4/76 1007/4/76 1016/4/76 1024/4/76
f 1007/4/77 1008/4/77 1017/4/77 1016/4/77
f 1008/4/78 1009/4/78 1018/4/78 1017/4/78
f 1009/4/79 1010/4/79 1019/4/79 1018/4/79
f 1010/4/80 1011/4/80 1020/4/80 1019/4/80
f 1011/4/81 1012/4/81 1021/4/81 1020/4/81
f 1012/4/82 1013/4/82 1022/4/82 1021/4/82
f 1013/4/83 1014/4/83 1023/4/83 1022/4/83
f 1014/4/84 1015/4/84 1024/4/84 1023/4/84
f 1028/4/85 1025/4/85 1029/4/85 1032/4/85
f 1025/4/86 1026/4/86 1030/4/86 1029/4/86
f 1026/4/87 1027/4/87 1031/4/87 1030/4/87
f 1027/4/88 1028/4/88 1032/4/88 1031/4/88
f 1051/4/89 1033/4/89 1052/4/89 1070/4/89
f 1033/4/90 1034/4/90 1053/4/90 1052/4/90
f 1034/4/91 1035/4/91 1054/4/91 1053/4/91
f 1035/4/92 1036/4/92 1055/4/92 1054/4/92
f 1036/4/93 1037/4/93 1056/4/93 1055/4/93
f 1037/4/94 1038/4/94 1057/4/94 1056/4/94
f 1038/4/95 1039/4/95 1058/4/95 1057/4/95
f 1039/4/96 1040/4/96 1059/4/96 1058/4/96
f 1040/4/97 1041/4/97 1060/4/97 1059/4/97
f 1041/4/98 1042/4/98 1061/4/98 1060/4/98
f 1042/4/99 1043/4/99 1062/4/99 1061/4/99
f 1043/4/100 1044/4/100 1063/4/100 1062/4/100
f 1044/4/101 1045/4/101 1064/4/101 1063/4/101
f 1045/4/102 1046/4/102 1065/4/102 1064/4/102
f 1046/4/103 1047/4/103 1066/4/103 1065/4/103
f 1047/4/104 1048/4/104 1067/4/104 1066/4/104
f 1048/4/105 1049/4/105 1068/4/105 1067/4/105
f 1049/4/106 1050/4/106 1069/4/106 1068/4/106
f 1050/4/107 1051/4/107 1070/4/107 1069/4/107
f 1090/4/108 1071/4/108 1091/4/108 1110/4/108
f 1071/4/109 1072/4/109 1092/4/109 1091/4/109
f 1072/4/110 1073/4/110 1093/4/110 1092/4/110
f 1073/4/111 1074/4/111 1094/4/111 1093/4/111
f 1074/4/112 1075/4/112 1095/4/112 1094/4/112
f 1075/4/113 1076/4/113 1096/4/113 1095/4/113
f 1076/4/114 1077/4/114 1097/4/114 1096/4/114
f 1077/4/115 1078/4/115 1098/4/115 1097/4/115
f 1078/4/116 1079/4/116 1099/4/116 1098/4/116
f 1079/4/117 1080/4/117 1100/4/117 1099/4/117
f 1080/4/118 1081/4/118 1101/4/118 1100/4/118
f 1081/4/119 1082/4/119 1102/4/119 1101/4/119
f 1082/4/120 1083/4/120 1103/4/120 1102/4/120
f 1083/4/121 1084/4/121 1104/4/121 1103/4/121
f 1084/4/122 1085/4/122 1105/4/122 1104/4/122
f 1085/4/123 1086/4/123 1106/4/123 1105/4/123
f 1086/4/124 1087/4/124 1107/4/124 1106/4/124
f 1087/4/123 1088/4/123 1108/4/123 1107/4/123
f 1088/4/125 1089/4/125 1109/4/125 1108/4/125
f 1089/4/126 1090/4/126 1110/4/126 1109/4/126
f 1121/4/127 1111/4/127 1122/4/127 1132/4/127
f 1111/4/128 1112/4/128 1123/4/128 1122/4/128
f 1112/4/129 1113/4/129 1124/4/129 1123/4/129
f 1113/4/130 1114/4/130 1125/4/130 1124/4/130
f 1114/4/131 1115/4/131 1126/4/131 1125/4/131
f 1115/4/132 1116/4/132 1127/4/132 1126/4/132
f 1116/4/133 1117/4/133 1128/4/133 1127/4/133
f 1117/4/134 1118/4/134 1129/4/134 1128/4/134
f 1118/4/135 1119/4/135 1130/4/135 1129/4/135
f 1119/4/136 1120/4/136 1131/4/136 1130/4/136
f 1120/4/137 1121/4/137 1132/4/137 1131/4/137
f 1147/4/138 1133/4/138 1148/4/138 1162/4/138
f 1133/4/139 1134/4/139 1149/4/139 1148/4/139
f 1134/4/140 1135/4/140 1150/4/140 1149/4/140
f 1135/4/123 1136/4/123 1151/4/123 1150/4/123
f 1136/4/141 1137/4/141 1152/4/141 1151/4/141
f 1137/4/123 1138/4/123 1153/4/123 1152/4/123
f 1138/4/142 1139/4/142 1154/4/142 1153/4/142
f 1139/4/123 1140/4/123 1155/4/123 1154/4/123
f 1140/4/143 1141/4/143 1156/4/143 1155/4/143
f 1141/4/144 1142/4/144 1157/4/144 1156/4/144
f 1142/4/145 1143/4/145 1158/4/145 1157/4/145
f 1143/4/146 1144/4/146 1159/4/146 1158/4/146
f 1144/4/147 1145/4/147 1160/4/147 1159/4/147
f 1145/4/148 1146/4/148 1161/4/148 1160/4/148
f 1146/4/149 1147/4/149 1162/4/149 1161/4/149
f 1179/4/150 1163/4/150 1180/4/150 1196/4/150
f 1163/4/151 1164/4/151 1181/4/151 1180/4/151
f 1164/4/152 1165/4/152 1182/4/152 1181/4/152
f 1165/4/153 1166/4/153 1183/4/153 1182/4/153
f 1166/4/154 1167/4/154 1184/4/154 1183/4/154
f 1167/4/155 1168/4/155 1185/4/155 1184/4/155
f 1168/4/156 1169/4/156 1186/4/156 1185/4/156
f 1169/4/157 1170/4/157 1187/4/157 1186/4/157
f 1170/4/158 1171/4/158 1188/4/158 1187/4/158
f 1171/4/159 1172/4/159 1189/4/159 1188/4/159
f 1172/4/160 1173/4/160 1190/4/160 1189/4/160
f 1173/4/161 1174/4/161 1191/4/161 1190/4/161
f 1174/4/162 1175/4/162 1192/4/162 1191/4/162
f 1175/4/163 1176/4/163 1193/4/163 1192/4/163
f 1176/4/164 1177/4/164 1194/4/164 1193/4/164
f 1177/4/165 1178/4/165 1195/4/165 1194/4/165
f 1178/4/166 1179/4/166 1196/4/166 1195/4/166
f 1209/4/149 1197/4/149 1210/4/149 1222/4/149
f 1197/4/167 1198/4/167 1211/4/167 1210/4/167
f 1198/4/168 1199/4/168 1212/4/168 1211/4/168
f 1199/4/169 1200/4/169 1213/4/169 1212/4/169
f 1200/4/170 1201/4/170 1214/4/170 1213/4/170
f 1201/4/171 1202/4/171 1215/4/171 1214/4/171
f 1202/4/172 1203/4/172 1216/4/172 1215/4/172
f 1203/4/173 1204/4/173 1217/4/173 1216/4/173
f 1204/4/174 1205/4/174 1218/4/174 1217/4/174
f 1205/4/175 1206/4/175 1219/4/175 1218/4/175
f 1206/4/176 1207/4/176 1220/4/176 1219/4/176
f 1207/4/177 1208/4/177 1221/4/177 1220/4/177
f 1208/4/123 1209/4/123 1222/4/123 1221/4/123
f 1253/4/178 1223/4/178 1254/4/178 1284/4/178
f 1223/4/179 1224/4/179 1255/4/179 1254/4/179
f 1224/4/180 1225/4/180 1256/4/180 1255/4/180
f 1225/4/181 1226/4/181 1257/4/181 1256/4/181
f 1226/4/182 1227/4/182 1258/4/182 1257/4/182
f 1227/4/183 1228/4/183 1259/4/183 1258/4/183
f 1228/4/184 1229/4/184 1260/4/184 1259/4/184
f 1229/4/185 1230/4/185 1261/4/185 1260/4/185
f 1230/4/186 1231/4/186 1262/4/186 1261/4/186
f 1231/4/187 1232/4/187 1263/4/187 1262/4/187
f 1232/4/157 1233/4/157 1264/4/157 1263/4/157
f 1233/4/188 1234/4/188 1265/4/188 1264/4/188
f 1234/4/189 1235/4/189 1266/4/189 1265/4/189
f 1235/4/190 1236/4/190 1267/4/190 1266/4/190
f 1236/4/191 1237/4/191 1268/4/191 1267/4/191
f 1237/4/192 1238/4/192 1269/4/192 1268/4/192
f 1238/4/193 1239/4/193 1270/4/193 1269/4/193
f 1239/4/194 1240/4/194 1271/4/194 1270/4/194
f 1240/4/195 1241/4/195 1272/4/195 1271/4/195
f 1241/4/196 1242/4/196 1273/4/196 1272/4/196
f 1242/4/149 1243/4/149 1274/4/149 1273/4/149
f 1243/4/123 1244/4/123 1275/4/123 1274/4/123
f 1244/4/197 1245/4/197 1276/4/197 1275/4/197
f 1245/4/198 1246/4/198 1277/4/198 1276/4/198
f 1246/4/199 1247/4/199 1278/4/199 1277/4/199
f 1247/4/200 1248/4/200 1279/4/200 1278/4/200
f 1248/4/201 1249/4/201 1280/4/201 1279/4/201
f 1249/4/202 1250/4/202 1281/4/202 1280/4/202
f 1250/4/203 1251/4/203 1282/4/203 1281/4/203
f 1251/4/204 1252/4/204 1283/4/204 1282/4/204
f 1252/4/205 1253/4/205 1284/4/205 1283/4/205
f 1304/4/206 1285/4/206 1305/4/206 1324/4/206
f 1285/4/207 1286/4/207 1306/4/207 1305/4/207
f 1286/4/208 1287/4/208 1307/4/208 1306/4/208
f 1287/4/209 1288/4/209 1308/4/209 1307/4/209
f 1288/4/210 1289/4/210 1309/4/210 1308/4/210
f 1289/4/211 1290/4/211 1310/4/211 1309/4/211
f 1290/4/212 1291/4/212 1311/4/212 1310/4/212
f 1291/4/213 1292/4/213 1312/4/213 1311/4/213
f 1292/4/214 1293/4/214 1313/4/214 1312/4/214
f 1293/4/215 1294/4/215 1314/4/215 1313/4/215
f 1294/4/216 1295/4/216 1315/4/216 1314/4/216
f 1295/4/157 1296/4/157 1316/4/157 1315/4/157
f 1296/4/217 1297/4/217 1317/4/217 1316/4/217
f 1297/4/218 1298/4/218 1318/4/218 1317/4/218
f 1298/4/219 1299/4/219 1319/4/219 1318/4/219
f 1299/4/220 1300/4/220 1320/4/220 1319/4/220
f 1300/4/221 1301/4/221 1321/4/221 1320/4/221
f 1301/4/222 1302/4/222 1322/4/222 1321/4/222
f 1302/4/223 1303/4/223 1323/4/223 1322/4/223
f 1303/4/224 1304/4/224 1324/4/224 1323/4/224
f 1342/4/225 1325/4/225 1343/4/225 1360/4/225
f 1325/4/157 1326/4/157 1344/4/157 1343/4/157
f 1326/4/226 1327/4/226 1345/4/226 1344/4/226
f 1327/4/227 1328/4/227 1346/4/227 1345/4/227
f 1328/4/116 1329/4/116 1347/4/116 1346/4/116
f 1329/4/228 1330/4/228 1348/4/228 1347/4/228
f 1330/4/229 1331/4/229 1349/4/229 1348/4/229
f 1331/4/230 1332/4/230 1350/4/230 1349/4/230
f 1332/4/231 1333/4/231 1351/4/231 1350/4/231
f 1333/4/232 1334/4/232 1352/4/232 1351/4/232
f 1334/4/233 1335/4/233 1353/4/233 1352/4/233
f 1335/4/234 1336/4/234 1354/4/234 1353/4/234
f 1336/4/235 1337/4/235 1355/4/235 1354/4/235
f 1337/4/236 1338/4/236 1356/4/236 1355/4/236
f 1338/4/237 1339/4/237 1357/4/237 1356/4/237
f 1339/4/238 1340/4/238 1358/4/238 1357/4/238
f 1340/4/239 1341/4/239 1359/4/239 1358/4/239
f 1341/4/240 1342/4/240 1360/4/240 1359/4/240
f 1391/4/241 1361/4/241 1392/4/241 1422/4/241
f 1361/4/242 1362/4/242 1393/4/242 1392/4/242
f 1362/4/243 1363/4/243 1394/4/243 1393/4/243
f 1363/4/244 1364/4/244 1395/4/244 1394/4/244
f 1364/4/245 1365/4/245 1396/4/245 1395/4/245
f 1365/4/246 1366/4/246 1397/4/246 1396/4/246
f 1366/4/247 1367/4/247 1398/4/247 1397/4/247
f 1367/4/248 1368/4/248 1399/4/248 1398/4/248
f 1368/4/249 1369/4/249 1400/4/249 1399/4/249
f 1369/4/250 1370/4/250 1401/4/250 1400/4/250
f 1370/4/157 1371/4/157 1402/4/157 1401/4/157
f 1371/4/251 1372/4/251 1403/4/251 1402/4/251
f 1372/4/123 1373/4/123 1404/4/123 1403/4/123
f 1373/4/252 1374/4/252 1405/4/252 1404/4/252
f 1374/4/253 1375/4/253 1406/4/253 1405/4/253
f 1375/4/254 1376/4/254 1407/4/254 1406/4/254
f 1376/4/255 1377/4/255 1408/4/255 1407/4/255
f 1377/4/256 1378/4/256 1409/4/256 1408/4/256
f 1378/4/257 1379/4/257 1410/4/257 1409/4/257
f 1379/4/258 1380/4/258 1411/4/258 1410/4/258
f 1380/4/259 1381/4/259 1412/4/259 1411/4/259
f 1381/4/260 1382/4/260 1413/4/260 1412/4/260
f 1382/4/261 1383/4/261 1414/4/261 1413/4/261
f 1383/4/262 1384/4/262 1415/4/262 1414/4/262
f 1384/4/263 1385/4/263 1416/4/263 1415/4/263
f 1385/4/264 1386/4/264 1417/4/264 1416/4/264
f 1386/4/265 1387/4/265 1418/4/265 1417/4/265
f 1387/4/266 1388/4/266 1419/4/266 1418/4/266
f 1388/4/267 1389/4/267 1420/4/267 1419/4/267
f 1389/4/268 1390/4/268 1421/4/268 1420/4/268
f 1390/4/269 1391/4/269 1422/4/269 1421/4/269
f 1434/4/123 1423/4/123 1435/4/123 1446/4/123
f 1423/4/270 1424/4/270 1436/4/270 1435/4/270
f 1424/4/271 1425/4/271 1437/4/271 1436/4/271
f 1425/4/272 1426/4/272 1438/4/272 1437/4/272
f 1426/4/157 1427/4/157 1439/4/157 1438/4/157
f 1427/4/273 1428/4/273 1440/4/273 1439/4/273
f 1428/4/274 1429/4/274 1441/4/274 1440/4/274
f 1429/4/275 1430/4/275 1442/4/275 1441/4/275
f 1430/4/157 1431/4/157 1443/4/157 1442/4/157
f 1431/4/276 1432/4/276 1444/4/276 1443/4/276
f 1432/4/277 1433/4/277 1445/4/277 1444/4/277
f 1433/4/278 1434/4/278 1446/4/278 1445/4/278
f 1466/4/279 1447/4/279 1467/4/279 1486/4/279
f 1447/4/280 1448/4/280 1468/4/280 1467/4/280
f 1448/4/116 1449/4/116 1469/4/116 1468/4/116
f 1449/4/281 1450/4/281 1470/4/281 1469/4/281
f 1450/4/116 1451/4/116 1471/4/116 1470/4/116
f 1451/4/282 1452/4/282 1472/4/282 1471/4/282
f 1452/4/283 1453/4/283 1473/4/283 1472/4/283
f 1453/4/284 1454/4/284 1474/4/284 1473/4/284
f 1454/4/285 1455/4/285 1475/4/285 1474/4/285
f 1455/4/286 1456/4/286 1476/4/286 1475/4/286
f 1456/4/287 1457/4/287 1477/4/287 1476/4/287
f 1457/4/288 1458/4/288 1478/4/288 1477/4/288
f 1458/4/289 1459/4/289 1479/4/289 1478/4/289
f 1459/4/290 1460/4/290 1480/4/290 1479/4/290
f 1460/4/291 1461/4/291 1481/4/291 1480/4/291
f 1461/4/292 1462/4/292 1482/4/292 1481/4/292
f 1462/4/293 1463/4/293 1483/4/293 1482/4/293
f 1463/4/294 1464/4/294 1484/4/294 1483/4/294
f 1464/4/295 1465/4/295 1485/4/295 1484/4/295
f 1465/4/296 1466/4/296 1486/4/296 1485/4/296
f 1524/4/297 1487/4/297 1525/4/297 1562/4/297
f 1487/4/298 1488/4/298 1526/4/298 1525/4/298
f 1488/4/299 1489/4/299 1527/4/299 1526/4/299
f 1489/4/300 1490/4/300 1528/4/300 1527/4/300
f 1490/4/301 1491/4/301 1529/4/301 1528/4/301
f 1491/4/302 1492/4/302 1530/4/302 1529/4/302
f 1492/4/303 1493/4/303 1531/4/303 1530/4/303
f 1493/4/304 1494/4/304 1532/4/304 1531/4/304
f 1494/4/305 1495/4/305 1533/4/305 1532/4/305
f 1495/4/306 1496/4/306 1534/4/306 1533/4/306
f 1496/4/307 1497/4/307 1535/4/307 1534/4/307
f 1497/4/308 1498/4/308 1536/4/308 1535/4/308
f 1498/4/309 1499/4/309 1537/4/309 1536/4/309
f 1499/4/310 1500/4/310 1538/4/310 1537/4/310
f 1500/4/311 1501/4/311 1539/4/311 1538/4/311
f 1501/4/312 1502/4/312 1540/4/312 1539/4/312
f 1502/4/313 1503/4/313 1541/4/313 1540/4/313
f 1503/4/314 1504/4/314 1542/4/314 1541/4/314
f 1504/4/315 1505/4/315 1543/4/315 1542/4/315
f 1505/4/316 1506/4/316 1544/4/316 1543/4/316
f 1506/4/317 1507/4/317 1545/4/317 1544/4/317
f 1507/4/318 1508/4/318 1546/4/318 1545/4/318
f 1508/4/319 1509/4/319 1547/4/319 1546/4/319
f 1509/4/320 1510/4/320 1548/4/320 1547/4/320
f 1510/4/321 1511/4/321 1549/4/321 1548/4/321
f 1511/4/322 1512/4/322 1550/4/322 1549/4/322
f 1512/4/116 1513/4/116 1551/4/116 1550/4/116
f 1513/4/323 1514/4/323 1552/4/323 1551/4/323
f 1514/4/324 1515/4/324 1553/4/324 1552/4/324
f 1515/4/325 1516/4/325 1554/4/325 1553/4/325
f 1516/4/326 1517/4/326 1555/4/326 1554/4/326
f 1517/4/327 1518/4/327 1556/4/327 1555/4/327
f 1518/4/328 1519/4/328 1557/4/328 1556/4/328
f 1519/4/329 1520/4/329 1558/4/329 1557/4/329
f 1520/4/330 1521/4/330 1559/4/330 1558/4/330
f 1521/4/331 1522/4/331 1560/4/331 1559/4/331
f 1522/4/332 1523/4/332 1561/4/332 1560/4/332
f 1523/4/333 1524/4/333 1562/4/333 1561/4/333
f 1572/4/334 1563/4/334 1573/4/334 1582/4/334
f 1563/4/335 1564/4/335 1574/4/335 1573/4/335
f 1564/4/336 1565/4/336 1575/4/336 1574/4/336
f 1565/4/123 1566/4/123 1576/4/123 1575/4/123
f 1566/4/337 1567/4/337 1577/4/337 1576/4/337
f 1567/4/123 1568/4/123 1578/4/123 1577/4/123
f 1568/4/149 1569/4/149 1579/4/149 1578/4/149
f 1569/4/338 1570/4/338 1580/4/338 1579/4/338
f 1570/4/339 1571/4/339 1581/4/339 1580/4/339
f 1571/4/340 1572/4/340 1582/4/340 1581/4/340
f 1614/4/341 1583/4/341 1615/4/341 1646/4/341
f 1583/4/342 1584/4/342 1616/4/342 1615/4/342
f 1584/4/343 1585/4/343 1617/4/343 1616/4/343
f 1585/4/344 1586/4/344 1618/4/344 1617/4/344
f 1586/4/345 1587/4/345 1619/4/345 1618/4/345
f 1587/4/346 1588/4/346 1620/4/346 1619/4/346
f 1588/4/347 1589/4/347 1621/4/347 1620/4/347
f 1589/4/348 1590/4/348 1622/4/348 1621/4/348
f 1590/4/349 1591/4/349 1623/4/349 1622/4/349
f 1591/4/350 1592/4/350 1624/4/350 1623/4/350
f 1592/4/351 1593/4/351 1625/4/351 1624/4/351
f 1593/4/350 1594/4/350 1626/4/350 1625/4/350
f 1594/4/352 1595/4/352 1627/4/352 1626/4/352
f 1595/4/353 1596/4/353 1628/4/353 1627/4/353
f 1596/4/354 1597/4/354 1629/4/354 1628/4/354
f 1597/4/355 1598/4/355 1630/4/355 1629/4/355
f 1598/4/356 1599/4/356 1631/4/356 1630/4/356
f 1599/4/357 1600/4/357 1632/4/357 1631/4/357
f 1600/4/358 1601/4/358 1633/4/358 1632/4/358
f 1601/4/359 1602/4/359 1634/4/359 1633/4/359
f 1602/4/360 1603/4/360 1635/4/360 1634/4/360
f 1603/4/361 1604/4/361 1636/4/361 1635/4/361
f 1604/4/349 1605/4/349 1637/4/349 1636/4/349
f 1605/4/362 1606/4/362 1638/4/362 1637/4/362
f 1606/4/363 1607/4/363 1639/4/363 1638/4/363
f 1607/4/364 1608/4/364 1640/4/364 1639/4/364
f 1608/4/365 1609/4/365 1641/4/365 1640/4/365
f 1609/4/366 1610/4/366 1642/4/366 1641/4/366
f 1610/4/367 1611/4/367 1643/4/367 1642/4/367
f 1611/4/368 1612/4/368 1644/4/368 1643/4/368
f 1612/4/369 1613/4/369 1645/4/369 1644/4/369
f 1613/4/204 1614/4/204 1646/4/204 1645/4/204
f 1671/4/370 1647/4/370 1672/4/370 1696/4/370
f 1647/4/371 1648/4/371 1673/4/371 1672/4/371
f 1648/4/372 1649/4/372 1674/4/372 1673/4/372
f 1649/4/373 1650/4/373 1675/4/373 1674/4/373
f 1650/4/374 1651/4/374 1676/4/374 1675/4/374
f 1651/4/375 1652/4/375 1677/4/375 1676/4/375
f 1652/4/376 1653/4/376 1678/4/376 1677/4/376
f 1653/4/377 1654/4/377 1679/4/377 1678/4/377
f 1654/4/378 1655/4/378 1680/4/378 1679/4/378
f 1655/4/379 1656/4/379 1681/4/379 1680/4/379
f 1656/4/380 1657/4/380 1682/4/380 1681/4/380
f 1657/4/381 1658/4/381 1683/4/381 1682/4/381
f 1658/4/382 1659/4/382 1684/4/382 1683/4/382
f 1659/4/383 1660/4/383 1685/4/383 1684/4/383
f 1660/4/384 1661/4/384 1686/4/384 1685/4/384
f 1661/4/385 1662/4/385 1687/4/385 1686/4/385
f 1662/4/386 1663/4/386 1688/4/386 1687/4/386
f 1663/4/387 1664/4/387 1689/4/387 1688/4/387
f 1664/4/388 1665/4/388 1690/4/388 1689/4/388
f 1665/4/349 1666/4/349 1691/4/349 1690/4/349
f 1666/4/389 1667/4/389 1692/4/389 1691/4/389
f 1667/4/390 1668/4/390 1693/4/390 1692/4/390
f 1668/4/391 1669/4/391 1694/4/391 1693/4/391
f 1669/4/392 1670/4/392 1695/4/392 1694/4/392
f 1670/4/266 1671/4/266 1696/4/266 1695/4/266
f 1700/4/393 1697/4/393 1701/4/393 1704/4/393
f 1697/4/394 1698/4/394 1702/4/394 1701/4/394
f 1698/4/395 1699/4/395 1703/4/395 1702/4/395
f 1699/4/396 1700/4/396 1704/4/396 1703/4/396
f 1712/4/397 1705/4/397 1713/4/397 1720/4/397
f 1705/4/398 1706/4/398 1714/4/398 1713/4/398
f 1706/4/399 1707/4/399 1715/4/399 1714/4/399
f 1707/4/400 1708/4/400 1716/4/400 1715/4/400
f 1708/4/401 1709/4/401 1717/4/401 1716/4/401
f 1709/4/402 1710/4/402 1718/4/402 1717/4/402
f 1710/4/403 1711/4/403 1719/4/403 1718/4/403
f 1711/4/404 1712/4/404 1720/4/404 1719/4/404
f 1724/4/157 1721/4/157 1725/4/157 1728/4/157
f 1721/4/116 1722/4/116 1726/4/116 1725/4/116
f 1722/4/405 1723/4/405 1727/4/405 1726/4/405
f 1723/4/149 1724/4/149 1728/4/149 1727/4/149
f 1732/4/157 1729/4/157 1733/4/157 1736/4/157
f 1729/4/406 1730/4/406 1734/4/406 1733/4/406
f 1730/4/407 1731/4/407 1735/4/407 1734/4/407
f 1731/4/408 1732/4/408 1736/4/408 1735/4/408
f 1740/4/409 1737/4/409 1741/4/409 1744/4/409
f 1737/4/410 1738/4/410 1742/4/410 1741/4/410
f 1738/4/411 1739/4/411 1743/4/411 1742/4/411
f 1739/4/412 1740/4/412 1744/4/412 1743/4/412
f 1748/4/413 1745/4/413 1749/4/413 1752/4/413
f 1745/4/414 1746/4/414 1750/4/414 1749/4/414
f 1746/4/164 1747/4/164 1751/4/164 1750/4/164
f 1747/4/415 1748/4/415 1752/4/415 1751/4/415
f 1756/4/416 1753/4/416 1757/4/416 1760/4/416
f 1753/4/417 1754/4/417 1758/4/417 1757/4/417
f 1754/4/418 1755/4/418 1759/4/418 1758/4/418
f 1755/4/419 1756/4/419 1760/4/419 1759/4/419
f 1776/4/420 1761/4/420 1777/4/420 1792/4/420
f 1761/4/421 1762/4/421 1778/4/421 1777/4/421
f 1762/4/422 1763/4/422 1779/4/422 1778/4/422
f 1763/4/423 1764/4/423 1780/4/423 1779/4/423
f 1764/4/424 1765/4/424 1781/4/424 1780/4/424
f 1765/4/425 1766/4/425 1782/4/425 1781/4/425
f 1766/4/426 1767/4/426 1783/4/426 1782/4/426
f 1767/4/427 1768/4/427 1784/4/427 1783/4/427
f 1768/4/428 1769/4/428 1785/4/428 1784/4/428
f 1769/4/429 1770/4/429 1786/4/429 1785/4/429
f 1770/4/430 1771/4/430 1787/4/430 1786/4/430
f 1771/4/431 1772/4/431 1788/4/431 1787/4/431
f 1772/4/422 1773/4/422 1789/4/422 1788/4/422
f 1773/4/432 1774/4/432 1790/4/432 1789/4/432
f 1774/4/422 1775/4/422 1791/4/422 1790/4/422
f 1775/4/433 1776/4/433 1792/4/433 1791/4/433
f 1808/4/434 1793/4/434 1809/4/434 1824/4/434
f 1793/4/435 1794/4/435 1810/4/435 1809/4/435
f 1794/4/436 1795/4/436 1811/4/436 1810/4/436
f 1795/4/437 1796/4/437 1812/4/437 1811/4/437
f 1796/4/438 1797/4/438 1813/4/438 1812/4/438
f 1797/4/439 1798/4/439 1814/4/439 1813/4/439
f 1798/4/133 1799/4/133 1815/4/133 1814/4/133
f 1799/4/440 1800/4/440 1816/4/440 1815/4/440
f 1800/4/441 1801/4/441 1817/4/441 1816/4/441
f 1801/4/442 1802/4/442 1818/4/442 1817/4/442
f 1802/4/443 1803/4/443 1819/4/443 1818/4/443
f 1803/4/444 1804/4/444 1820/4/444 1819/4/444
f 1804/4/445 1805/4/445 1821/4/445 1820/4/445
f 1805/4/446 1806/4/446 1822/4/446 1821/4/446
f 1806/4/447 1807/4/447 1823/4/447 1822/4/447
f 1807/4/448 1808/4/448 1824/4/448 1823/4/448
f 1840/4/449 1825/4/449 1841/4/449 1856/4/449
f 1825/4/450 1826/4/450 1842/4/450 1841/4/450
f 1826/4/451 1827/4/451 1843/4/451 1842/4/451
f 1827/4/452 1828/4/452 1844/4/452 1843/4/452
f 1828/4/126 1829/4/126 1845/4/126 1844/4/126
f 1829/4/453 1830/4/453 1846/4/453 1845/4/453
f 1830/4/454 1831/4/454 1847/4/454 1846/4/454
f 1831/4/455 1832/4/455 1848/4/455 1847/4/455
f 1832/4/456 1833/4/456 1849/4/456 1848/4/456
f 1833/4/457 1834/4/457 1850/4/457 1849/4/457
f 1834/4/458 1835/4/458 1851/4/458 1850/4/458
f 1835/4/459 1836/4/459 1852/4/459 1851/4/459
f 1836/4/460 1837/4/460 1853/4/460 1852/4/460
f 1837/4/461 1838/4/461 1854/4/461 1853/4/461
f 1838/4/458 1839/4/458 1855/4/458 1854/4/458
f 1839/4/462 1840/4/462 1856/4/462 1855/4/462
f 1872/4/463 1857/4/463 1873/4/463 1888/4/463
f 1857/4/464 1858/4/464 1874/4/464 1873/4/464
f 1858/4/465 1859/4/465 1875/4/465 1874/4/465
f 1859/4/466 1860/4/466 1876/4/466 1875/4/466
f 1860/4/465 1861/4/465 1877/4/465 1876/4/465
f 1861/4/467 1862/4/467 1878/4/467 1877/4/467
f 1862/4/468 1863/4/468 1879/4/468 1878/4/468
f 1863/4/469 1864/4/469 1880/4/469 1879/4/469
f 1864/4/468 1865/4/468 1881/4/468 1880/4/468
f 1865/4/470 1866/4/470 1882/4/470 1881/4/470
f 1866/4/471 1867/4/471 1883/4/471 1882/4/471
f 1867/4/472 1868/4/472 1884/4/472 1883/4/472
f 1868/4/473 1869/4/473 1885/4/473 1884/4/473
f 1869/4/474 1870/4/474 1886/4/474 1885/4/474
f 1870/4/468 1871/4/468 1887/4/468 1886/4/468
f 1871/4/475 1872/4/475 1888/4/475 1887/4/475
f 1904/4/476 1889/4/476 1905/4/476 1920/4/476
f 1889/4/477 1890/4/477 1906/4/477 1905/4/477
f 1890/4/478 1891/4/478 1907/4/478 1906/4/478
f 1891/4/479 1892/4/479 1908/4/479 1907/4/479
f 1892/4/480 1893/4/480 1909/4/480 1908/4/480
f 1893/4/481 1894/4/481 1910/4/481 1909/4/481
f 1894/4/482 1895/4/482 1911/4/482 1910/4/482
f 1895/4/483 1896/4/483 1912/4/483 1911/4/483
f 1896/4/484 1897/4/484 1913/4/484 1912/4/484
f 1897/4/485 1898/4/485 1914/4/485 1913/4/485
f 1898/4/486 1899/4/486 1915/4/486 1914/4/486
f 1899/4/487 1900/4/487 1916/4/487 1915/4/487
f 1900/4/488 1901/4/488 1917/4/488 1916/4/488
f 1901/4/489 1902/4/489 1918/4/489 1917/4/489
f 1902/4/490 1903/4/490 1919/4/490 1918/4/490
f 1903/4/491 1904/4/491 1920/4/491 1919/4/491
f 1936/4/157 1921/4/157 1937/4/157 1952/4/157
f 1921/4/116 1922/4/116 1938/4/116 1937/4/116
f 1922/4/157 1923/4/157 1939/4/157 1938/4/157
f 1923/4/149 1924/4/149 1940/4/149 1939/4/149
f 1924/4/157 1925/4/157 1941/4/157 1940/4/157
f 1925/4/116 1926/4/116 1942/4/116 1941/4/116
f 1926/4/157 1927/4/157 1943/4/157 1942/4/157
f 1927/4/149 1928/4/149 1944/4/149 1943/4/149
f 1928/4/492 1929/4/492 1945/4/492 1944/4/492
f 1929/4/116 1930/4/116 1946/4/116 1945/4/116
f 1930/4/157 1931/4/157 1947/4/157 1946/4/157
f 1931/4/493 1932/4/493 1948/4/493 1947/4/493
f 1932/4/157 1933/4/157 1949/4/157 1948/4/157
f 1933/4/116 1934/4/116 1950/4/116 1949/4/116
f 1934/4/494 1935/4/494 1951/4/494 1950/4/494
f 1935/4/149 1936/4/149 1952/4/149 1951/4/149
f 1964/4/433 1953/4/433 1965/4/433 1976/4/433
f 1953/4/495 1954/4/495 1966/4/495 1965/4/495
f 1954/4/496 1955/4/496 1967/4/496 1966/4/496
f 1955/4/497 1956/4/497 1968/4/497 1967/4/497
f 1956/4/498 1957/4/498 1969/4/498 1968/4/498
f 1957/4/428 1958/4/428 1970/4/428 1969/4/428
f 1958/4/499 1959/4/499 1971/4/499 1970/4/499
f 1959/4/500 1960/4/500 1972/4/500 1971/4/500
f 1960/4/501 1961/4/501 1973/4/501 1972/4/501
f 1961/4/502 1962/4/502 1974/4/502 1973/4/502
f 1962/4/503 1963/4/503 1975/4/503 1974/4/503
f 1963/4/504 1964/4/504 1976/4/504 1975/4/504
f 1988/4/505 1977/4/505 1989/4/505 2000/4/505
f 1977/4/506 1978/4/506 1990/4/506 1989/4/506
f 1978/4/507 1979/4/507 1991/4/507 1990/4/507
f 1979/4/508 1980/4/508 1992/4/508 1991/4/508
f 1980/4/509 1981/4/509 1993/4/509 1992/4/509
f 1981/4/510 1982/4/510 1994/4/510 1993/4/510
f 1982/4/511 1983/4/511 1995/4/511 1994/4/511
f 1983/4/510 1984/4/510 1996/4/510 1995/4/510
f 1984/4/512 1985/4/512 1997/4/512 1996/4/512
f 1985/4/513 1986/4/513 1998/4/513 1997/4/513
f 1986/4/514 1987/4/514 1999/4/514 1998/4/514
f 1987/4/515 1988/4/515 2000/4/515 1999/4/515
f 2014/4/157 2001/4/157 2015/4/157 2028/4/157
f 2001/4/516 2002/4/516 2016/4/516 2015/4/516
f 2002/4/517 2003/4/517 2017/4/517 2016/4/517
f 2003/4/518 2004/4/518 2018/4/518 2017/4/518
f 2004/4/519 2005/4/519 2019/4/519 2018/4/519
f 2005/4/520 2006/4/520 2020/4/520 2019/4/520
f 2006/4/521 2007/4/521 2021/4/521 2020/4/521
f 2007/4/149 2008/4/149 2022/4/149 2021/4/149
f 2008/4/522 2009/4/522 2023/4/522 2022/4/522
f 2009/4/523 2010/4/523 2024/4/523 2023/4/523
f 2010/4/524 2011/4/524 2025/4/524 2024/4/524
f 2011/4/525 2012/4/525 2026/4/525 2025/4/525
f 2012/4/526 2013/4/526 2027/4/526 2026/4/526
f 2013/4/527 2014/4/527 2028/4/527 2027/4/527
f 2034/4/528 2029/4/528 2035/4/528 2040/4/528
f 2029/4/529 2030/4/529 2036/4/529 2035/4/529
f 2030/4/530 2031/4/530 2037/4/530 2036/4/530
f 2031/4/531 2032/4/531 2038/4/531 2037/4/531
f 2032/4/532 2033/4/532 2039/4/532 2038/4/532
f 2033/4/149 2034/4/149 2040/4/149 2039/4/149
f 2072/4/533 2041/4/533 2073/4/533 2104/4/533
f 2041/4/534 2042/4/534 2074/4/534 2073/4/534
f 2042/4/535 2043/4/535 2075/4/535 2074/4/535
f 2043/4/536 2044/4/536 2076/4/536 2075/4/536
f 2044/4/537 2045/4/537 2077/4/537 2076/4/537
f 2045/4/538 2046/4/538 2078/4/538 2077/4/538
f 2046/4/539 2047/4/539 2079/4/539 2078/4/539
f 2047/4/540 2048/4/540 2080/4/540 2079/4/540
f 2048/4/326 2049/4/326 2081/4/326 2080/4/326
f 2049/4/541 2050/4/541 2082/4/541 2081/4/541
f 2050/4/542 2051/4/542 2083/4/542 2082/4/542
f 2051/4/74 2052/4/74 2084/4/74 2083/4/74
f 2052/4/543 2053/4/543 2085/4/543 2084/4/543
f 2053/4/544 2054/4/544 2086/4/544 2085/4/544
f 2054/4/545 2055/4/545 2087/4/545 2086/4/545
f 2055/4/544 2056/4/544 2088/4/544 2087/4/544
f 2056/4/546 2057/4/546 2089/4/546 2088/4/546
f 2057/4/538 2058/4/538 2090/4/538 2089/4/538
f 2058/4/547 2059/4/547 2091/4/547 2090/4/547
f 2059/4/548 2060/4/548 2092/4/548 2091/4/548
f 2060/4/549 2061/4/549 2093/4/549 2092/4/549
f 2061/4/530 2062/4/530 2094/4/530 2093/4/530
f 2062/4/550 2063/4/550 2095/4/550 2094/4/550
f 2063/4/551 2064/4/551 2096/4/551 2095/4/551
f 2064/4/552 2065/4/552 2097/4/552 2096/4/552
f 2065/4/463 2066/4/463 2098/4/463 2097/4/463
f 2066/4/553 2067/4/553 2099/4/553 2098/4/553
f 2067/4/554 2068/4/554 2100/4/554 2099/4/554
f 2068/4/555 2069/4/555 2101/4/555 2100/4/555
f 2069/4/556 2070/4/556 2102/4/556 2101/4/556
f 2070/4/557 2071/4/557 2103/4/557 2102/4/557
f 2071/4/558 2072/4/558 2104/4/558 2103/4/558
f 2156/4/559 2105/4/559 2157/4/559 2208/4/559
f 2105/4/560 2106/4/560 2158/4/560 2157/4/560
f 2106/4/561 2107/4/561 2159/4/561 2158/4/561
f 2107/4/562 2108/4/562 2160/4/562 2159/4/562
f 2108/4/563 2109/4/563 2161/4/563 2160/4/563
f 2109/4/564 2110/4/564 2162/4/564 2161/4/564
f 2110/4/565 2111/4/565 2163/4/565 2162/4/565
f 2111/4/566 2112/4/566 2164/4/566 2163/4/566
f 2112/4/567 2113/4/567 2165/4/567 2164/4/567
f 2113/4/568 2114/4/568 2166/4/568 2165/4/568
f 2114/4/569 2115/4/569 2167/4/569 2166/4/569
f 2115/4/562 2116/4/562 2168/4/562 2167/4/562
f 2116/4/570 2117/4/570 2169/4/570 2168/4/570
f 2117/4/571 2118/4/571 2170/4/571 2169/4/571
f 2118/4/572 2119/4/572 2171/4/572 2170/4/572
f 2119/4/573 2120/4/573 2172/4/573 2171/4/573
f 2120/4/574 2121/4/574 2173/4/574 2172/4/574
f 2121/4/575 2122/4/575 2174/4/575 2173/4/575
f 2122/4/576 2123/4/576 2175/4/576 2174/4/576
f 2123/4/577 2124/4/577 2176/4/577 2175/4/577
f 2124/4/578 2125/4/578 2177/4/578 2176/4/578
f 2125/4/579 2126/4/579 2178/4/579 2177/4/579
f 2126/4/580 2127/4/580 2179/4/580 2178/4/580
f 2127/4/581 2128/4/581 2180/4/581 2179/4/581
f 2128/4/582 2129/4/582 2181/4/582 2180/4/582
f 2129/4/583 2130/4/583 2182/4/583 2181/4/583
f 2130/4/584 2131/4/584 2183/4/584 2182/4/584
f 2131/4/585 2132/4/585 2184/4/585 2183/4/585
f 2132/4/586 2133/4/586 2185/4/586 2184/4/586
f 2133/4/587 2134/4/587 2186/4/587 2185/4/587
f 2134/4/588 2135/4/588 2187/4/588 2186/4/588
f 2135/4/589 2136/4/589 2188/4/589 2187/4/589
f 2136/4/454 2137/4/454 2189/4/454 2188/4/454
f 2137/4/590 2138/4/590 2190/4/590 2189/4/590
f 2138/4/591 2139/4/591 2191/4/591 2190/4/591
f 2139/4/585 2140/4/585 2192/4/585 2191/4/585
f 2140/4/586 2141/4/586 2193/4/586 2192/4/586
f 2141/4/592 2142/4/592 2194/4/592 2193/4/592
f 2142/4/426 2143/4/426 2195/4/426 2194/4/426
f 2143/4/589 2144/4/589 2196/4/589 2195/4/589
f 2144/4/593 2145/4/593 2197/4/593 2196/4/593
f 2145/4/594 2146/4/594 2198/4/594 2197/4/594
f 2146/4/595 2147/4/595 2199/4/595 2198/4/595
f 2147/4/231 2148/4/231 2200/4/231 2199/4/231
f 2148/4/596 2149/4/596 2201/4/596 2200/4/596
f 2149/4/597 2150/4/597 2202/4/597 2201/4/597
f 2150/4/598 2151/4/598 2203/4/598 2202/4/598
f 2151/4/599 2152/4/599 2204/4/599 2203/4/599
f 2152/4/600 2153/4/600 2205/4/600 2204/4/600
f 2153/4/601 2154/4/601 2206/4/601 2205/4/601
f 2154/4/602 2155/4/602 2207/4/602 2206/4/602
f 2155/4/603 2156/4/603 2208/4/603 2207/4/603
f 2276/4/462 2209/4/462 2277/4/462 2344/4/462
f 2209/4/604 2210/4/604 2278/4/604 2277/4/604
f 2210/4/605 2211/4/605 2279/4/605 2278/4/605
f 2211/4/606 2212/4/606 2280/4/606 2279/4/606
f 2212/4/607 2213/4/607 2281/4/607 2280/4/607
f 2213/4/608 2214/4/608 2282/4/608 2281/4/608
f 2214/4/609 2215/4/609 2283/4/609 2282/4/609
f 2215/4/610 2216/4/610 2284/4/610 2283/4/610
f 2216/4/611 2217/4/611 2285/4/611 2284/4/611
f 2217/4/612 2218/4/612 2286/4/612 2285/4/612
f 2218/4/613 2219/4/613 2287/4/613 2286/4/613
f 2219/4/614 2220/4/614 2288/4/614 2287/4/614
f 2220/4/615 2221/4/615 2289/4/615 2288/4/615
f 2221/4/616 2222/4/616 2290/4/616 2289/4/616
f 2222/4/617 2223/4/617 2291/4/617 2290/4/617
f 2223/4/618 2224/4/618 2292/4/618 2291/4/618
f 2224/4/619 2225/4/619 2293/4/619 2292/4/619
f 2225/4/620 2226/4/620 2294/4/620 2293/4/620
f 2226/4/621 2227/4/621 2295/4/621 2294/4/621
f 2227/4/622 2228/4/622 2296/4/622 2295/4/622
f 2228/4/623 2229/4/623 2297/4/623 2296/4/623
f 2229/4/624 2230/4/624 2298/4/624 2297/4/624
f 2230/4/625 2231/4/625 2299/4/625 2298/4/625
f 2231/4/626 2232/4/626 2300/4/626 2299/4/626
f 2232/4/627 2233/4/627 2301/4/627 2300/4/627
f 2233/4/628 2234/4/628 2302/4/628 2301/4/628
f 2234/4/629 2235/4/629 2303/4/629 2302/4/629
f 2235/4/630 2236/4/630 2304/4/630 2303/4/630
f 2236/4/518 2237/4/518 2305/4/518 2304/4/518
f 2237/4/631 2238/4/631 2306/4/631 2305/4/631
f 2238/4/632 2239/4/632 2307/4/632 2306/4/632
f 2239/4/633 2240/4/633 2308/4/633 2307/4/633
f 2240/4/634 2241/4/634 2309/4/634 2308/4/634
f 2241/4/635 2242/4/635 2310/4/635 2309/4/635
f 2242/4/636 2243/4/636 2311/4/636 2310/4/636
f 2243/4/637 2244/4/637 2312/4/637 2311/4/637
f 2244/4/638 2245/4/638 2313/4/638 2312/4/638
f 2245/4/639 2246/4/639 2314/4/639 2313/4/639
f 2246/4/640 2247/4/640 2315/4/640 2314/4/640
f 2247/4/641 2248/4/641 2316/4/641 2315/4/641
f 2248/4/642 2249/4/642 2317/4/642 2316/4/642
f 2249/4/643 2250/4/643 2318/4/643 2317/4/643
f 2250/4/644 2251/4/644 2319/4/644 2318/4/644
f 2251/4/645 2252/4/645 2320/4/645 2319/4/645
f 2252/4/328 2253/4/328 2321/4/328 2320/4/328
f 2253/4/646 2254/4/646 2322/4/646 2321/4/646
f 2254/4/419 2255/4/419 2323/4/419 2322/4/419
f 2255/4/647 2256/4/647 2324/4/647 2323/4/647
f 2256/4/648 2257/4/648 2325/4/648 2324/4/648
f 2257/4/649 2258/4/649 2326/4/649 2325/4/649
f 2258/4/650 2259/4/650 2327/4/650 2326/4/650
f 2259/4/651 2260/4/651 2328/4/651 2327/4/651
f 2260/4/652 2261/4/652 2329/4/652 2328/4/652
f 2261/4/653 2262/4/653 2330/4/653 2329/4/653
f 2262/4/654 2263/4/654 2331/4/654 2330/4/654
f 2263/4/655 2264/4/655 2332/4/655 2331/4/655
f 2264/4/656 2265/4/656 2333/4/656 2332/4/656
f 2265/4/657 2266/4/657 2334/4/657 2333/4/657
f 2266/4/658 2267/4/658 2335/4/658 2334/4/658
f 2267/4/659 2268/4/659 2336/4/659 2335/4/659
f 2268/4/660 2269/4/660 2337/4/660 2336/4/660
f 2269/4/661 2270/4/661 2338/4/661 2337/4/661
f 2270/4/652 2271/4/652 2339/4/652 2338/4/652
f 2271/4/662 2272/4/662 2340/4/662 2339/4/662
f 2272/4/136 2273/4/136 2341/4/136 2340/4/136
f 2273/4/663 2274/4/663 2342/4/663 2341/4/663
f 2274/4/664 2275/4/664 2343/4/664 2342/4/664
f 2275/4/665 2276/4/665 2344/4/665 2343/4/665
f 2376/4/666 2345/4/666 2377/4/666 2408/4/666
f 2345/4/667 2346/4/667 2378/4/667 2377/4/667
f 2346/4/668 2347/4/668 2379/4/668 2378/4/668
f 2347/4/669 2348/4/669 2380/4/669 2379/4/669
f 2348/4/670 2349/4/670 2381/4/670 2380/4/670
f 2349/4/671 2350/4/671 2382/4/671 2381/4/671
f 2350/4/672 2351/4/672 2383/4/672 2382/4/672
f 2351/4/673 2352/4/673 2384/4/673 2383/4/673
f 2352/4/480 2353/4/480 2385/4/480 2384/4/480
f 2353/4/674 2354/4/674 2386/4/674 2385/4/674
f 2354/4/675 2355/4/675 2387/4/675 2386/4/675
f 2355/4/487 2356/4/487 2388/4/487 2387/4/487
f 2356/4/676 2357/4/676 2389/4/676 2388/4/676
f 2357/4/677 2358/4/677 2390/4/677 2389/4/677
f 2358/4/678 2359/4/678 2391/4/678 2390/4/678
f 2359/4/679 2360/4/679 2392/4/679 2391/4/679
f 2360/4/680 2361/4/680 2393/4/680 2392/4/680
f 2361/4/681 2362/4/681 2394/4/681 2393/4/681
f 2362/4/682 2363/4/682 2395/4/682 2394/4/682
f 2363/4/683 2364/4/683 2396/4/683 2395/4/683
f 2364/4/684 2365/4/684 2397/4/684 2396/4/684
f 2365/4/685 2366/4/685 2398/4/685 2397/4/685
f 2366/4/686 2367/4/686 2399/4/686 2398/4/686
f 2367/4/687 2368/4/687 2400/4/687 2399/4/687
f 2368/4/688 2369/4/688 2401/4/688 2400/4/688
f 2369/4/689 2370/4/689 2402/4/689 2401/4/689
f 2370/4/690 2371/4/690 2403/4/690 2402/4/690
f 2371/4/691 2372/4/691 2404/4/691 2403/4/691
f 2372/4/692 2373/4/692 2405/4/692 2404/4/692
f 2373/4/693 2374/4/693 2406/4/693 2405/4/693
f 2374/4/694 2375/4/694 2407/4/694 2406/4/694
f 2375/4/695 2376/4/695 2408/4/695 2407/4/695
f 2432/4/696 2409/4/696 2433/4/696 2456/4/696
f 2409/4/697 2410/4/697 2434/4/697 2433/4/697
f 2410/4/698 2411/4/698 2435/4/698 2434/4/698
f 2411/4/699 2412/4/699 2436/4/699 2435/4/699
f 2412/4/700 2413/4/700 2437/4/700 2436/4/700
f 2413/4/701 2414/4/701 2438/4/701 2437/4/701
f 2414/4/702 2415/4/702 2439/4/702 2438/4/702
f 2415/4/703 2416/4/703 2440/4/703 2439/4/703
f 2416/4/704 2417/4/704 2441/4/704 2440/4/704
f 2417/4/705 2418/4/705 2442/4/705 2441/4/705
f 2418/4/706 2419/4/706 2443/4/706 2442/4/706
f 2419/4/707 2420/4/707 2444/4/707 2443/4/707
f 2420/4/708 2421/4/708 2445/4/708 2444/4/708
f 2421/4/709 2422/4/709 2446/4/709 2445/4/709
f 2422/4/710 2423/4/710 2447/4/710 2446/4/710
f 2423/4/711 2424/4/711 2448/4/711 2447/4/711
f 2424/4/712 2425/4/712 2449/4/712 2448/4/712
f 2425/4/713 2426/4/713 2450/4/713 2449/4/713
f 2426/4/714 2427/4/714 2451/4/714 2450/4/714
f 2427/4/715 2428/4/715 2452/4/715 2451/4/715
f 2428/4/716 2429/4/716 2453/4/716 2452/4/716
f 2429/4/717 2430/4/717 2454/4/717 2453/4/717
f 2430/4/718 2431/4/718 2455/4/718 2454/4/718
f 2431/4/634 2432/4/634 2456/4/634 2455/4/634
f 2468/4/719 2457/4/719 2469/4/719 2480/4/719
f 2457/4/720 2458/4/720 2470/4/720 2469/4/720
f 2458/4/721 2459/4/721 2471/4/721 2470/4/721
f 2459/4/722 2460/4/722 2472/4/722 2471/4/722
f 2460/4/723 2461/4/723 2473/4/723 2472/4/723
f 2461/4/724 2462/4/724 2474/4/724 2473/4/724
f 2462/4/725 2463/4/725 2475/4/725 2474/4/725
f 2463/4/720 2464/4/720 2476/4/720 2475/4/720
f 2464/4/726 2465/4/726 2477/4/726 2476/4/726
f 2465/4/727 2466/4/727 2478/4/727 2477/4/727
f 2466/4/662 2467/4/662 2479/4/662 2478/4/662
f 2467/4/728 2468/4/728 2480/4/728 2479/4/728
f 2492/4/729 2481/4/729 2493/4/729 2504/4/729
f 2481/4/730 2482/4/730 2494/4/730 2493/4/730
f 2482/4/731 2483/4/731 2495/4/731 2494/4/731
f 2483/4/732 2484/4/732 2496/4/732 2495/4/732
f 2484/4/733 2485/4/733 2497/4/733 2496/4/733
f 2485/4/734 2486/4/734 2498/4/734 2497/4/734
f 2486/4/735 2487/4/735 2499/4/735 2498/4/735
f 2487/4/736 2488/4/736 2500/4/736 2499/4/736
f 2488/4/737 2489/4/737 2501/4/737 2500/4/737
f 2489/4/738 2490/4/738 2502/4/738 2501/4/738
f 2490/4/739 2491/4/739 2503/4/739 2502/4/739
f 2491/4/740 2492/4/740 2504/4/740 2503/4/740
f 2516/4/741 2505/4/741 2517/4/741 2528/4/741
f 2505/4/742 2506/4/742 2518/4/742 2517/4/742
f 2506/4/743 2507/4/743 2519/4/743 2518/4/743
f 2507/4/744 2508/4/744 2520/4/744 2519/4/744
f 2508/4/745 2509/4/745 2521/4/745 2520/4/745
f 2509/4/746 2510/4/746 2522/4/746 2521/4/746
f 2510/4/747 2511/4/747 2523/4/747 2522/4/747
f 2511/4/748 2512/4/748 2524/4/748 2523/4/748
f 2512/4/749 2513/4/749 2525/4/749 2524/4/749
f 2513/4/746 2514/4/746 2526/4/746 2525/4/746
f 2514/4/750 2515/4/750 2527/4/750 2526/4/750
f 2515/4/751 2516/4/751 2528/4/751 2527/4/751
f 2540/4/752 2529/4/752 2541/4/752 2552/4/752
f 2529/4/753 2530/4/753 2542/4/753 2541/4/753
f 2530/4/754 2531/4/754 2543/4/754 2542/4/754
f 2531/4/755 2532/4/755 2544/4/755 2543/4/755
f 2532/4/756 2533/4/756 2545/4/756 2544/4/756
f 2533/4/757 2534/4/757 2546/4/757 2545/4/757
f 2534/4/758 2535/4/758 2547/4/758 2546/4/758
f 2535/4/759 2536/4/759 2548/4/759 2547/4/759
f 2536/4/758 2537/4/758 2549/4/758 2548/4/758
f 2537/4/760 2538/4/760 2550/4/760 2549/4/760
f 2538/4/761 2539/4/761 2551/4/761 2550/4/761
f 2539/4/762 2540/4/762 2552/4/762 2551/4/762
f 2564/4/763 2553/4/763 2565/4/763 2576/4/763
f 2553/4/764 2554/4/764 2566/4/764 2565/4/764
f 2554/4/765 2555/4/765 2567/4/765 2566/4/765
f 2555/4/337 2556/4/337 2568/4/337 2567/4/337
f 2556/4/236 2557/4/236 2569/4/236 2568/4/236
f 2557/4/766 2558/4/766 2570/4/766 2569/4/766
f 2558/4/767 2559/4/767 2571/4/767 2570/4/767
f 2559/4/768 2560/4/768 2572/4/768 2571/4/768
f 2560/4/769 2561/4/769 2573/4/769 2572/4/769
f 2561/4/195 2562/4/195 2574/4/195 2573/4/195
f 2562/4/770 2563/4/770 2575/4/770 2574/4/770
f 2563/4/771 2564/4/771 2576/4/771 2575/4/771
f 2594/4/772 2577/4/772 2595/4/772 2612/4/772
f 2577/4/773 2578/4/773 2596/4/773 2595/4/773
f 2578/4/181 2579/4/181 2597/4/181 2596/4/181
f 2579/4/774 2580/4/774 2598/4/774 2597/4/774
f 2580/4/775 2581/4/775 2599/4/775 2598/4/775
f 2581/4/648 2582/4/648 2600/4/648 2599/4/648
f 2582/4/775 2583/4/775 2601/4/775 2600/4/775
f 2583/4/776 2584/4/776 2602/4/776 2601/4/776
f 2584/4/777 2585/4/777 2603/4/777 2602/4/777
f 2585/4/778 2586/4/778 2604/4/778 2603/4/778
f 2586/4/779 2587/4/779 2605/4/779 2604/4/779
f 2587/4/780 2588/4/780 2606/4/780 2605/4/780
f 2588/4/781 2589/4/781 2607/4/781 2606/4/781
f 2589/4/782 2590/4/782 2608/4/782 2607/4/782
f 2590/4/783 2591/4/783 2609/4/783 2608/4/783
f 2591/4/784 2592/4/784 2610/4/784 2609/4/784
f 2592/4/785 2593/4/785 2611/4/785 2610/4/785
f 2593/4/782 2594/4/782 2612/4/782 2611/4/782
f 2616/4/786 2613/4/786 2617/4/786 2620/4/786
f 2613/4/787 2614/4/787 2618/4/787 2617/4/787
f 2614/4/788 2615/4/788 2619/4/788 2618/4/788
f 2615/4/789 2616/4/789 2620/4/789 2619/4/789
f 2624/4/790 2621/4/790 2625/4/790 2628/4/790
f 2621/4/791 2622/4/791 2626/4/791 2625/4/791
f 2622/4/792 2623/4/792 2627/4/792 2626/4/792
f 2623/4/793 2624/4/793 2628/4/793 2627/4/793
f 2636/4/420 2629/4/420 2637/4/420 2644/4/420
f 2629/4/794 2630/4/794 2638/4/794 2637/4/794
f 2630/4/795 2631/4/795 2639/4/795 2638/4/795
f 2631/4/796 2632/4/796 2640/4/796 2639/4/796
f 2632/4/797 2633/4/797 2641/4/797 2640/4/797
f 2633/4/798 2634/4/798 2642/4/798 2641/4/798
f 2634/4/799 2635/4/799 2643/4/799 2642/4/799
f 2635/4/149 2636/4/149 2644/4/149 2643/4/149
f 2656/4/800 2645/4/800 2657/4/800 2668/4/800
f 2645/4/801 2646/4/801 2658/4/801 2657/4/801
f 2646/4/604 2647/4/604 2659/4/604 2658/4/604
f 2647/4/529 2648/4/529 2660/4/529 2659/4/529
f 2648/4/802 2649/4/802 2661/4/802 2660/4/802
f 2649/4/803 2650/4/803 2662/4/803 2661/4/803
f 2650/4/804 2651/4/804 2663/4/804 2662/4/804
f 2651/4/805 2652/4/805 2664/4/805 2663/4/805
f 2652/4/806 2653/4/806 2665/4/806 2664/4/806
f 2653/4/807 2654/4/807 2666/4/807 2665/4/807
f 2654/4/407 2655/4/407 2667/4/407 2666/4/407
f 2655/4/808 2656/4/808 2668/4/808 2667/4/808
f 2676/4/809 2669/4/809 2677/4/809 2684/4/809
f 2669/4/810 2670/4/810 2678/4/810 2677/4/810
f 2670/4/811 2671/4/811 2679/4/811 2678/4/811
f 2671/4/812 2672/4/812 2680/4/812 2679/4/812
f 2672/4/637 2673/4/637 2681/4/637 2680/4/637
f 2673/4/813 2674/4/813 2682/4/813 2681/4/813
f 2674/4/814 2675/4/814 2683/4/814 2682/4/814
f 2675/4/815 2676/4/815 2684/4/815 2683/4/815
f 2689/4/328 2685/4/328 2690/4/328 2694/4/328
f 2685/4/816 2686/4/816 2691/4/816 2690/4/816
f 2686/4/157 2687/4/157 2692/4/157 2691/4/157
f 2687/4/817 2688/4/817 2693/4/817 2692/4/817
f 2688/4/123 2689/4/123 2694/4/123 2693/4/123
f 2698/4/818 2695/4/818 2699/4/818 2702/4/818
f 2695/4/819 2696/4/819 2700/4/819 2699/4/819
f 2696/4/116 2697/4/116 2701/4/116 2700/4/116
f 2697/4/123 2698/4/123 2702/4/123 2701/4/123
usemtl roof
f 905/4/1 906/4/1 907/4/1 908/4/1 909/4/1 910/4/1 911/4/1 912/4/1 913/4/1 914/4/1 915/4/1 916/4/1 917/4/1 918/4/1 919/4/1 920/4/1 921/4/1 922/4/1 923/4/1 924/4/1 925/4/1 926/4/1 927/4/1 928/4/1 929/4/1 930/4/1 931/4/1 932/4/1 933/4/1 934/4/1 935/4/1 936/4/1 937/4/1 938/4/1 939/4/1 940/4/1 941/4/1 942/4/1 943/4/1 944/4/1 945/4/1 946/4/1 947/4/1 948/4/1 949/4/1 950/4/1 951/4/1 952/4/1 953/4/1 954/4/1
f 959/4/1 960/4/1 961/4/1 962/4/1
f 969/4/1 970/4/1 971/4/1 972/4/1 973/4/1 974/4/1
f 991/4/1 992/4/1 993/4/1 994/4/1 995/4/1 996/4/1 997/4/1 998/4/1 999/4/1 1000/4/1 1001/4/1 1002/4/1 1003/4/1 1004/4/1 1005/4/1 1006/4/1
f 1016/4/1 1017/4/1 1018/4/1 1019/4/1 1020/4/1 1021/4/1 1022/4/1 1023/4/1 1024/4/1
f 1029/4/1 1030/4/1 1031/4/1 1032/4/1
f 1052/4/1 1053/4/1 1054/4/1 1055/4/1 1056/4/1 1057/4/1 1058/4/1 1059/4/1 1060/4/1 1061/4/1 1062/4/1 1063/4/1 1064/4/1 1065/4/1 1066/4/1 1067/4/1 1068/4/1 1069/4/1 1070/4/1
f 1091/4/1 1092/4/1 1093/4/1 1094/4/1 1095/4/1 1096/4/1 1097/4/1 1098/4/1 1099/4/1 1100/4/1 1101/4/1 1102/4/1 1103/4/1 1104/4/1 1105/4/1 1106/4/1 1107/4/1 1108/4/1 1109/4/1 1110/4/1
f 1122/4/1 1123/4/1 1124/4/1 1125/4/1 1126/4/1 1127/4/1 1128/4/1 1129/4/1 1130/4/1 1131/4/1 1132/4/1
f 1148/4/1 1149/4/1 1150/4/1 1151/4/1 1152/4/1 1153/4/1 1154/4/1 1155/4/1 1156/4/1 1157/4/1 1158/4/1 1159/4/1 1160/4/1 1161/4/1 1162/4/1
f 1180/4/1 1181/4/1 1182/4/1 1183/4/1 1184/4/1 1185/4/1 1186/4/1 1187/4/1 1188/4/1 1189/4/1 1190/4/1 1191/4/1 1192/4/1 1193/4/1 1194/4/1 1195/4/1 1196/4/1
f 1210/4/1 1211/4/1 1212/4/1 1213/4/1 1214/4/1 1215/4/1 1216/4/1 1217/4/1 1218/4/1 1219/4/1 1220/4/1 1221/4/1 1222/4/1
f 1254/4/1 1255/4/1 1256/4/1 1257/4/1 1258/4/1 1259/4/1 1260/4/1 1261/4/1 1262/4/1 1263/4/1 1264/4/1 1265/4/1 1266/4/1 1267/4/1 1268/4/1 1269/4/1 1270/4/1 1271/4/1 1272/4/1 1273/4/1 1274/4/1 1275/4/1 1276/4/1 1277/4/1 1278/4/1 1279/4/1 1280/4/1 1281/4/1 1282/4/1 1283/4/1 1284/4/1
f 1305/4/1 1306/4/1 1307/4/1 1308/4/1 1309/4/1 1310/4/1 1311/4/1 1312/4/1 1313/4/1 1314/4/1 1315/4/1 1316/4/1 1317/4/1 1318/4/1 1319/4/1 1320/4/1 1321/4/1 1322/4/1 1323/4/1 1324/4/1
f 1343/4/1 1344/4/1 1345/4/1 1346/4/1 1347/4/1 1348/4/1 1349/4/1 1350/4/1 1351/4/1 1352/4/1 1353/4/1 1354/4/1 1355/4/1 1356/4/1 1357/4/1 1358/4/1 1359/4/1 1360/4/1
f 1392/4/1 1393/4/1 1394/4/1 1395/4/1 1396/4/1 1397/4/1 1398/4/1 1399/4/1 1400/4/1 1401/4/1 1402/4/1 1403/4/1 1404/4/1 1405/4/1 1406/4/1 1407/4/1 1408/4/1 1409/4/1 1410/4/1 1411/4/1 1412/4/1 1413/4/1 1414/4/1 1415/4/1 1416/4/1 1417/4/1 1418/4/1 1419/4/1 1420/4/1 1421/4/1 1422/4/1
f 1435/4/1 1436/4/1 1437/4/1 1438/4/1 1439/4/1 1440/4/1 1441/4/1 1442/4/1 1443/4/1 1444/4/1 1445/4/1 1446/4/1
f 1467/4/1 1468/4/1 1469/4/1 1470/4/1 1471/4/1 1472/4/1 1473/4/1 1474/4/1 1475/4/1 1476/4/1 1477/4/1 1478/4/1 1479/4/1 1480/4/1 1481/4/1 1482/4/1 1483/4/1 1484/4/1 1485/4/1 1486/4/1
f 1525/4/1 1526/4/1 1527/4/1 1528/4/1 1529/4/1 1530/4/1 1531/4/1 1532/4/1 1533/4/1 1534/4/1 1535/4/1 1536/4/1 1537/4/1 1538/4/1 1539/4/1 1540/4/1 1541/4/1 1542/4/1 1543/4/1 1544/4/1 1545/4/1 1546/4/1 1547/4/1 1548/4/1 1549/4/1 1550/4/1 1551/4/1 1552/4/1 1553/4/1 1554/4/1 1555/4/1 1556/4/1 1557/4/1 1558/4/1 1559/4/1 1560/4/1 1561/4/1 1562/4/1
f 1573/4/1 1574/4/1 1575/4/1 1576/4/1 1577/4/1 1578/4/1 1579/4/1 1580/4/1 1581/4/1 1582/4/1
f 1615/4/1 1616/4/1 1617/4/1 1618/4/1 1619/4/1 1620/4/1 1621/4/1 1622/4/1 1623/4/1 1624/4/1 1625/4/1 1626/4/1 1627/4/1 1628/4/1 1629/4/1 1630/4/1 1631/4/1 1632/4/1 1633/4/1 1634/4/1 1635/4/1 1636/4/1 1637/4/1 1638/4/1 1639/4/1 1640/4/1 1641/4/1 1642/4/1 1643/4/1 1644/4/1 1645/4/1 1646/4/1
f 1672/4/1 1673/4/1 1674/4/1 1675/4/1 1676/4/1 1677/4/1 1678/4/1 1679/4/1 1680/4/1 1681/4/1 1682/4/1 1683/4/1 1684/4/1 1685/4/1 1686/4/1 1687/4/1 1688/4/1 1689/4/1 1690/4/1 1691/4/1 1692/4/1 1693/4/1 1694/4/1 1695/4/1 1696/4/1
f 1701/4/1 1702/4/1 1703/4/1 1704/4/1
f 1713/4/1 1714/4/1 1715/4/1 1716/4/1 1717/4/1 1718/4/1 1719/4/1 1720/4/1
f 1725/4/1 1726/4/1 1727/4/1 1728/4/1
f 1733/4/1 1734/4/1 1735/4/1 1736/4/1
f 1741/4/1 1742/4/1 1743/4/1 1744/4/1
f 1749/4/1 1750/4/1 1751/4/1 1752/4/1
f 1757/4/1 1758/4/1 1759/4/1 1760/4/1
f 1777/4/1 1778/4/1 1779/4/1 1780/4/1 1781/4/1 1782/4/1 1783/4/1 1784/4/1 1785/4/1 1786/4/1 1787/4/1 1788/4/1 1789/4/1 1790/4/1 1791/4/1 1792/4/1
f 1809/4/1 1810/4/1 1811/4/1 1812/4/1 1813/4/1 1814/4/1 1815/4/1 1816/4/1 1817/4/1 1818/4/1 1819/4/1 1820/4/1 1821/4/1 1822/4/1 1823/4/1 1824/4/1
f 1841/4/1 1842/4/1 1843/4/1 1844/4/1 1845/4/1 1846/4/1 1847/4/1 1848/4/1 1849/4/1 1850/4/1 1851/4/1 1852/4/1 1853/4/1 1854/4/1 1855/4/1 1856/4/1
f 1873/4/1 1874/4/1 1875/4/1 1876/4/1 1877/4/1 1878/4/1 1879/4/1 1880/4/1 1881/4/1 1882/4/1 1883/4/1 1884/4/1 1885/4/1 1886/4/1 1887/4/1 1888/4/1
f 1905/4/1 1906/4/1 1907/4/1 1908/4/1 1909/4/1 1910/4/1 1911/4/1 1912/4/1 1913/4/1 1914/4/1 1915/4/1 1916/4/1 1917/4/1 1918/4/1 1919/4/1 1920/4/1
f 1937/4/1 1938/4/1 1939/4/1 1940/4/1 1941/4/1 1942/4/1 1943/4/1 1944/4/1 1945/4/1 1946/4/1 1947/4/1 1948/4/1 1949/4/1 1950/4/1 1951/4/1 1952/4/1
f 1965/4/1 1966/4/1 1967/4/1 1968/4/1 1969/4/1 1970/4/1 1971/4/1 1972/4/1 1973/4/1 1974/4/1 1975/4/1 1976/4/1
f 1989/4/1 1990/4/1 1991/4/1 1992/4/1 1993/4/1 1994/4/1 1995/4/1 1996/4/1 1997/4/1 1998/4/1 1999/4/1 2000/4/1
f 2015/4/1 2016/4/1 2017/4/1 2018/4/1 2019/4/1 2020/4/1 2021/4/1 2022/4/1 2023/4/1 2024/4/1 2025/4/1 2026/4/1 2027/4/1 2028/4/1
f 2035/4/1 2036/4/1 2037/4/1 2038/4/1 2039/4/1 2040/4/1
f 2073/4/1 2074/4/1 2075/4/1 2076/4/1 2077/4/1 2078/4/1 2079/4/1 2080/4/1 2081/4/1 2082/4/1 2083/4/1 2084/4/1 2085/4/1 2086/4/1 2087/4/1 2088/4/1 2089/4/1 2090/4/1 2091/4/1 2092/4/1 2093/4/1 2094/4/1 2095/4/1 2096/4/1 2097/4/1 2098/4/1 2099/4/1 2100/4/1 2101/4/1 2102/4/1 2103/4/1 2104/4/1
f 2157/4/1 2158/4/1 2159/4/1 2160/4/1 2161/4/1 2162/4/1 2163/4/1 2164/4/1 2165/4/1 2166/4/1 2167/4/1 2168/4/1 2169/4/1 2170/4/1 2171/4/1 2172/4/1 2173/4/1 2174/4/1 2175/4/1 2176/4/1 2177/4/1 2178/4/1 2179/4/1 2180/4/1 2181/4/1 2182/4/1 2183/4/1 2184/4/1 2185/4/1 2186/4/1 2187/4/1 2188/4/1 2189/4/1 2190/4/1 2191/4/1 2192/4/1 2193/4/1 2194/4/1 2195/4/1 2196/4/1 2197/4/1 2198/4/1 2199/4/1 2200/4/1 2201/4/1 2202/4/1 2203/4/1 2204/4/1 2205/4/1 2206/4/1 2207/4/1 2208/4/1
f 2277/4/1 2278/4/1 2279/4/1 2280/4/1 2281/4/1 2282/4/1 2283/4/1 2284/4/1 2285/4/1 2286/4/1 2287/4/1 2288/4/1 2289/4/1 2290/4/1 2291/4/1 2292/4/1 2293/4/1 2294/4/1 2295/4/1 2296/4/1 2297/4/1 2298/4/1 2299/4/1 2300/4/1 2301/4/1 2302/4/1 2303/4/1 2304/4/1 2305/4/1 2306/4/1 2307/4/1 2308/4/1 2309/4/1 2310/4/1 2311/4/1 2312/4/1 2313/4/1 2314/4/1 2315/4/1 2316/4/1 2317/4/1 2318/4/1 2319/4/1 2320/4/1 2321/4/1 2322/4/1 2323/4/1 2324/4/1 2325/4/1 2326/4/1 2327/4/1 2328/4/1 2329/4/1 2330/4/1 2331/4/1 2332/4/1 2333/4/1 2334/4/1 2335/4/1 2336/4/1 2337/4/1 2338/4/1 2339/4/1 2340/4/1 2341/4/1 2342/4/1 2343/4/1 2344/4/1
f 2377/4/1 2378/4/1 2379/4/1 2380/4/1 2381/4/1 2382/4/1 2383/4/1 2384/4/1 2385/4/1 2386/4/1 2387/4/1 2388/4/1 2389/4/1 2390/4/1 2391/4/1 2392/4/1 2393/4/1 2394/4/1 2395/4/1 2396/4/1 2397/4/1 2398/4/1 2399/4/1 2400/4/1 2401/4/1 2402/4/1 2403/4/1 2404/4/1 2405/4/1 2406/4/1 2407/4/1 2408/4/1
f 2433/4/1 2434/4/1 2435/4/1 2436/4/1 2437/4/1 2438/4/1 2439/4/1 2440/4/1 2441/4/1 2442/4/1 2443/4/1 2444/4/1 2445/4/1 2446/4/1 2447/4/1 2448/4/1 2449/4/1 2450/4/1 2451/4/1 2452/4/1 2453/4/1 2454/4/1 2455/4/1 2456/4/1
f 2469/4/1 2470/4/1 2471/4/1 2472/4/1 2473/4/1 2474/4/1 2475/4/1 2476/4/1 2477/4/1 2478/4/1 2479/4/1 2480/4/1
f 2493/4/1 2494/4/1 2495/4/1 2496/4/1 2497/4/1 2498/4/1 2499/4/1 2500/4/1 2501/4/1 2502/4/1 2503/4/1 2504/4/1
f 2517/4/1 2518/4/1 2519/4/1 2520/4/1 2521/4/1 2522/4/1 2523/4/1 2524/4/1 2525/4/1 2526/4/1 2527/4/1 2528/4/1
f 2541/4/1 2542/4/1 2543/4/1 2544/4/1 2545/4/1 2546/4/1 2547/4/1 2548/4/1 2549/4/1 2550/4/1 2551/4/1 2552/4/1
f 2565/4/1 2566/4/1 2567/4/1 2568/4/1 2569/4/1 2570/4/1 2571/4/1 2572/4/1 2573/4/1 2574/4/1 2575/4/1 2576/4/1
f 2595/4/1 2596/4/1 2597/4/1 2598/4/1 2599/4/1 2600/4/1 2601/4/1 2602/4/1 2603/4/1 2604/4/1 2605/4/1 2606/4/1 2607/4/1 2608/4/1 2609/4/1 2610/4/1 2611/4/1 2612/4/1
f 2617/4/1 2618/4/1 2619/4/1 2620/4/1
f 2625/4/1 2626/4/1 2627/4/1 2628/4/1
f 2637/4/1 2638/4/1 2639/4/1 2640/4/1 2641/4/1 2642/4/1 2643/4/1 2644/4/1
f 2657/4/1 2658/4/1 2659/4/1 2660/4/1 2661/4/1 2662/4/1 2663/4/1 2664/4/1 2665/4/1 2666/4/1 2667/4/1 2668/4/1
f 2677/4/1 2678/4/1 2679/4/1 2680/4/1 2681/4/1 2682/4/1 2683/4/1 2684/4/1
f 2690/4/1 2691/4/1 2692/4/1 2693/4/1 2694/4/1
f 2699/4/1 2700/4/1 2701/4/1 2702/4/1
