# Blender 5.2.2 LTS
# www.blender.org
mtllib map1.mtl
o map.osm_buildings
v -140.166885 0.000000 -188.235870
v -138.973724 0.000000 -189.137543
v -133.628510 0.000000 -182.781143
v -126.880013 0.000000 -188.358154
v -133.408798 0.000000 -197.319458
v -137.446426 0.000000 -194.380676
v -139.555878 0.000000 -197.286148
v -136.176849 0.000000 -199.757385
v -142.676987 0.000000 -208.663040
v -149.730911 0.000000 -203.520172
v -143.736679 0.000000 -194.480942
v -146.819809 0.000000 -192.087616
v -153.472626 0.000000 -202.574005
v -154.598877 0.000000 -207.639069
v -159.256973 0.000000 -203.486923
v -164.965103 0.000000 -194.681625
v -163.113403 0.000000 -190.974670
v -174.844513 0.000000 -184.418137
v -168.000824 0.000000 -172.261932
v -156.823303 0.000000 -180.799973
v -150.895844 0.000000 -173.575241
v -144.977875 0.000000 -170.803314
v -149.788681 0.000000 -168.020386
v -157.376984 0.000000 -175.801727
v -166.817307 0.000000 -166.907440
v -159.334015 0.000000 -157.723480
v -156.079041 0.000000 -162.287521
v -153.492340 0.000000 -159.137146
v -156.632767 0.000000 -155.808746
v -148.309494 0.000000 -146.179489
v -139.231888 0.000000 -155.062653
v -146.085205 0.000000 -164.324524
v -142.935272 0.000000 -166.539749
v -140.529953 0.000000 -161.730713
v -133.867462 0.000000 -157.478226
v -129.982620 0.000000 -153.214630
v -126.832779 0.000000 -147.292404
v -115.387985 0.000000 -156.509521
v -122.155418 0.000000 -165.582138
v -121.744972 0.000000 -165.904953
v -113.087616 0.000000 -154.639328
v -99.552437 0.000000 -165.036438
v -107.312569 0.000000 -175.144318
v -110.233414 0.000000 -172.906830
v -113.364189 0.000000 -176.970032
v -110.099716 0.000000 -179.474686
v -118.928864 0.000000 -190.974075
v -132.807663 0.000000 -180.309830
v -123.844887 0.000000 -168.632309
v -124.217148 0.000000 -168.331757
v -140.166885 10.000000 -188.235870
v -138.973724 10.000000 -189.137543
v -133.628510 10.000000 -182.781143
v -126.880013 10.000000 -188.358154
v -133.408798 10.000000 -197.319458
v -137.446426 10.000000 -194.380676
v -139.555878 10.000000 -197.286148
v -136.176849 10.000000 -199.757385
v -142.676987 10.000000 -208.663040
v -149.730911 10.000000 -203.520172
v -143.736679 10.000000 -194.480942
v -146.819809 10.000000 -192.087616
v -153.472626 10.000000 -202.574005
v -154.598877 10.000000 -207.639069
v -159.256973 10.000000 -203.486923
v -164.965103 10.000000 -194.681625
v -163.113403 10.000000 -190.974670
v -174.844513 10.000000 -184.418137
v -168.000824 10.000000 -172.261932
v -156.823303 10.000000 -180.799973
v -150.895844 10.000000 -173.575241
v -144.977875 10.000000 -170.803314
v -149.788681 10.000000 -168.020386
v -157.376984 10.000000 -175.801727
v -166.817307 10.000000 -166.907440
v -159.334015 10.000000 -157.723480
v -156.079041 10.000000 -162.287521
v -153.492340 10.000000 -159.137146
v -156.632767 10.000000 -155.808746
v -148.309494 10.000000 -146.179489
v -139.231888 10.000000 -155.062653
v -146.085205 10.000000 -164.324524
v -142.935272 10.000000 -166.539749
v -140.529953 10.000000 -161.730713
v -133.867462 10.000000 -157.478226
v -129.982620 10.000000 -153.214630
v -126.832779 10.000000 -147.292404
v -115.387985 10.000000 -156.509521
v -122.155418 10.000000 -165.582138
v -121.744972 10.000000 -165.904953
v -113.087616 10.000000 -154.639328
v -99.552437 10.000000 -165.036438
v -107.312569 10.000000 -175.144318
v -110.233414 10.000000 -172.906830
v -113.364189 10.000000 -176.970032
v -110.099716 10.000000 -179.474686
v -118.928864 10.000000 -190.974075
v -132.807663 10.000000 -180.309830
v -123.844887 10.000000 -168.632309
v -124.217148 10.000000 -168.331757
v -97.403687 0.000000 -283.391296
v -97.489777 0.000000 -263.509644
v -42.748665 0.000000 -263.275513
v -42.662678 0.000000 -283.146027
v -97.403687 20.000000 -283.391296
v -97.489777 20.000000 -263.509644
v -42.748665 20.000000 -263.275513
v -42.662678 20.000000 -283.146027
v 0.433341 0.000000 -285.773102
v -0.292085 0.000000 -277.301666
v -0.015278 0.000000 -268.485168
v 0.643334 0.000000 -266.392365
v 58.362499 0.000000 -266.559509
v 58.601021 0.000000 -285.483826
v 0.433341 20.000000 -285.773102
v -0.292085 20.000000 -277.301666
v -0.015278 20.000000 -268.485168
v 0.643334 20.000000 -266.392365
v 58.362499 20.000000 -266.559509
v 58.601021 20.000000 -285.483826
v 86.854355 0.000000 -296.259735
v 82.549965 0.000000 -240.099030
v 109.314507 0.000000 -235.924789
v 102.308289 0.000000 -246.967606
v 101.277374 0.000000 -251.364716
v 101.620964 0.000000 -254.793365
v 101.057747 0.000000 -260.671021
v 103.892570 0.000000 -267.873413
v 109.037315 0.000000 -273.116638
v 120.176361 0.000000 -279.740265
v 131.038635 0.000000 -281.098480
v 137.023407 0.000000 -281.076294
v 140.688782 0.000000 -275.688477
v 147.437256 0.000000 -269.098450
v 160.342209 0.000000 -268.842590
v 159.539993 0.000000 -297.841309
v 86.854355 20.000000 -296.259735
v 82.549965 20.000000 -240.099030
v 109.314507 20.000000 -235.924789
v 102.308289 20.000000 -246.967606
v 101.277374 20.000000 -251.364716
v 101.620964 20.000000 -254.793365
v 101.057747 20.000000 -260.671021
v 103.892570 20.000000 -267.873413
v 109.037315 20.000000 -273.116638
v 120.176361 20.000000 -279.740265
v 131.038635 20.000000 -281.098480
v 137.023407 20.000000 -281.076294
v 140.688782 20.000000 -275.688477
v 147.437256 20.000000 -269.098450
v 160.342209 20.000000 -268.842590
v 159.539993 20.000000 -297.841309
v -458.408081 0.000000 -59.826672
v -490.087250 0.000000 -95.194290
v -523.333130 0.000000 -98.969604
v -523.046692 0.000000 -101.418617
v -531.160095 0.000000 -102.342972
v -535.837280 0.000000 -101.575104
v -535.417419 0.000000 -99.025864
v -569.646973 0.000000 -93.417145
v -600.422852 0.000000 -57.384716
v -458.408081 15.000000 -59.826672
v -490.087250 15.000000 -95.194290
v -523.333130 15.000000 -98.969604
v -523.046692 15.000000 -101.418617
v -531.160095 15.000000 -102.342972
v -535.837280 15.000000 -101.575104
v -535.417419 15.000000 -99.025864
v -569.646973 15.000000 -93.417145
v -600.422852 15.000000 -57.384716
v -42.443169 0.000000 -275.988190
v -42.166397 0.000000 -267.160553
v -0.015278 0.000000 -268.485168
v -0.292085 0.000000 -277.301666
v -42.443169 12.000000 -275.988190
v -42.166397 12.000000 -267.160553
v -0.015278 12.000000 -268.485168
v -0.292085 12.000000 -277.301666
v -161.614548 0.000000 -208.841415
v -161.452301 0.000000 -206.826538
v -160.631454 0.000000 -204.967484
v -159.256973 0.000000 -203.486923
v -157.472046 0.000000 -202.529541
v -155.467575 0.000000 -202.217819
v -153.472626 0.000000 -202.574005
v -151.706757 0.000000 -203.564728
v -150.360870 0.000000 -205.078659
v -149.587692 0.000000 -206.915421
v -149.454025 0.000000 -208.896896
v -149.959900 0.000000 -210.811600
v -151.057571 0.000000 -212.470276
v -152.622955 0.000000 -213.694809
v -154.503326 0.000000 -214.340500
v -156.488724 0.000000 -214.351654
v -158.378662 0.000000 -213.728302
v -159.991821 0.000000 -212.492676
v -161.108627 0.000000 -210.811768
v -161.614548 4.763814 -208.841415
v -161.452301 4.763814 -206.826538
v -160.631454 4.763814 -204.967484
v -159.256973 4.763814 -203.486923
v -157.472046 4.763814 -202.529541
v -155.467575 4.763814 -202.217819
v -153.472626 4.763814 -202.574005
v -151.706757 4.763814 -203.564728
v -150.360870 4.763814 -205.078659
v -149.587692 4.763814 -206.915421
v -149.454025 4.763814 -208.896896
v -149.959900 4.763814 -210.811600
v -151.057571 4.763814 -212.470276
v -152.622955 4.763814 -213.694809
v -154.503326 4.763814 -214.340500
v -156.488724 4.763814 -214.351654
v -158.378662 4.763814 -213.728302
v -159.991821 4.763814 -212.492676
v -161.108627 4.763814 -210.811768
v 36.132507 0.000000 -111.914368
v 46.594090 0.000000 -109.777077
v 46.766018 0.000000 -83.327568
v 56.406677 0.000000 -92.967880
v 64.329277 0.000000 -84.708023
v 59.852577 0.000000 -81.257088
v 56.750408 0.000000 -73.676216
v 169.050430 0.000000 -74.367592
v 169.049561 0.000000 -128.791687
v 158.024841 0.000000 -129.136612
v 156.993774 0.000000 -140.847412
v 168.362106 0.000000 -141.192673
v 164.915390 0.000000 -199.412704
v 140.107559 0.000000 -198.031998
v 141.148132 0.000000 -186.666290
v 99.120781 0.000000 -186.665817
v 98.777191 0.000000 -182.535858
v 86.378021 0.000000 -182.535751
v 86.034309 0.000000 -193.556366
v 33.325958 0.000000 -192.520798
v 36.132507 27.000000 -111.914368
v 46.594090 27.000000 -109.777077
v 46.766018 27.000000 -83.327568
v 56.406677 27.000000 -92.967880
v 64.329277 27.000000 -84.708023
v 59.852577 27.000000 -81.257088
v 56.750408 27.000000 -73.676216
v 169.050430 27.000000 -74.367592
v 169.049561 27.000000 -128.791687
v 158.024841 27.000000 -129.136612
v 156.993774 27.000000 -140.847412
v 168.362106 27.000000 -141.192673
v 164.915390 27.000000 -199.412704
v 140.107559 27.000000 -198.031998
v 141.148132 27.000000 -186.666290
v 99.120781 27.000000 -186.665817
v 98.777191 27.000000 -182.535858
v 86.378021 27.000000 -182.535751
v 86.034309 27.000000 -193.556366
v 33.325958 27.000000 -192.520798
v -18.809767 0.000000 -150.865021
v -6.477372 0.000000 -155.874374
v -0.072549 0.000000 -165.804077
v 0.013358 0.000000 -176.535278
v -4.883312 0.000000 -184.216324
v -5.742370 0.000000 -196.316742
v -30.893854 0.000000 -195.203598
v -31.199327 0.000000 -185.741440
v -37.518250 0.000000 -178.516830
v -37.260574 0.000000 -165.659424
v -30.855791 0.000000 -154.638779
v -18.809767 12.000000 -150.865021
v -6.477372 12.000000 -155.874374
v -0.072549 12.000000 -165.804077
v 0.013358 12.000000 -176.535278
v -4.883312 12.000000 -184.216324
v -5.742370 12.000000 -196.316742
v -30.893854 12.000000 -195.203598
v -31.199327 12.000000 -185.741440
v -37.518250 12.000000 -178.516830
v -37.260574 12.000000 -165.659424
v -30.855791 12.000000 -154.638779
v -1.007982 0.000000 -106.125694
v 2.876928 0.000000 -106.504181
v 5.979077 0.000000 -199.255585
v -4.110148 0.000000 -199.255585
v -4.883302 0.000000 -205.845703
v -12.261700 0.000000 -205.845703
v -13.426212 0.000000 -201.582169
v -22.742279 0.000000 -201.582184
v -23.124077 0.000000 -205.077621
v -30.111122 0.000000 -205.467255
v -32.048813 0.000000 -197.318665
v -44.467056 0.000000 -196.929092
v -39.427509 0.000000 -117.758659
v -36.315769 0.000000 -117.369026
v -36.315804 0.000000 -106.504242
v -1.007982 12.000000 -106.125694
v 2.876928 12.000000 -106.504181
v 5.979077 12.000000 -199.255585
v -4.110148 12.000000 -199.255585
v -4.883302 12.000000 -205.845703
v -12.261700 12.000000 -205.845703
v -13.426212 12.000000 -201.582169
v -22.742279 12.000000 -201.582184
v -23.124077 12.000000 -205.077621
v -30.111122 12.000000 -205.467255
v -32.048813 12.000000 -197.318665
v -44.467056 12.000000 -196.929092
v -39.427509 12.000000 -117.758659
v -36.315769 12.000000 -117.369026
v -36.315804 12.000000 -106.504242
v 101.277374 0.000000 -251.364716
v 116.129547 0.000000 -252.144104
v 116.711853 0.000000 -246.845306
v 131.124969 0.000000 -247.290756
v 131.716690 0.000000 -252.433716
v 135.830627 0.000000 -252.578491
v 135.973862 0.000000 -248.615509
v 150.091080 0.000000 -248.615707
v 149.947693 0.000000 -263.610443
v 136.565460 0.000000 -263.754974
v 137.023407 0.000000 -281.076294
v 131.038635 0.000000 -281.098480
v 131.420654 0.000000 -263.910767
v 129.215744 0.000000 -263.754883
v 116.415771 0.000000 -263.910583
v 116.272682 0.000000 -256.107086
v 101.620964 0.000000 -254.793365
v 101.277374 17.000000 -251.364716
v 116.129547 17.000000 -252.144104
v 116.711853 17.000000 -246.845306
v 131.124969 17.000000 -247.290756
v 131.716690 17.000000 -252.433716
v 135.830627 17.000000 -252.578491
v 135.973862 17.000000 -248.615509
v 150.091080 17.000000 -248.615707
v 149.947693 17.000000 -263.610443
v 136.565460 17.000000 -263.754974
v 137.023407 17.000000 -281.076294
v 131.038635 17.000000 -281.098480
v 131.420654 17.000000 -263.910767
v 129.215744 17.000000 -263.754883
v 116.415771 17.000000 -263.910583
v 116.272682 17.000000 -256.107086
v 101.620964 17.000000 -254.793365
v 208.372620 0.000000 -293.756744
v 222.222504 0.000000 -293.924011
v 222.728500 0.000000 -288.858978
v 233.533508 0.000000 -289.026184
v 235.394775 0.000000 -290.373199
v 236.912354 0.000000 -294.091309
v 235.738190 0.000000 -299.835358
v 232.693237 0.000000 -302.874298
v 228.474289 0.000000 -304.900238
v 229.991791 0.000000 -312.336395
v 221.038513 0.000000 -313.516205
v 220.360931 0.000000 -307.772095
v 208.372345 0.000000 -307.771851
v 208.372620 17.000000 -293.756744
v 222.222504 17.000000 -293.924011
v 222.728500 17.000000 -288.858978
v 233.533508 17.000000 -289.026184
v 235.394775 17.000000 -290.373199
v 236.912354 17.000000 -294.091309
v 235.738190 17.000000 -299.835358
v 232.693237 17.000000 -302.874298
v 228.474289 17.000000 -304.900238
v 229.991791 17.000000 -312.336395
v 221.038513 17.000000 -313.516205
v 220.360931 17.000000 -307.772095
v 208.372345 17.000000 -307.771851
v 202.120621 0.000000 -292.565491
v 190.800156 0.000000 -292.910370
v 191.144073 0.000000 -277.203217
v 203.132675 0.000000 -277.537384
v 203.810303 0.000000 -281.756409
v 206.339752 0.000000 -281.422516
v 206.511642 0.000000 -277.537445
v 223.062805 0.000000 -277.871735
v 223.568573 0.000000 -283.615845
v 240.635132 0.000000 -284.974304
v 249.082535 0.000000 -284.974518
v 246.543549 0.000000 -284.462372
v 246.037582 0.000000 -287.846466
v 249.588333 0.000000 -288.514465
v 248.910477 0.000000 -295.271545
v 245.197464 0.000000 -294.592407
v 244.796494 0.000000 -297.854065
v 248.566788 0.000000 -298.310577
v 247.220306 0.000000 -325.338898
v 224.589020 0.000000 -324.826355
v 224.589096 0.000000 -321.787323
v 221.878296 0.000000 -321.787262
v 221.715973 0.000000 -324.492310
v 200.764618 0.000000 -324.324921
v 200.430603 0.000000 -320.773834
v 197.901169 0.000000 -320.606812
v 197.557480 0.000000 -324.324860
v 190.293716 0.000000 -324.157745
v 190.131729 0.000000 -308.450562
v 201.948502 0.000000 -308.784760
v 201.786484 0.000000 -295.270569
v 202.120621 17.000000 -292.565491
v 190.800156 17.000000 -292.910370
v 191.144073 17.000000 -277.203217
v 203.132675 17.000000 -277.537384
v 203.810303 17.000000 -281.756409
v 206.339752 17.000000 -281.422516
v 206.511642 17.000000 -277.537445
v 223.062805 17.000000 -277.871735
v 223.568573 17.000000 -283.615845
v 240.635132 17.000000 -284.974304
v 249.082535 17.000000 -284.974518
v 246.543549 17.000000 -284.462372
v 246.037582 17.000000 -287.846466
v 249.588333 17.000000 -288.514465
v 248.910477 17.000000 -295.271545
v 245.197464 17.000000 -294.592407
v 244.796494 17.000000 -297.854065
v 248.566788 17.000000 -298.310577
v 247.220306 17.000000 -325.338898
v 224.589020 17.000000 -324.826355
v 224.589096 17.000000 -321.787323
v 221.878296 17.000000 -321.787262
v 221.715973 17.000000 -324.492310
v 200.764618 17.000000 -324.324921
v 200.430603 17.000000 -320.773834
v 197.901169 17.000000 -320.606812
v 197.557480 17.000000 -324.324860
v 190.293716 17.000000 -324.157745
v 190.131729 17.000000 -308.450562
v 201.948502 17.000000 -308.784760
v 201.786484 17.000000 -295.270569
v -488.571259 0.000000 -265.268127
v -482.328644 0.000000 -268.384796
v -481.430054 0.000000 -297.806488
v -469.842407 0.000000 -296.915436
v -463.600159 0.000000 -291.560669
v -459.142609 0.000000 -292.005768
v -455.133392 0.000000 -298.695892
v -444.881958 0.000000 -299.586029
v -441.762146 0.000000 -265.266083
v -435.080566 0.000000 -265.711090
v -431.511810 0.000000 -238.515594
v -413.232910 0.000000 -238.514862
v -429.493591 0.000000 -341.853394
v -497.921997 0.000000 -339.262634
v -499.708710 0.000000 -301.369568
v -505.053894 0.000000 -301.815094
v -512.196777 0.000000 -236.292786
v -506.842041 0.000000 -234.511414
v -505.505554 0.000000 -238.073578
v -491.245117 0.000000 -238.963470
v -488.571259 20.000000 -265.268127
v -482.328644 20.000000 -268.384796
v -481.430054 20.000000 -297.806488
v -469.842407 20.000000 -296.915436
v -463.600159 20.000000 -291.560669
v -459.142609 20.000000 -292.005768
v -455.133392 20.000000 -298.695892
v -444.881958 20.000000 -299.586029
v -441.762146 20.000000 -265.266083
v -435.080566 20.000000 -265.711090
v -431.511810 20.000000 -238.515594
v -413.232910 20.000000 -238.514862
v -429.493591 20.000000 -341.853394
v -497.921997 20.000000 -339.262634
v -499.708710 20.000000 -301.369568
v -505.053894 20.000000 -301.815094
v -512.196777 20.000000 -236.292786
v -506.842041 20.000000 -234.511414
v -505.505554 20.000000 -238.073578
v -491.245117 20.000000 -238.963470
v -284.363251 0.000000 -277.661713
v -275.152222 0.000000 -277.661469
v -274.379150 0.000000 -274.589020
v -259.278839 0.000000 -274.844666
v -259.278717 0.000000 -279.965363
v -256.205200 0.000000 -279.709259
v -255.947632 0.000000 -273.820465
v -242.889938 0.000000 -274.332214
v -243.147324 0.000000 -288.926208
v -275.400146 0.000000 -288.158905
v -275.152161 0.000000 -280.989899
v -285.136322 0.000000 -280.734131
v -283.341309 0.000000 -300.448761
v -227.015839 0.000000 -303.263794
v -227.788559 0.000000 -323.746613
v -301.266235 0.000000 -325.028625
v -307.405396 0.000000 -266.652863
v -285.900330 0.000000 -264.860016
v -284.363251 20.000000 -277.661713
v -275.152222 20.000000 -277.661469
v -274.379150 20.000000 -274.589020
v -259.278839 20.000000 -274.844666
v -259.278717 20.000000 -279.965363
v -256.205200 20.000000 -279.709259
v -255.947632 20.000000 -273.820465
v -242.889938 20.000000 -274.332214
v -243.147324 20.000000 -288.926208
v -275.400146 20.000000 -288.158905
v -275.152161 20.000000 -280.989899
v -285.136322 20.000000 -280.734131
v -283.341309 20.000000 -300.448761
v -227.015839 20.000000 -303.263794
v -227.788559 20.000000 -323.746613
v -301.266235 20.000000 -325.028625
v -307.405396 20.000000 -266.652863
v -285.900330 20.000000 -264.860016
v -195.517609 0.000000 -278.795166
v -194.878479 0.000000 -257.421814
v -190.525909 0.000000 -257.544189
v -189.122681 0.000000 -262.920868
v -185.533737 0.000000 -262.664795
v -182.460220 0.000000 -262.152649
v -178.747208 0.000000 -260.493927
v -175.549637 0.000000 -258.568054
v -173.249298 0.000000 -256.263702
v -169.536346 0.000000 -250.508423
v -152.383789 0.000000 -250.508163
v -153.910828 0.000000 -263.053894
v -156.736176 0.000000 -263.053925
v -160.831009 0.000000 -264.078125
v -164.286316 0.000000 -265.480804
v -167.226166 0.000000 -267.273102
v -172.857697 0.000000 -272.137848
v -174.652130 0.000000 -274.954285
v -175.291580 0.000000 -278.794800
v -167.999130 0.000000 -279.050720
v -167.101959 0.000000 -274.698120
v -159.933609 0.000000 -275.087616
v -159.160568 0.000000 -267.529022
v -153.786667 0.000000 -268.174591
v -150.589401 0.000000 -244.107269
v -153.787033 0.000000 -242.949600
v -153.023483 0.000000 -239.365097
v -136.252716 0.000000 -238.852798
v -140.728622 0.000000 -295.180511
v -214.846130 0.000000 -291.341248
v -214.206879 0.000000 -278.161011
v -195.517609 20.000000 -278.795166
v -194.878479 20.000000 -257.421814
v -190.525909 20.000000 -257.544189
v -189.122681 20.000000 -262.920868
v -185.533737 20.000000 -262.664795
v -182.460220 20.000000 -262.152649
v -178.747208 20.000000 -260.493927
v -175.549637 20.000000 -258.568054
v -173.249298 20.000000 -256.263702
v -169.536346 20.000000 -250.508423
v -152.383789 20.000000 -250.508163
v -153.910828 20.000000 -263.053894
v -156.736176 20.000000 -263.053925
v -160.831009 20.000000 -264.078125
v -164.286316 20.000000 -265.480804
v -167.226166 20.000000 -267.273102
v -172.857697 20.000000 -272.137848
v -174.652130 20.000000 -274.954285
v -175.291580 20.000000 -278.794800
v -167.999130 20.000000 -279.050720
v -167.101959 20.000000 -274.698120
v -159.933609 20.000000 -275.087616
v -159.160568 20.000000 -267.529022
v -153.786667 20.000000 -268.174591
v -150.589401 20.000000 -244.107269
v -153.787033 20.000000 -242.949600
v -153.023483 20.000000 -239.365097
v -136.252716 20.000000 -238.852798
v -140.728622 20.000000 -295.180511
v -214.846130 20.000000 -291.341248
v -214.206879 20.000000 -278.161011
v -208.060272 0.000000 -256.397919
v -207.039246 0.000000 -241.670319
v -193.599731 0.000000 -241.414032
v -193.723740 0.000000 -244.998520
v -188.607559 0.000000 -244.998428
v -188.092209 0.000000 -240.901871
v -169.021057 0.000000 -241.291168
v -169.278687 0.000000 -246.923935
v -151.992493 0.000000 -246.923676
v -152.383789 0.000000 -250.508163
v -175.292053 0.000000 -250.118896
v -175.167862 0.000000 -256.397308
v -208.060272 20.000000 -256.397919
v -207.039246 20.000000 -241.670319
v -193.599731 20.000000 -241.414032
v -193.723740 20.000000 -244.998520
v -188.607559 20.000000 -244.998428
v -188.092209 20.000000 -240.901871
v -169.021057 20.000000 -241.291168
v -169.278687 20.000000 -246.923935
v -151.992493 20.000000 -246.923676
v -152.383789 20.000000 -250.508163
v -175.292053 20.000000 -250.118896
v -175.167862 20.000000 -256.397308
v -342.898163 0.000000 -138.235764
v -333.391144 0.000000 -138.424713
v -333.390961 0.000000 -144.435959
v -322.328033 0.000000 -145.214859
v -322.327393 0.000000 -166.176315
v -318.833862 0.000000 -166.365448
v -318.442047 0.000000 -182.083755
v -323.300537 0.000000 -182.273148
v -322.717621 0.000000 -203.624207
v -334.935425 0.000000 -203.034592
v -334.744263 0.000000 -211.773163
v -340.175415 0.000000 -212.541443
v -342.695251 0.000000 -214.868103
v -346.188782 0.000000 -214.678970
v -348.909210 0.000000 -212.742096
v -350.656067 0.000000 -209.825592
v -350.073975 0.000000 -204.983170
v -346.580505 0.000000 -203.424576
v -346.190857 0.000000 -151.226852
v -342.697357 0.000000 -149.868652
v -342.898163 10.000000 -138.235764
v -333.391144 10.000000 -138.424713
v -333.390961 10.000000 -144.435959
v -322.328033 10.000000 -145.214859
v -322.327393 10.000000 -166.176315
v -318.833862 10.000000 -166.365448
v -318.442047 10.000000 -182.083755
v -323.300537 10.000000 -182.273148
v -322.717621 10.000000 -203.624207
v -334.935425 10.000000 -203.034592
v -334.744263 10.000000 -211.773163
v -340.175415 10.000000 -212.541443
v -342.695251 10.000000 -214.868103
v -346.188782 10.000000 -214.678970
v -348.909210 10.000000 -212.742096
v -350.656067 10.000000 -209.825592
v -350.073975 10.000000 -204.983170
v -346.580505 10.000000 -203.424576
v -346.190857 10.000000 -151.226852
v -342.697357 10.000000 -149.868652
v -347.969513 0.000000 -51.484653
v -339.006165 0.000000 -61.725758
v -331.837646 0.000000 -61.981567
v -322.626740 0.000000 -53.276096
v -324.754242 0.000000 -89.377075
v -311.810852 0.000000 -90.133659
v -309.568817 0.000000 -51.995537
v -301.120972 0.000000 -61.468582
v -293.694763 0.000000 -60.956303
v -284.989685 0.000000 -53.531055
v -286.010040 0.000000 -90.144066
v -291.899231 0.000000 -98.337341
v -292.662079 0.000000 -125.989120
v -300.088531 0.000000 -116.772072
v -305.472046 0.000000 -116.516197
v -313.919312 0.000000 -125.733696
v -313.700562 0.000000 -98.894562
v -325.756195 0.000000 -98.794731
v -325.946381 0.000000 -121.893532
v -333.372803 0.000000 -114.212723
v -340.541290 0.000000 -113.700874
v -346.945892 0.000000 -121.126091
v -346.784515 0.000000 -94.119980
v -363.822784 0.000000 -94.020363
v -363.841736 0.000000 -97.827492
v -357.436676 0.000000 -103.972107
v -357.436127 0.000000 -120.614372
v -367.172638 0.000000 -109.093140
v -374.341095 0.000000 -109.605453
v -382.015106 0.000000 -119.335052
v -381.509979 0.000000 -97.828110
v -388.936584 0.000000 -87.074913
v -387.907013 0.000000 -50.717934
v -380.738190 0.000000 -59.166821
v -374.848785 0.000000 -58.910580
v -365.895630 0.000000 -49.436977
v -367.125610 0.000000 -88.743935
v -349.151886 0.000000 -89.311058
v -347.969513 20.000000 -51.484653
v -339.006165 20.000000 -61.725758
v -331.837646 20.000000 -61.981567
v -322.626740 20.000000 -53.276096
v -324.754242 20.000000 -89.377075
v -311.810852 20.000000 -90.133659
v -309.568817 20.000000 -51.995537
v -301.120972 20.000000 -61.468582
v -293.694763 20.000000 -60.956303
v -284.989685 20.000000 -53.531055
v -286.010040 20.000000 -90.144066
v -291.899231 20.000000 -98.337341
v -292.662079 20.000000 -125.989120
v -300.088531 20.000000 -116.772072
v -305.472046 20.000000 -116.516197
v -313.919312 20.000000 -125.733696
v -313.700562 20.000000 -98.894562
v -325.756195 20.000000 -98.794731
v -325.946381 20.000000 -121.893532
v -333.372803 20.000000 -114.212723
v -340.541290 20.000000 -113.700874
v -346.945892 20.000000 -121.126091
v -346.784515 20.000000 -94.119980
v -363.822784 20.000000 -94.020363
v -363.841736 20.000000 -97.827492
v -357.436676 20.000000 -103.972107
v -357.436127 20.000000 -120.614372
v -367.172638 20.000000 -109.093140
v -374.341095 20.000000 -109.605453
v -382.015106 20.000000 -119.335052
v -381.509979 20.000000 -97.828110
v -388.936584 20.000000 -87.074913
v -387.907013 20.000000 -50.717934
v -380.738190 20.000000 -59.166821
v -374.848785 20.000000 -58.910580
v -365.895630 20.000000 -49.436977
v -367.125610 20.000000 -88.743935
v -349.151886 20.000000 -89.311058
v -170.915131 0.000000 16.079468
v -161.331467 0.000000 6.717648
v -182.731674 0.000000 -18.474300
v -190.978821 0.000000 -18.474445
v -191.198288 0.000000 -22.704590
v -205.688065 0.000000 -22.704859
v -205.688156 0.000000 -18.474720
v -214.603485 0.000000 -18.252256
v -237.331451 0.000000 7.829417
v -229.533081 0.000000 15.855723
v -170.915131 18.000000 16.079468
v -161.331467 18.000000 6.717648
v -182.731674 18.000000 -18.474300
v -190.978821 18.000000 -18.474445
v -191.198288 18.000000 -22.704590
v -205.688065 18.000000 -22.704859
v -205.688156 18.000000 -18.474720
v -214.603485 18.000000 -18.252256
v -237.331451 18.000000 7.829417
v -229.533081 18.000000 15.855723
v -638.754517 0.000000 -252.541153
v -632.330627 0.000000 -253.553772
v -628.271851 0.000000 -289.019928
v -619.833984 0.000000 -289.353394
v -617.123413 0.000000 -285.301208
v -611.721130 0.000000 -281.248871
v -605.306641 0.000000 -284.966553
v -602.261475 0.000000 -289.352386
v -602.261047 0.000000 -297.801514
v -593.145508 0.000000 -297.801025
v -589.424744 0.000000 -264.360443
v -582.666809 0.000000 -264.360046
v -580.644836 0.000000 -236.318573
v -569.496094 0.000000 -236.997009
v -568.150330 0.000000 -234.291885
v -559.359314 0.000000 -234.625366
v -567.469055 0.000000 -301.851654
v -570.504395 0.000000 -301.183899
v -574.559082 0.000000 -337.997467
v -596.856384 0.000000 -335.638702
v -597.534546 0.000000 -327.534698
v -626.923828 0.000000 -325.165283
v -626.923645 0.000000 -328.549408
v -646.853699 0.000000 -328.205505
v -650.568909 0.000000 -292.060303
v -654.959717 0.000000 -291.726593
v -661.043152 0.000000 -239.028336
v -658.007935 0.000000 -237.002121
v -661.387878 0.000000 -221.796097
v -655.641724 0.000000 -221.461777
v -653.274231 0.000000 -225.847626
v -641.113770 0.000000 -226.191971
v -638.754517 20.000000 -252.541153
v -632.330627 20.000000 -253.553772
v -628.271851 20.000000 -289.019928
v -619.833984 20.000000 -289.353394
v -617.123413 20.000000 -285.301208
v -611.721130 20.000000 -281.248871
v -605.306641 20.000000 -284.966553
v -602.261475 20.000000 -289.352386
v -602.261047 20.000000 -297.801514
v -593.145508 20.000000 -297.801025
v -589.424744 20.000000 -264.360443
v -582.666809 20.000000 -264.360046
v -580.644836 20.000000 -236.318573
v -569.496094 20.000000 -236.997009
v -568.150330 20.000000 -234.291885
v -559.359314 20.000000 -234.625366
v -567.469055 20.000000 -301.851654
v -570.504395 20.000000 -301.183899
v -574.559082 20.000000 -337.997467
v -596.856384 20.000000 -335.638702
v -597.534546 20.000000 -327.534698
v -626.923828 20.000000 -325.165283
v -626.923645 20.000000 -328.549408
v -646.853699 20.000000 -328.205505
v -650.568909 20.000000 -292.060303
v -654.959717 20.000000 -291.726593
v -661.043152 20.000000 -239.028336
v -658.007935 20.000000 -237.002121
v -661.387878 20.000000 -221.796097
v -655.641724 20.000000 -221.461777
v -653.274231 20.000000 -225.847626
v -641.113770 20.000000 -226.191971
v -758.583740 0.000000 -252.827332
v -752.503540 0.000000 -252.147842
v -749.122009 0.000000 -288.638153
v -740.006470 0.000000 -288.292419
v -735.950256 0.000000 -282.559174
v -730.204102 0.000000 -282.213684
v -727.168640 0.000000 -284.239502
v -725.135254 0.000000 -288.291382
v -713.652466 0.000000 -289.648712
v -709.941772 0.000000 -254.849976
v -704.195740 0.000000 -252.823593
v -700.818542 0.000000 -226.140076
v -679.532837 0.000000 -226.472656
v -687.976074 0.000000 -292.006989
v -691.689087 0.000000 -292.352325
v -694.731689 0.000000 -326.471924
v -713.315857 0.000000 -327.486176
v -712.638367 0.000000 -324.447113
v -746.084229 0.000000 -323.425262
v -746.084045 0.000000 -326.475433
v -766.682251 0.000000 -325.463867
v -769.395630 0.000000 -290.320496
v -775.132263 0.000000 -289.653015
v -782.572632 0.000000 -225.132782
v -760.275269 0.000000 -224.452118
v -758.583740 20.000000 -252.827332
v -752.503540 20.000000 -252.147842
v -749.122009 20.000000 -288.638153
v -740.006470 20.000000 -288.292419
v -735.950256 20.000000 -282.559174
v -730.204102 20.000000 -282.213684
v -727.168640 20.000000 -284.239502
v -725.135254 20.000000 -288.291382
v -713.652466 20.000000 -289.648712
v -709.941772 20.000000 -254.849976
v -704.195740 20.000000 -252.823593
v -700.818542 20.000000 -226.140076
v -679.532837 20.000000 -226.472656
v -687.976074 20.000000 -292.006989
v -691.689087 20.000000 -292.352325
v -694.731689 20.000000 -326.471924
v -713.315857 20.000000 -327.486176
v -712.638367 20.000000 -324.447113
v -746.084229 20.000000 -323.425262
v -746.084045 20.000000 -326.475433
v -766.682251 20.000000 -325.463867
v -769.395630 20.000000 -290.320496
v -775.132263 20.000000 -289.653015
v -782.572632 20.000000 -225.132782
v -760.275269 20.000000 -224.452118
v -646.965149 0.000000 -65.714149
v -631.805359 0.000000 -97.806641
v -734.329834 0.000000 -111.639114
v -732.108887 0.000000 -66.610229
v -646.965149 20.000000 -65.714149
v -631.805359 20.000000 -97.806641
v -734.329834 20.000000 -111.639114
v -732.108887 20.000000 -66.610229
v -654.989990 0.000000 -109.407539
v -626.908081 0.000000 -106.723045
v -606.841919 0.000000 -143.724487
v -634.035339 0.000000 -157.986099
v -641.166199 0.000000 -148.179276
v -622.887634 0.000000 -139.272629
v -633.589050 0.000000 -118.311798
v -653.653015 0.000000 -120.550537
v -654.989990 20.000000 -109.407539
v -626.908081 20.000000 -106.723045
v -606.841919 20.000000 -143.724487
v -634.035339 20.000000 -157.986099
v -641.166199 20.000000 -148.179276
v -622.887634 20.000000 -139.272629
v -633.589050 20.000000 -118.311798
v -653.653015 20.000000 -120.550537
v -231.421570 0.000000 -53.117874
v -231.421158 0.000000 -71.942001
v -246.168579 0.000000 -72.320816
v -246.169022 0.000000 -53.118206
v -231.421570 7.000000 -53.117874
v -231.421158 7.000000 -71.942001
v -246.168579 7.000000 -72.320816
v -246.169022 7.000000 -53.118206
v -207.166992 0.000000 -53.306618
v -207.748795 0.000000 -76.783905
v -228.509750 0.000000 -76.394714
v -227.927994 0.000000 -53.307041
v -207.166992 7.000000 -53.306618
v -207.748795 7.000000 -76.783905
v -228.509750 7.000000 -76.394714
v -227.927994 7.000000 -53.307041
v -189.317322 0.000000 -53.506660
v -189.698868 0.000000 -67.866882
v -204.637207 0.000000 -68.056396
v -203.673416 0.000000 -53.696167
v -189.317322 7.000000 -53.506660
v -189.698868 7.000000 -67.866882
v -204.637207 7.000000 -68.056396
v -203.673416 7.000000 -53.696167
v -170.684921 0.000000 -53.895962
v -170.875122 0.000000 -97.154716
v -187.369308 0.000000 -97.355370
v -186.406006 0.000000 -53.695850
v -170.684921 7.000000 -53.895962
v -170.875122 7.000000 -97.154716
v -187.369308 7.000000 -97.355370
v -186.406006 7.000000 -53.695850
v -153.608398 0.000000 -54.274189
v -154.189926 0.000000 -105.503426
v -168.937317 0.000000 -105.114029
v -167.582703 0.000000 -54.085155
v -153.608398 7.000000 -54.274189
v -154.189926 7.000000 -105.503426
v -168.937317 7.000000 -105.114029
v -167.582703 7.000000 -54.085155
v 308.098480 0.000000 1.872009
v 307.878540 0.000000 -12.020658
v 302.113190 0.000000 -11.931437
v 302.170563 0.000000 -8.480534
v 294.935211 0.000000 -8.369011
v 294.877808 0.000000 -12.309719
v 287.986084 0.000000 -12.198211
v 288.062592 0.000000 -7.266759
v 281.839050 0.000000 -7.166405
v 281.772095 0.000000 -11.663711
v 276.121277 0.000000 -11.574507
v 276.178650 0.000000 -7.834174
v 267.530579 0.000000 -7.700369
v 267.492340 0.000000 -10.015814
v 261.746063 0.000000 -9.926615
v 261.946838 0.000000 2.596823
v 308.098480 16.095987 1.872009
v 307.878540 16.095987 -12.020658
v 302.113190 16.095987 -11.931437
v 302.170563 16.095987 -8.480534
v 294.935211 16.095987 -8.369011
v 294.877808 16.095987 -12.309719
v 287.986084 16.095987 -12.198211
v 288.062592 16.095987 -7.266759
v 281.839050 16.095987 -7.166405
v 281.772095 16.095987 -11.663711
v 276.121277 16.095987 -11.574507
v 276.178650 16.095987 -7.834174
v 267.530579 16.095987 -7.700369
v 267.492340 16.095987 -10.015814
v 261.746063 16.095987 -9.926615
v 261.946838 16.095987 2.596823
v 370.544006 0.000000 0.356070
v 369.913513 0.000000 -13.569976
v 363.040894 0.000000 -13.269176
v 363.203308 0.000000 -9.428659
v 355.748413 0.000000 -9.094449
v 355.566925 0.000000 -13.179869
v 350.021118 0.000000 -12.934781
v 350.231262 0.000000 -8.303898
v 342.070007 0.000000 -7.947409
v 341.850311 0.000000 -12.834328
v 337.230377 0.000000 -12.633805
v 337.383209 0.000000 -9.227434
v 329.546509 0.000000 -8.882097
v 329.355499 0.000000 -13.023176
v 321.891052 0.000000 -12.688990
v 322.578766 0.000000 2.506100
v 370.544006 15.000000 0.356070
v 369.913513 15.000000 -13.569976
v 363.040894 15.000000 -13.269176
v 363.203308 15.000000 -9.428659
v 355.748413 15.000000 -9.094449
v 355.566925 15.000000 -13.179869
v 350.021118 15.000000 -12.934781
v 350.231262 15.000000 -8.303898
v 342.070007 15.000000 -7.947409
v 341.850311 15.000000 -12.834328
v 337.230377 15.000000 -12.633805
v 337.383209 15.000000 -9.227434
v 329.546509 15.000000 -8.882097
v 329.355499 15.000000 -13.023176
v 321.891052 15.000000 -12.688990
v 322.578766 15.000000 2.506100
v 425.706421 0.000000 -0.581080
v 425.429047 0.000000 -15.085999
v 420.341400 0.000000 -14.985608
v 420.417908 0.000000 -11.067165
v 412.457123 0.000000 -10.911006
v 412.371033 0.000000 -15.163407
v 406.825226 0.000000 -15.051874
v 406.911285 0.000000 -10.710417
v 400.592285 0.000000 -10.587726
v 400.506226 0.000000 -14.906919
v 393.881775 0.000000 -14.773088
v 393.958282 0.000000 -10.876908
v 387.706116 0.000000 -10.765359
v 387.620026 0.000000 -15.240399
v 379.897888 0.000000 -15.084273
v 380.194336 0.000000 0.277806
v 425.706421 15.000000 -0.581080
v 425.429047 15.000000 -15.085999
v 420.341400 15.000000 -14.985608
v 420.417908 15.000000 -11.067165
v 412.457123 15.000000 -10.911006
v 412.371033 15.000000 -15.163407
v 406.825226 15.000000 -15.051874
v 406.911285 15.000000 -10.710417
v 400.592285 15.000000 -10.587726
v 400.506226 15.000000 -14.906919
v 393.881775 15.000000 -14.773088
v 393.958282 15.000000 -10.876908
v 387.706116 15.000000 -10.765359
v 387.620026 15.000000 -15.240399
v 379.897888 15.000000 -15.084273
v 380.194336 15.000000 0.277806
v 277.458771 0.000000 32.463448
v 277.602081 0.000000 37.784515
v 283.577484 0.000000 37.628513
v 283.434174 0.000000 32.385368
v 290.698181 0.000000 32.195927
v 290.812866 0.000000 36.760025
v 296.339600 0.000000 36.615158
v 296.196289 0.000000 31.115978
v 305.130737 0.000000 30.881954
v 305.254944 0.000000 35.434917
v 311.698059 0.000000 35.267750
v 311.354034 0.000000 22.287909
v 262.863708 0.000000 23.558260
v 263.245880 0.000000 38.096577
v 269.612640 0.000000 37.929440
v 269.469330 0.000000 32.664028
v 277.458771 15.000000 32.463448
v 277.602081 15.000000 37.784515
v 283.577484 15.000000 37.628513
v 283.434174 15.000000 32.385368
v 290.698181 15.000000 32.195927
v 290.812866 15.000000 36.760025
v 296.339600 15.000000 36.615158
v 296.196289 15.000000 31.115978
v 305.130737 15.000000 30.881954
v 305.254944 15.000000 35.434917
v 311.698059 15.000000 35.267750
v 311.354034 15.000000 22.287909
v 262.863708 15.000000 23.558260
v 263.245880 15.000000 38.096577
v 269.612640 15.000000 37.929440
v 269.469330 15.000000 32.664028
v 329.805634 0.000000 35.734745
v 329.585938 0.000000 31.070467
v 337.336761 0.000000 30.714001
v 337.566010 0.000000 35.723370
v 342.052307 0.000000 35.522854
v 341.823090 0.000000 30.613670
v 351.292053 0.000000 30.179216
v 351.559509 0.000000 35.823105
v 358.365356 0.000000 35.511185
v 358.116974 0.000000 30.156723
v 365.247345 0.000000 29.833654
v 365.486176 0.000000 34.998871
v 372.864716 0.000000 34.664658
v 372.167358 0.000000 19.347118
v 323.257080 0.000000 21.586241
v 323.925690 0.000000 36.002094
v 329.805634 15.000000 35.734745
v 329.585938 15.000000 31.070467
v 337.336761 15.000000 30.714001
v 337.566010 15.000000 35.723370
v 342.052307 15.000000 35.522854
v 341.823090 15.000000 30.613670
v 351.292053 15.000000 30.179216
v 351.559509 15.000000 35.823105
v 358.365356 15.000000 35.511185
v 358.116974 15.000000 30.156723
v 365.247345 15.000000 29.833654
v 365.486176 15.000000 34.998871
v 372.864716 15.000000 34.664658
v 372.167358 15.000000 19.347118
v 323.257080 15.000000 21.586241
v 323.925690 15.000000 36.002094
v 386.581390 0.000000 34.552845
v 386.581238 0.000000 29.877428
v 394.198425 0.000000 29.877148
v 394.198608 0.000000 34.574829
v 399.057190 0.000000 34.574650
v 399.056976 0.000000 29.197918
v 407.304169 0.000000 29.197605
v 407.304382 0.000000 34.629997
v 413.833405 0.000000 34.640877
v 413.833221 0.000000 29.486784
v 422.233124 0.000000 29.486454
v 422.242828 0.000000 33.716595
v 428.743225 0.000000 33.716335
v 428.742676 0.000000 20.079697
v 380.357300 0.000000 20.092669
v 380.357819 0.000000 34.553070
v 386.581390 16.376751 34.552845
v 386.581238 16.376751 29.877428
v 394.198425 16.376751 29.877148
v 394.198608 16.376751 34.574829
v 399.057190 16.376751 34.574650
v 399.056976 16.376751 29.197918
v 407.304169 16.376751 29.197605
v 407.304382 16.376751 34.629997
v 413.833405 16.376751 34.640877
v 413.833221 16.376751 29.486784
v 422.233124 16.376751 29.486454
v 422.242828 16.376751 33.716595
v 428.743225 16.376751 33.716335
v 428.742676 16.376751 20.079697
v 380.357300 16.376751 20.092669
v 380.357819 16.376751 34.553070
v 450.649200 0.000000 18.676165
v 464.719025 0.000000 18.452919
v 464.537140 0.000000 6.641929
v 478.358795 0.000000 6.418677
v 478.167328 0.000000 -5.948910
v 467.075653 0.000000 -5.770305
v 466.893799 0.000000 -17.191677
v 455.630341 0.000000 -17.013077
v 455.850464 0.000000 -3.387581
v 438.964783 0.000000 -3.108571
v 439.137054 0.000000 7.477905
v 450.467346 0.000000 7.288188
v 450.649200 18.000000 18.676165
v 464.719025 18.000000 18.452919
v 464.537140 18.000000 6.641929
v 478.358795 18.000000 6.418677
v 478.167328 18.000000 -5.948910
v 467.075653 18.000000 -5.770305
v 466.893799 18.000000 -17.191677
v 455.630341 18.000000 -17.013077
v 455.850464 18.000000 -3.387581
v 438.964783 18.000000 -3.108571
v 439.137054 18.000000 7.477905
v 450.467346 18.000000 7.288188
v 503.167664 0.000000 17.894571
v 516.531067 0.000000 16.958847
v 515.719177 0.000000 5.203547
v 526.705811 0.000000 4.434905
v 526.008484 0.000000 -5.606079
v 510.325592 0.000000 -4.514384
v 509.532776 0.000000 -15.824406
v 500.245209 0.000000 -15.178311
v 500.961609 0.000000 -5.003744
v 488.676819 0.000000 -4.146012
v 489.354980 0.000000 5.661204
v 502.250671 0.000000 4.770047
v 503.167664 18.000000 17.894571
v 516.531067 18.000000 16.958847
v 515.719177 18.000000 5.203547
v 526.705811 18.000000 4.434905
v 526.008484 18.000000 -5.606079
v 510.325592 18.000000 -4.514384
v 509.532776 18.000000 -15.824406
v 500.245209 18.000000 -15.178311
v 500.961609 18.000000 -5.003744
v 488.676819 18.000000 -4.146012
v 489.354980 18.000000 5.661204
v 502.250671 18.000000 4.770047
v -503.343231 0.000000 -144.776611
v -503.687195 0.000000 -137.674438
v -405.715088 0.000000 -140.709274
v -406.725861 0.000000 -167.403732
v -430.035248 0.000000 -165.378632
v -429.365631 0.000000 -201.858002
v -474.962830 0.000000 -201.525986
v -474.962952 0.000000 -198.820923
v -489.834320 0.000000 -198.142548
v -490.167908 0.000000 -208.617722
v -506.051086 0.000000 -207.271500
v -505.710022 0.000000 -153.559830
v -518.882446 0.000000 -152.547455
v -518.214661 0.000000 -144.777328
v -503.343231 17.461224 -144.776611
v -503.687195 17.461224 -137.674438
v -405.715088 17.461224 -140.709274
v -406.725861 17.461224 -167.403732
v -430.035248 17.461224 -165.378632
v -429.365631 17.461224 -201.858002
v -474.962830 17.461224 -201.525986
v -474.962952 17.461224 -198.820923
v -489.834320 17.461224 -198.142548
v -490.167908 17.461224 -208.617722
v -506.051086 17.461224 -207.271500
v -505.710022 17.461224 -153.559830
v -518.882446 17.461224 -152.547455
v -518.214661 17.461224 -144.777328
v 230.184311 0.000000 -237.730087
v 230.260757 0.000000 -233.544479
v 245.704758 0.000000 -233.912186
v 245.408661 0.000000 -242.071884
v 223.722183 0.000000 -241.626129
v 223.722260 0.000000 -237.807877
v 230.184311 4.279922 -237.730087
v 230.260757 4.279922 -233.544479
v 245.704758 4.279922 -233.912186
v 245.408661 4.279922 -242.071884
v 223.722183 4.279922 -241.626129
v 223.722260 4.279922 -237.807877
v 345.525787 0.000000 -290.476379
v 309.664978 0.000000 -289.606995
v 309.550323 0.000000 -294.059753
v 293.400055 0.000000 -293.669678
v 293.572083 0.000000 -286.278076
v 297.905548 0.000000 -286.389526
v 297.981995 0.000000 -282.983154
v 305.026276 0.000000 -283.161469
v 305.112274 0.000000 -279.499054
v 308.873016 0.000000 -279.588226
v 310.094727 0.000000 -281.825775
v 314.017761 0.000000 -281.747955
v 313.960571 0.000000 -278.775726
v 320.031250 0.000000 -278.664581
v 320.059845 0.000000 -280.100616
v 323.696533 0.000000 -280.033936
v 325.471863 0.000000 -282.048859
v 331.972046 0.000000 -282.216064
v 332.029358 0.000000 -280.234558
v 335.217438 0.000000 -280.312592
v 335.236542 0.000000 -279.455444
v 340.849060 0.000000 -279.589203
v 340.763031 0.000000 -283.285004
v 345.411469 0.000000 -283.396454
v 345.516602 0.000000 -279.077271
v 351.291382 0.000000 -279.222168
v 351.205353 0.000000 -282.728729
v 359.223206 0.000000 -282.929382
v 359.137177 0.000000 -286.669708
v 363.795166 0.000000 -286.781189
v 363.594421 0.000000 -295.219208
v 345.420654 0.000000 -294.773315
v 345.525787 20.000000 -290.476379
v 309.664978 20.000000 -289.606995
v 309.550323 20.000000 -294.059753
v 293.400055 20.000000 -293.669678
v 293.572083 20.000000 -286.278076
v 297.905548 20.000000 -286.389526
v 297.981995 20.000000 -282.983154
v 305.026276 20.000000 -283.161469
v 305.112274 20.000000 -279.499054
v 308.873016 20.000000 -279.588226
v 310.094727 20.000000 -281.825775
v 314.017761 20.000000 -281.747955
v 313.960571 20.000000 -278.775726
v 320.031250 20.000000 -278.664581
v 320.059845 20.000000 -280.100616
v 323.696533 20.000000 -280.033936
v 325.471863 20.000000 -282.048859
v 331.972046 20.000000 -282.216064
v 332.029358 20.000000 -280.234558
v 335.217438 20.000000 -280.312592
v 335.236542 20.000000 -279.455444
v 340.849060 20.000000 -279.589203
v 340.763031 20.000000 -283.285004
v 345.411469 20.000000 -283.396454
v 345.516602 20.000000 -279.077271
v 351.291382 20.000000 -279.222168
v 351.205353 20.000000 -282.728729
v 359.223206 20.000000 -282.929382
v 359.137177 20.000000 -286.669708
v 363.795166 20.000000 -286.781189
v 363.594421 20.000000 -295.219208
v 345.420654 20.000000 -294.773315
v 298.078278 0.000000 -254.051208
v 298.087830 0.000000 -253.227448
v 303.623993 0.000000 -253.305527
v 303.604858 0.000000 -255.120041
v 310.515503 0.000000 -255.209290
v 310.486816 0.000000 -257.246429
v 312.128571 0.000000 -257.268738
v 312.099854 0.000000 -259.561920
v 318.867340 0.000000 -259.640045
v 318.896057 0.000000 -256.734619
v 323.477692 0.000000 -256.790405
v 323.448975 0.000000 -259.517731
v 332.822266 0.000000 -259.629364
v 332.841400 0.000000 -257.970703
v 337.251221 0.000000 -258.015350
v 337.232086 0.000000 -260.152679
v 342.672791 0.000000 -260.219666
v 342.701508 0.000000 -257.603638
v 345.832306 0.000000 -257.637146
v 345.851440 0.000000 -255.466415
v 354.871582 0.000000 -255.566910
v 354.842865 0.000000 -258.049316
v 356.131439 0.000000 -258.060516
v 356.160156 0.000000 -255.399963
v 364.349854 0.000000 -255.578354
v 364.425934 0.000000 -263.470917
v 358.565247 0.000000 -263.370514
v 358.527008 0.000000 -265.608032
v 354.059906 0.000000 -265.529968
v 354.098145 0.000000 -263.414917
v 348.819733 0.000000 -263.325684
v 348.762329 0.000000 -266.698639
v 346.547882 0.000000 -266.654053
v 346.576569 0.000000 -264.772766
v 340.028656 0.000000 -264.672363
v 339.990387 0.000000 -266.909882
v 332.354340 0.000000 -266.776062
v 332.392578 0.000000 -264.560791
v 324.145630 0.000000 -264.426941
v 324.097809 0.000000 -267.243347
v 313.855927 0.000000 -267.076050
v 313.903748 0.000000 -264.493439
v 309.360260 0.000000 -264.415375
v 309.322021 0.000000 -266.586121
v 305.036285 0.000000 -266.519196
v 305.103210 0.000000 -262.500549
v 301.294739 0.000000 -262.444794
v 301.285156 0.000000 -263.468933
v 296.894409 0.000000 -263.402008
v 296.923096 0.000000 -261.008636
v 292.770996 0.000000 -260.952881
v 292.866638 0.000000 -253.984283
v 298.078278 20.000000 -254.051208
v 298.087830 20.000000 -253.227448
v 303.623993 20.000000 -253.305527
v 303.604858 20.000000 -255.120041
v 310.515503 20.000000 -255.209290
v 310.486816 20.000000 -257.246429
v 312.128571 20.000000 -257.268738
v 312.099854 20.000000 -259.561920
v 318.867340 20.000000 -259.640045
v 318.896057 20.000000 -256.734619
v 323.477692 20.000000 -256.790405
v 323.448975 20.000000 -259.517731
v 332.822266 20.000000 -259.629364
v 332.841400 20.000000 -257.970703
v 337.251221 20.000000 -258.015350
v 337.232086 20.000000 -260.152679
v 342.672791 20.000000 -260.219666
v 342.701508 20.000000 -257.603638
v 345.832306 20.000000 -257.637146
v 345.851440 20.000000 -255.466415
v 354.871582 20.000000 -255.566910
v 354.842865 20.000000 -258.049316
v 356.131439 20.000000 -258.060516
v 356.160156 20.000000 -255.399963
v 364.349854 20.000000 -255.578354
v 364.425934 20.000000 -263.470917
v 358.565247 20.000000 -263.370514
v 358.527008 20.000000 -265.608032
v 354.059906 20.000000 -265.529968
v 354.098145 20.000000 -263.414917
v 348.819733 20.000000 -263.325684
v 348.762329 20.000000 -266.698639
v 346.547882 20.000000 -266.654053
v 346.576569 20.000000 -264.772766
v 340.028656 20.000000 -264.672363
v 339.990387 20.000000 -266.909882
v 332.354340 20.000000 -266.776062
v 332.392578 20.000000 -264.560791
v 324.145630 20.000000 -264.426941
v 324.097809 20.000000 -267.243347
v 313.855927 20.000000 -267.076050
v 313.903748 20.000000 -264.493439
v 309.360260 20.000000 -264.415375
v 309.322021 20.000000 -266.586121
v 305.036285 20.000000 -266.519196
v 305.103210 20.000000 -262.500549
v 301.294739 20.000000 -262.444794
v 301.285156 20.000000 -263.468933
v 296.894409 20.000000 -263.402008
v 296.923096 20.000000 -261.008636
v 292.770996 20.000000 -260.952881
v 292.866638 20.000000 -253.984283
v 306.756622 0.000000 -189.920303
v 310.517395 0.000000 -189.987198
v 311.405029 0.000000 -192.224747
v 315.547638 0.000000 -192.581100
v 315.805420 0.000000 -189.586609
v 324.443787 0.000000 -190.321579
v 325.111877 0.000000 -192.225159
v 332.852997 0.000000 -192.871048
v 333.139435 0.000000 -189.520340
v 341.386444 0.000000 -190.210785
v 342.942230 0.000000 -192.782318
v 345.834381 0.000000 -192.960526
v 346.120880 0.000000 -188.652466
v 353.117493 0.000000 -189.109116
v 352.888275 0.000000 -192.704727
v 374.727539 0.000000 -194.108093
v 374.975861 0.000000 -190.256454
v 379.605255 0.000000 -190.546051
v 380.387817 0.000000 -194.008102
v 384.797668 0.000000 -194.319962
v 385.093719 0.000000 -190.245682
v 389.303131 0.000000 -190.546402
v 389.856720 0.000000 -191.336777
v 394.161591 0.000000 -191.492798
v 394.008698 0.000000 -195.645004
v 395.660004 0.000000 -195.700729
v 395.717346 0.000000 -194.197906
v 397.674103 0.000000 -194.275909
v 397.416107 0.000000 -201.088654
v 394.504852 0.000000 -200.977219
v 394.418854 0.000000 -203.403992
v 386.782745 0.000000 -203.125412
v 386.849640 0.000000 -201.377686
v 379.328064 0.000000 -201.121384
v 379.213409 0.000000 -204.338516
v 371.873199 0.000000 -204.093353
v 371.796753 0.000000 -206.286346
v 366.146027 0.000000 -206.096909
v 366.203369 0.000000 -204.393723
v 359.359497 0.000000 -204.170853
v 359.321289 0.000000 -205.384232
v 353.260132 0.000000 -205.205917
v 353.288788 0.000000 -204.059326
v 346.683563 0.000000 -203.880997
v 346.750458 0.000000 -201.521027
v 348.010406 0.000000 -201.554459
v 348.086853 0.000000 -198.671295
v 342.999298 0.000000 -198.537537
v 342.961090 0.000000 -199.962433
v 338.847107 0.000000 -199.862106
v 338.808899 0.000000 -201.598694
v 331.602295 0.000000 -201.431488
v 331.650085 0.000000 -199.149429
v 325.550751 0.000000 -199.015671
v 325.512512 0.000000 -200.652054
v 319.269989 0.000000 -200.518280
v 319.298676 0.000000 -199.037735
v 311.376221 0.000000 -198.870529
v 311.299744 0.000000 -202.822357
v 304.369965 0.000000 -202.688583
v 304.341278 0.000000 -204.447433
v 297.850586 0.000000 -204.324799
v 297.898376 0.000000 -202.042740
v 294.624390 0.000000 -201.975861
v 294.729523 0.000000 -196.721588
v 299.158478 0.000000 -196.799637
v 299.215820 0.000000 -193.749481
v 306.680145 0.000000 -193.883270
v 306.756622 20.000000 -189.920303
v 310.517395 20.000000 -189.987198
v 311.405029 20.000000 -192.224747
v 315.547638 20.000000 -192.581100
v 315.805420 20.000000 -189.586609
v 324.443787 20.000000 -190.321579
v 325.111877 20.000000 -192.225159
v 332.852997 20.000000 -192.871048
v 333.139435 20.000000 -189.520340
v 341.386444 20.000000 -190.210785
v 342.942230 20.000000 -192.782318
v 345.834381 20.000000 -192.960526
v 346.120880 20.000000 -188.652466
v 353.117493 20.000000 -189.109116
v 352.888275 20.000000 -192.704727
v 374.727539 20.000000 -194.108093
v 374.975861 20.000000 -190.256454
v 379.605255 20.000000 -190.546051
v 380.387817 20.000000 -194.008102
v 384.797668 20.000000 -194.319962
v 385.093719 20.000000 -190.245682
v 389.303131 20.000000 -190.546402
v 389.856720 20.000000 -191.336777
v 394.161591 20.000000 -191.492798
v 394.008698 20.000000 -195.645004
v 395.660004 20.000000 -195.700729
v 395.717346 20.000000 -194.197906
v 397.674103 20.000000 -194.275909
v 397.416107 20.000000 -201.088654
v 394.504852 20.000000 -200.977219
v 394.418854 20.000000 -203.403992
v 386.782745 20.000000 -203.125412
v 386.849640 20.000000 -201.377686
v 379.328064 20.000000 -201.121384
v 379.213409 20.000000 -204.338516
v 371.873199 20.000000 -204.093353
v 371.796753 20.000000 -206.286346
v 366.146027 20.000000 -206.096909
v 366.203369 20.000000 -204.393723
v 359.359497 20.000000 -204.170853
v 359.321289 20.000000 -205.384232
v 353.260132 20.000000 -205.205917
v 353.288788 20.000000 -204.059326
v 346.683563 20.000000 -203.880997
v 346.750458 20.000000 -201.521027
v 348.010406 20.000000 -201.554459
v 348.086853 20.000000 -198.671295
v 342.999298 20.000000 -198.537537
v 342.961090 20.000000 -199.962433
v 338.847107 20.000000 -199.862106
v 338.808899 20.000000 -201.598694
v 331.602295 20.000000 -201.431488
v 331.650085 20.000000 -199.149429
v 325.550751 20.000000 -199.015671
v 325.512512 20.000000 -200.652054
v 319.269989 20.000000 -200.518280
v 319.298676 20.000000 -199.037735
v 311.376221 20.000000 -198.870529
v 311.299744 20.000000 -202.822357
v 304.369965 20.000000 -202.688583
v 304.341278 20.000000 -204.447433
v 297.850586 20.000000 -204.324799
v 297.898376 20.000000 -202.042740
v 294.624390 20.000000 -201.975861
v 294.729523 20.000000 -196.721588
v 299.158478 20.000000 -196.799637
v 299.215820 20.000000 -193.749481
v 306.680145 20.000000 -193.883270
v 325.609253 0.000000 -159.029709
v 325.446838 0.000000 -163.426819
v 330.792145 0.000000 -163.627365
v 331.135895 0.000000 -159.386093
v 348.899475 0.000000 -159.787415
v 348.880188 0.000000 -165.498108
v 355.533203 0.000000 -165.520584
v 356.650116 0.000000 -161.735764
v 369.631531 0.000000 -162.315063
v 369.526459 0.000000 -164.519196
v 377.954834 0.000000 -164.909103
v 378.107697 0.000000 -161.602921
v 391.089111 0.000000 -162.204514
v 390.745209 0.000000 -169.685181
v 378.746948 0.000000 -169.128143
v 378.622772 0.000000 -171.666229
v 373.831085 0.000000 -171.432281
v 373.726013 0.000000 -173.658676
v 354.454346 0.000000 -172.667267
v 354.540314 0.000000 -170.897293
v 349.510010 0.000000 -170.618820
v 349.634186 0.000000 -168.381302
v 330.944763 0.000000 -167.300903
v 330.849243 0.000000 -168.937302
v 325.990753 0.000000 -168.647720
v 325.809326 0.000000 -171.597687
v 303.263641 0.000000 -170.194397
v 303.502380 0.000000 -166.320480
v 299.483856 0.000000 -166.075455
v 298.701111 0.000000 -167.522598
v 295.073975 0.000000 -167.388901
v 295.427399 0.000000 -157.893372
v 325.609253 20.000000 -159.029709
v 325.446838 20.000000 -163.426819
v 330.792145 20.000000 -163.627365
v 331.135895 20.000000 -159.386093
v 348.899475 20.000000 -159.787415
v 348.880188 20.000000 -165.498108
v 355.533203 20.000000 -165.520584
v 356.650116 20.000000 -161.735764
v 369.631531 20.000000 -162.315063
v 369.526459 20.000000 -164.519196
v 377.954834 20.000000 -164.909103
v 378.107697 20.000000 -161.602921
v 391.089111 20.000000 -162.204514
v 390.745209 20.000000 -169.685181
v 378.746948 20.000000 -169.128143
v 378.622772 20.000000 -171.666229
v 373.831085 20.000000 -171.432281
v 373.726013 20.000000 -173.658676
v 354.454346 20.000000 -172.667267
v 354.540314 20.000000 -170.897293
v 349.510010 20.000000 -170.618820
v 349.634186 20.000000 -168.381302
v 330.944763 20.000000 -167.300903
v 330.849243 20.000000 -168.937302
v 325.990753 20.000000 -168.647720
v 325.809326 20.000000 -171.597687
v 303.263641 20.000000 -170.194397
v 303.502380 20.000000 -166.320480
v 299.483856 20.000000 -166.075455
v 298.701111 20.000000 -167.522598
v 295.073975 20.000000 -167.388901
v 295.427399 20.000000 -157.893372
v 300.859528 0.000000 -124.976341
v 301.079254 0.000000 -118.820381
v 312.352142 0.000000 -119.221458
v 312.227966 0.000000 -123.017448
v 323.959015 0.000000 -123.396286
v 324.035461 0.000000 -120.713486
v 335.279724 0.000000 -121.058929
v 335.145935 0.000000 -125.433777
v 349.444672 0.000000 -125.857254
v 351.353851 0.000000 -122.183777
v 365.394836 0.000000 -123.030273
v 364.774048 0.000000 -133.338440
v 351.181671 0.000000 -132.525345
v 350.952484 0.000000 -136.376999
v 331.222565 0.000000 -135.229767
v 331.432678 0.000000 -131.511703
v 328.683655 0.000000 -131.355774
v 328.444885 0.000000 -136.020050
v 308.485870 0.000000 -135.006454
v 308.629150 0.000000 -132.089890
v 306.786926 0.000000 -132.011902
v 306.624542 0.000000 -135.963745
v 294.292145 0.000000 -135.473587
v 294.702881 0.000000 -124.742401
v 300.859528 20.000000 -124.976341
v 301.079254 20.000000 -118.820381
v 312.352142 20.000000 -119.221458
v 312.227966 20.000000 -123.017448
v 323.959015 20.000000 -123.396286
v 324.035461 20.000000 -120.713486
v 335.279724 20.000000 -121.058929
v 335.145935 20.000000 -125.433777
v 349.444672 20.000000 -125.857254
v 351.353851 20.000000 -122.183777
v 365.394836 20.000000 -123.030273
v 364.774048 20.000000 -133.338440
v 351.181671 20.000000 -132.525345
v 350.952484 20.000000 -136.376999
v 331.222565 20.000000 -135.229767
v 331.432678 20.000000 -131.511703
v 328.683655 20.000000 -131.355774
v 328.444885 20.000000 -136.020050
v 308.485870 20.000000 -135.006454
v 308.629150 20.000000 -132.089890
v 306.786926 20.000000 -132.011902
v 306.624542 20.000000 -135.963745
v 294.292145 20.000000 -135.473587
v 294.702881 20.000000 -124.742401
v 425.861084 0.000000 -428.949615
v 425.727203 0.000000 -435.094452
v 464.718262 0.000000 -435.908722
v 464.842590 0.000000 -430.153503
v 480.458099 0.000000 -430.477020
v 480.218964 0.000000 -441.931793
v 460.565948 0.000000 -441.519043
v 460.422485 0.000000 -448.086884
v 422.242828 0.000000 -447.272675
v 422.376709 0.000000 -440.649170
v 408.192963 0.000000 -440.359161
v 408.432037 0.000000 -428.581573
v 425.861084 20.000000 -428.949615
v 425.727203 20.000000 -435.094452
v 464.718262 20.000000 -435.908722
v 464.842590 20.000000 -430.153503
v 480.458099 20.000000 -430.477020
v 480.218964 20.000000 -441.931793
v 460.565948 20.000000 -441.519043
v 460.422485 20.000000 -448.086884
v 422.242828 20.000000 -447.272675
v 422.376709 20.000000 -440.649170
v 408.192963 20.000000 -440.359161
v 408.432037 20.000000 -428.581573
v 518.113098 0.000000 -426.649414
v 517.931580 0.000000 -430.167084
v 525.424316 0.000000 -430.568207
v 525.586731 0.000000 -427.495789
v 542.548035 0.000000 -428.387207
v 541.946167 0.000000 -439.719513
v 524.125793 0.000000 -438.783508
v 524.020691 0.000000 -440.854065
v 516.594788 0.000000 -440.464081
v 516.757202 0.000000 -437.413940
v 499.204071 0.000000 -436.500275
v 499.777283 0.000000 -425.680054
v 518.113098 20.000000 -426.649414
v 517.931580 20.000000 -430.167084
v 525.424316 20.000000 -430.568207
v 525.586731 20.000000 -427.495789
v 542.548035 20.000000 -428.387207
v 541.946167 20.000000 -439.719513
v 524.125793 20.000000 -438.783508
v 524.020691 20.000000 -440.854065
v 516.594788 20.000000 -440.464081
v 516.757202 20.000000 -437.413940
v 499.204071 20.000000 -436.500275
v 499.777283 20.000000 -425.680054
v 422.050995 0.000000 -470.527283
v 422.366272 0.000000 -463.146820
v 467.904968 0.000000 -465.107971
v 467.627899 0.000000 -471.453156
v 481.028900 0.000000 -472.032623
v 480.598938 0.000000 -482.029083
v 465.737579 0.000000 -481.382782
v 465.919098 0.000000 -477.085846
v 423.234375 0.000000 -475.236145
v 422.995544 0.000000 -480.790985
v 408.315491 0.000000 -480.155884
v 408.764496 0.000000 -469.947906
v 422.050995 20.000000 -470.527283
v 422.366272 20.000000 -463.146820
v 467.904968 20.000000 -465.107971
v 467.627899 20.000000 -471.453156
v 481.028900 20.000000 -472.032623
v 480.598938 20.000000 -482.029083
v 465.737579 20.000000 -481.382782
v 465.919098 20.000000 -477.085846
v 423.234375 20.000000 -475.236145
v 422.995544 20.000000 -480.790985
v 408.315491 20.000000 -480.155884
v 408.764496 20.000000 -469.947906
v 422.937500 0.000000 -500.049255
v 422.860840 0.000000 -507.262756
v 463.378815 0.000000 -507.709717
v 463.465057 0.000000 -500.318115
v 480.407196 0.000000 -500.508118
v 480.263458 0.000000 -513.454590
v 462.529083 0.000000 -513.264526
v 462.481171 0.000000 -517.873169
v 421.848694 0.000000 -517.437317
v 421.915771 0.000000 -511.103241
v 407.378937 0.000000 -510.946838
v 407.503418 0.000000 -499.881683
v 422.937500 20.000000 -500.049255
v 422.860840 20.000000 -507.262756
v 463.378815 20.000000 -507.709717
v 463.465057 20.000000 -500.318115
v 480.407196 20.000000 -500.508118
v 480.263458 20.000000 -513.454590
v 462.529083 20.000000 -513.264526
v 462.481171 20.000000 -517.873169
v 421.848694 20.000000 -517.437317
v 421.915771 20.000000 -511.103241
v 407.378937 20.000000 -510.946838
v 407.503418 20.000000 -499.881683
v 419.614288 0.000000 -540.213196
v 419.967712 0.000000 -533.367065
v 468.722717 0.000000 -535.829285
v 468.464783 0.000000 -540.805237
v 480.729889 0.000000 -541.418030
v 480.156677 0.000000 -552.928467
v 465.619934 0.000000 -552.193115
v 465.849182 0.000000 -547.718079
v 421.943024 0.000000 -545.512085
v 421.666016 0.000000 -551.066956
v 406.995636 0.000000 -550.331665
v 407.530548 0.000000 -539.611633
v 419.614288 20.000000 -540.213196
v 419.967712 20.000000 -533.367065
v 468.722717 20.000000 -535.829285
v 468.464783 20.000000 -540.805237
v 480.729889 20.000000 -541.418030
v 480.156677 20.000000 -552.928467
v 465.619934 20.000000 -552.193115
v 465.849182 20.000000 -547.718079
v 421.943024 20.000000 -545.512085
v 421.666016 20.000000 -551.066956
v 406.995636 20.000000 -550.331665
v 407.530548 20.000000 -539.611633
v 335.952667 0.000000 -573.472473
v 336.277588 0.000000 -561.527893
v 343.464813 0.000000 -561.728516
v 343.665497 0.000000 -554.325806
v 353.133972 0.000000 -554.582153
v 352.914154 0.000000 -562.775269
v 359.490540 0.000000 -562.953552
v 359.184723 0.000000 -574.107788
v 362.029083 0.000000 -574.185791
v 361.943085 0.000000 -577.024414
v 376.441650 0.000000 -577.425720
v 376.145355 0.000000 -588.334961
v 354.698212 0.000000 -587.744263
v 354.889343 0.000000 -580.797913
v 348.207977 0.000000 -580.608459
v 347.988190 0.000000 -588.411926
v 317.788483 0.000000 -587.587219
v 318.189789 0.000000 -572.982117
v 335.952667 20.000000 -573.472473
v 336.277588 20.000000 -561.527893
v 343.464813 20.000000 -561.728516
v 343.665497 20.000000 -554.325806
v 353.133972 20.000000 -554.582153
v 352.914154 20.000000 -562.775269
v 359.490540 20.000000 -562.953552
v 359.184723 20.000000 -574.107788
v 362.029083 20.000000 -574.185791
v 361.943085 20.000000 -577.024414
v 376.441650 20.000000 -577.425720
v 376.145355 20.000000 -588.334961
v 354.698212 20.000000 -587.744263
v 354.889343 20.000000 -580.797913
v 348.207977 20.000000 -580.608459
v 347.988190 20.000000 -588.411926
v 317.788483 20.000000 -587.587219
v 318.189789 20.000000 -572.982117
v 359.702759 0.000000 -497.163757
v 359.539612 0.000000 -522.923096
v 345.432312 0.000000 -522.755615
v 345.519073 0.000000 -496.996307
v 359.702759 5.000000 -497.163757
v 359.539612 5.000000 -522.923096
v 345.432312 5.000000 -522.755615
v 345.519073 5.000000 -496.996307
v 354.413879 0.000000 -527.353455
v 354.518646 0.000000 -534.522400
v 349.278503 0.000000 -534.600159
v 349.173767 0.000000 -527.431152
v 354.413879 4.489981 -527.353455
v 354.518646 4.489981 -534.522400
v 349.278503 4.489981 -534.600159
v 349.173767 4.489981 -527.431152
v 287.200867 0.000000 -458.555939
v 287.153046 0.000000 -461.695160
v 289.453369 0.000000 -461.817688
v 289.329376 0.000000 -458.366760
v 292.402863 0.000000 -458.233276
v 292.144958 0.000000 -464.634125
v 275.116852 0.000000 -464.767273
v 275.117004 0.000000 -458.366394
v 287.200867 7.000000 -458.555939
v 287.153046 7.000000 -461.695160
v 289.453369 7.000000 -461.817688
v 289.329376 7.000000 -458.366760
v 292.402863 7.000000 -458.233276
v 292.144958 7.000000 -464.634125
v 275.116852 7.000000 -464.767273
v 275.117004 7.000000 -458.366394
v 205.713593 0.000000 -84.320198
v 205.818710 0.000000 -78.453667
v 210.190430 0.000000 -78.531670
v 210.534439 0.000000 -59.785477
v 235.065781 0.000000 -60.231270
v 234.826874 0.000000 -73.166588
v 220.747604 0.000000 -72.910255
v 220.632935 0.000000 -78.810181
v 229.156860 0.000000 -78.966209
v 228.879730 0.000000 -93.738304
v 212.175552 0.000000 -93.426262
v 212.347549 0.000000 -84.442780
v 205.713593 7.000000 -84.320198
v 205.818710 7.000000 -78.453667
v 210.190430 7.000000 -78.531670
v 210.534439 7.000000 -59.785477
v 235.065781 7.000000 -60.231270
v 234.826874 7.000000 -73.166588
v 220.747604 7.000000 -72.910255
v 220.632935 7.000000 -78.810181
v 229.156860 7.000000 -78.966209
v 228.879730 7.000000 -93.738304
v 212.175552 7.000000 -93.426262
v 212.347549 7.000000 -84.442780
v 213.434341 0.000000 -152.247498
v 212.794434 0.000000 -171.105011
v 201.578857 0.000000 -170.715179
v 201.846268 0.000000 -163.089798
v 197.512756 0.000000 -162.944992
v 197.675110 0.000000 -158.202789
v 201.884537 0.000000 -158.347580
v 202.104202 0.000000 -151.868790
v 213.434341 5.000000 -152.247498
v 212.794434 5.000000 -171.105011
v 201.578857 5.000000 -170.715179
v 201.846268 5.000000 -163.089798
v 197.512756 5.000000 -162.944992
v 197.675110 5.000000 -158.202789
v 201.884537 5.000000 -158.347580
v 202.104202 5.000000 -151.868790
v -399.098175 0.000000 -196.268585
v -395.862305 0.000000 -197.682220
v -391.614716 0.000000 -197.682053
v -392.024963 0.000000 -203.348236
v -399.298340 0.000000 -203.348511
v -399.098175 7.384998 -196.268585
v -395.862305 7.384998 -197.682220
v -391.614716 7.384998 -197.682053
v -392.024963 7.384998 -203.348236
v -399.298340 7.384998 -203.348511
v -398.898376 0.000000 -178.468582
v -391.014069 0.000000 -179.069412
v -391.013794 0.000000 -186.349716
v -399.098541 0.000000 -186.350021
v -398.898376 4.240170 -178.468582
v -391.014069 4.240170 -179.069412
v -391.013794 4.240170 -186.349716
v -399.098541 4.240170 -186.350021
vn 0.7804 -0.0000 -0.6253
vn 0.6029 -0.0000 0.7978
vn -0.7654 -0.0000 0.6436
vn 0.6370 -0.0000 0.7708
vn 0.8082 -0.0000 -0.5888
vn -0.5885 -0.0000 -0.8085
vn 0.8092 -0.0000 -0.5875
vn 0.5903 -0.0000 0.8072
vn 0.8077 -0.0000 -0.5896
vn -0.5891 -0.0000 -0.8080
vn -0.8334 -0.0000 0.5527
vn -0.6132 -0.0000 -0.7899
vn 0.8444 -0.0000 -0.5357
vn 0.9762 -0.0000 -0.2171
vn -0.6654 -0.0000 -0.7465
vn -0.8391 -0.0000 -0.5440
vn -0.8946 -0.0000 0.4469
vn -0.4879 -0.0000 -0.8729
vn -0.8714 -0.0000 0.4906
vn 0.6070 -0.0000 0.7947
vn -0.7731 -0.0000 0.6343
vn -0.4242 -0.0000 0.9056
vn -0.5007 -0.0000 -0.8656
vn 0.7159 -0.0000 -0.6982
vn -0.6857 -0.0000 -0.7278
vn -0.7752 -0.0000 0.6317
vn 0.8142 -0.0000 0.5806
vn -0.7729 -0.0000 0.6346
vn -0.7273 -0.0000 -0.6863
vn -0.7565 -0.0000 0.6539
vn 0.6994 -0.0000 0.7147
vn 0.8039 -0.0000 -0.5948
vn 0.5753 -0.0000 0.8180
vn -0.8944 -0.0000 0.4473
vn -0.5380 -0.0000 0.8429
vn -0.7392 -0.0000 0.6735
vn -0.8829 -0.0000 0.4696
vn 0.6272 -0.0000 0.7788
vn 0.8016 -0.0000 -0.5979
vn 0.6182 -0.0000 0.7860
vn -0.7929 -0.0000 0.6093
vn 0.6092 -0.0000 0.7930
vn 0.7932 -0.0000 -0.6090
vn -0.6081 -0.0000 -0.7938
vn 0.7921 -0.0000 -0.6104
vn 0.6087 -0.0000 0.7934
vn -0.6093 -0.0000 -0.7929
vn -0.7933 -0.0000 0.6089
vn -0.6282 -0.0000 -0.7781
vn -0.0000 1.0000 -0.0000
vn 0.0045 -0.0000 -1.0000
vn -1.0000 -0.0000 -0.0043
vn -0.0043 -0.0000 1.0000
vn 1.0000 -0.0000 0.0043
vn 0.0050 -0.0000 -1.0000
vn -0.9964 -0.0000 -0.0853
vn -0.9995 -0.0000 0.0314
vn -0.9539 -0.0000 0.3002
vn 0.0029 -0.0000 1.0000
vn 0.9999 -0.0000 0.0126
vn -0.0218 -0.0000 -0.9998
vn -0.9971 -0.0000 -0.0764
vn -0.1541 -0.0000 0.9881
vn 0.9736 -0.0000 -0.2283
vn 0.9950 -0.0000 0.0997
vn 0.9954 -0.0000 -0.0954
vn 0.9305 -0.0000 0.3662
vn 0.7138 -0.0000 0.7004
vn 0.5111 -0.0000 0.8595
vn 0.1241 -0.0000 0.9923
vn -0.0037 -0.0000 1.0000
vn -0.8268 -0.0000 0.5625
vn -0.6987 -0.0000 0.7155
vn -0.0198 -0.0000 0.9998
vn 0.9996 -0.0000 -0.0277
vn 0.0172 -0.0000 0.9999
vn 0.7449 -0.0000 -0.6672
vn 0.1128 -0.0000 -0.9936
vn 0.9932 -0.0000 0.1162
vn 0.1132 -0.0000 -0.9936
vn -0.1620 -0.0000 -0.9868
vn -0.9867 -0.0000 0.1625
vn -0.1617 -0.0000 -0.9868
vn -0.7604 -0.0000 -0.6495
vn -0.0311 -0.0000 -0.9995
vn -0.9995 -0.0000 0.0313
vn 0.0314 -0.0000 0.9995
vn 0.9995 -0.0000 -0.0314
vn -0.9686 -0.0000 -0.2487
vn -0.9968 -0.0000 0.0803
vn -0.9148 -0.0000 0.4039
vn -0.7329 -0.0000 0.6804
vn -0.4727 -0.0000 0.8812
vn -0.1537 -0.0000 0.9881
vn 0.1758 -0.0000 0.9844
vn 0.4893 -0.0000 0.8721
vn 0.7474 -0.0000 0.6644
vn 0.9217 -0.0000 0.3880
vn 0.9977 -0.0000 0.0673
vn 0.9668 -0.0000 -0.2554
vn 0.8339 -0.0000 -0.5519
vn 0.6161 -0.0000 -0.7876
vn 0.3248 -0.0000 -0.9458
vn 0.0056 -0.0000 -1.0000
vn -0.3132 -0.0000 -0.9497
vn -0.6081 -0.0000 -0.7939
vn -0.8329 -0.0000 -0.5534
vn -0.9994 -0.0000 0.0348
vn -0.2002 -0.0000 0.9798
vn -1.0000 -0.0000 0.0065
vn 0.7071 -0.0000 0.7071
vn -0.7217 -0.0000 0.6922
vn -0.6105 -0.0000 -0.7920
vn -0.9255 -0.0000 -0.3787
vn 0.0062 -0.0000 1.0000
vn 1.0000 -0.0000 -0.0000
vn 0.0313 -0.0000 -0.9995
vn 0.9961 -0.0000 -0.0877
vn 0.0304 -0.0000 0.9995
vn 0.9983 -0.0000 -0.0591
vn -0.0556 -0.0000 -0.9985
vn -0.9958 -0.0000 0.0912
vn -0.0000 -0.0000 -1.0000
vn -0.9966 -0.0000 -0.0829
vn 0.9995 -0.0000 -0.0312
vn -0.0196 -0.0000 -0.9998
vn -0.2990 -0.0000 0.9543
vn 0.3763 -0.0000 0.9265
vn 0.8404 -0.0000 0.5420
vn 1.0000 -0.0000 0.0080
vn 0.8432 -0.0000 -0.5376
vn 0.9975 -0.0000 -0.0708
vn -0.0442 -0.0000 -0.9990
vn -0.9995 -0.0000 -0.0323
vn -0.7527 -0.0000 -0.6584
vn -0.9998 -0.0000 0.0200
vn -0.8646 -0.0000 0.5025
vn -0.0107 -0.0000 0.9999
vn 0.0970 -0.0000 0.9953
vn 0.9994 -0.0000 0.0334
vn 0.9932 -0.0000 -0.1165
vn -0.9647 -0.0000 -0.2635
vn 0.9941 -0.0000 -0.1086
vn 0.0557 -0.0000 -0.9984
vn -0.9729 -0.0000 -0.2313
vn -0.0314 -0.0000 -0.9995
vn -0.9980 -0.0000 0.0635
vn -0.1242 -0.0000 0.9923
vn -1.0000 -0.0000 -0.0000
vn -0.9950 -0.0000 -0.0997
vn 0.0524 -0.0000 0.9986
vn -0.9940 -0.0000 0.1092
vn 0.0309 -0.0000 0.9995
vn 0.9934 -0.0000 0.1143
vn 0.0352 -0.0000 0.9994
vn -0.9993 -0.0000 0.0361
vn -0.0000 -0.0000 1.0000
vn 1.0000 -0.0000 -0.0096
vn 0.0108 -0.0000 -0.9999
vn 0.9997 -0.0000 0.0264
vn 0.0037 -0.0000 -1.0000
vn -0.9998 -0.0000 0.0222
vn -0.0705 -0.0000 -0.9975
vn 0.0122 -0.0000 -0.9999
vn -0.9998 -0.0000 -0.0183
vn -0.0893 -0.0000 -0.9960
vn 0.0121 -0.0000 0.9999
vn -0.9950 -0.0000 0.0994
vn 0.0155 -0.0000 0.9999
vn 0.5863 -0.0000 0.8101
vn 0.9258 -0.0000 0.3779
vn 0.9797 -0.0000 -0.2003
vn 0.7064 -0.0000 -0.7078
vn 0.4329 -0.0000 -0.9015
vn 0.9798 -0.0000 0.1999
vn 0.1306 -0.0000 -0.9914
vn -0.9931 -0.0000 -0.1172
vn -0.9925 -0.0000 0.1226
vn 0.0305 -0.0000 -0.9995
vn -0.9998 -0.0000 0.0219
vn 0.0279 -0.0000 0.9996
vn 0.9873 -0.0000 0.1586
vn -0.1309 -0.0000 0.9914
vn -0.9990 -0.0000 0.0442
vn 0.0202 -0.0000 0.9998
vn 0.9961 -0.0000 0.0877
vn 0.0793 -0.0000 0.9968
vn -0.1977 -0.0000 -0.9803
vn 0.9890 -0.0000 -0.1479
vn 0.1849 -0.0000 0.9828
vn 0.9950 -0.0000 -0.0998
vn -0.1799 -0.0000 -0.9837
vn 0.9925 -0.0000 -0.1220
vn 0.1202 -0.0000 0.9927
vn 0.9988 -0.0000 -0.0498
vn -0.0226 -0.0000 -0.9997
vn 0.9982 -0.0000 -0.0599
vn -0.0080 -0.0000 -1.0000
vn -0.9956 -0.0000 -0.0936
vn -0.0659 -0.0000 -0.9978
vn 0.9958 -0.0000 -0.0920
vn -0.0230 -0.0000 -0.9997
vn -0.9999 -0.0000 -0.0103
vn 0.0283 -0.0000 0.9996
vn -0.9999 -0.0000 -0.0120
vn 0.9949 -0.0000 0.1011
vn 0.4467 -0.0000 0.8947
vn 0.9995 -0.0000 0.0305
vn -0.0767 -0.0000 0.9971
vn -0.6511 -0.0000 0.7590
vn 0.0994 -0.0000 0.9951
vn 0.8578 -0.0000 0.5140
vn 0.0865 -0.0000 0.9963
vn -0.9959 -0.0000 0.0905
vn 0.0665 -0.0000 0.9978
vn -0.9915 -0.0000 0.1301
vn 0.9878 -0.0000 -0.1554
vn -0.0378 -0.0000 -0.9993
vn -0.9989 -0.0000 -0.0471
vn 0.0831 -0.0000 -0.9965
vn -0.9941 -0.0000 -0.1084
vn -0.3157 -0.0000 0.9489
vn 0.9363 -0.0000 0.3513
vn 0.0623 -0.0000 0.9981
vn 0.9929 -0.0000 0.1192
vn -0.9698 -0.0000 0.2440
vn 0.0169 -0.0000 0.9999
vn -0.0830 -0.0000 0.9965
vn -0.9990 -0.0000 0.0437
vn 0.0392 -0.0000 0.9992
vn 0.9998 -0.0000 -0.0176
vn -0.0238 -0.0000 -0.9997
vn -0.9994 -0.0000 0.0346
vn -0.0256 -0.0000 -0.9997
vn 0.9959 -0.0000 0.0907
vn 0.0499 -0.0000 0.9988
vn 0.9993 -0.0000 -0.0377
vn 0.0174 -0.0000 -0.9998
vn -0.9945 -0.0000 -0.1046
vn -0.0831 -0.0000 0.9965
vn 0.0339 -0.0000 0.9994
vn -0.9996 -0.0000 0.0299
vn 0.0281 -0.0000 0.9996
vn 0.9676 -0.0000 0.2525
vn -0.0712 -0.0000 0.9975
vn -0.1644 -0.0000 0.9864
vn -0.4079 -0.0000 0.9130
vn -0.5159 -0.0000 0.8566
vn -0.7077 -0.0000 0.7065
vn -0.8403 -0.0000 0.5421
vn 0.9927 -0.0000 -0.1208
vn 0.2426 -0.0000 -0.9701
vn 0.3761 -0.0000 -0.9266
vn 0.5205 -0.0000 -0.8538
vn 0.6537 -0.0000 -0.7567
vn 0.8434 -0.0000 -0.5373
vn 0.9864 -0.0000 -0.1642
vn 0.0351 -0.0000 0.9994
vn -0.9794 -0.0000 0.2019
vn 0.0543 -0.0000 0.9985
vn -0.9948 -0.0000 0.1017
vn 0.1193 -0.0000 0.9929
vn -0.9913 -0.0000 0.1317
vn -0.3404 -0.0000 -0.9403
vn -0.9781 -0.0000 0.2083
vn -0.0305 -0.0000 0.9995
vn 0.9969 -0.0000 -0.0792
vn -0.0517 -0.0000 -0.9987
vn -0.9988 -0.0000 0.0484
vn -0.9976 -0.0000 0.0692
vn -0.0191 -0.0000 0.9998
vn 0.9994 -0.0000 -0.0346
vn -0.9922 -0.0000 0.1248
vn 0.0204 -0.0000 0.9998
vn 0.9990 -0.0000 -0.0457
vn 0.9941 -0.0000 -0.1085
vn -0.0170 -0.0000 -0.9999
vn 0.9998 -0.0000 0.0198
vn -0.9999 -0.0000 -0.0173
vn 0.0199 -0.0000 0.9998
vn 0.0702 -0.0000 0.9975
vn 0.0541 -0.0000 0.9985
vn 0.9997 -0.0000 0.0249
vn 0.0390 -0.0000 -0.9992
vn 0.9996 -0.0000 0.0273
vn -0.0482 -0.0000 -0.9988
vn 0.9998 -0.0000 0.0219
vn 0.1401 -0.0000 -0.9901
vn 0.6784 -0.0000 -0.7347
vn -0.0541 -0.0000 -0.9985
vn -0.5800 -0.0000 -0.8146
vn -0.8579 -0.0000 -0.5138
vn -0.9929 -0.0000 0.1193
vn -0.4074 -0.0000 0.9132
vn -1.0000 -0.0000 0.0075
vn -0.3624 -0.0000 0.9320
vn -0.9995 -0.0000 0.0312
vn 0.7525 -0.0000 0.6586
vn 0.0357 -0.0000 0.9994
vn -0.6869 -0.0000 0.7268
vn 0.9983 -0.0000 -0.0588
vn 0.0584 -0.0000 0.9983
vn -0.9983 -0.0000 0.0587
vn 0.7463 -0.0000 0.6656
vn -0.0688 -0.0000 0.9976
vn -0.6490 -0.0000 0.7608
vn 0.9996 -0.0000 -0.0279
vn 0.8120 -0.0000 -0.5837
vn 0.9996 -0.0000 -0.0276
vn -0.7787 -0.0000 -0.6274
vn -0.0475 -0.0000 -0.9989
vn 0.7372 -0.0000 -0.6756
vn -1.0000 -0.0000 0.0082
vn -0.0083 -0.0000 -1.0000
vn 1.0000 -0.0000 -0.0082
vn -0.7189 -0.0000 -0.6951
vn -0.0712 -0.0000 -0.9975
vn 0.7572 -0.0000 -0.6531
vn -1.0000 -0.0000 0.0060
vn -0.0058 -0.0000 -1.0000
vn 1.0000 -0.0000 -0.0050
vn 0.6923 -0.0000 0.7216
vn -0.7638 -0.0000 -0.6455
vn 0.0713 -0.0000 -0.9975
vn 0.7852 -0.0000 -0.6193
vn -0.9997 -0.0000 0.0235
vn -0.8228 -0.0000 -0.5683
vn -0.9996 -0.0000 0.0283
vn 0.7625 -0.0000 0.6470
vn -0.0435 -0.0000 0.9991
vn -0.7268 -0.0000 0.6869
vn 0.9995 -0.0000 -0.0313
vn 0.0315 -0.0000 0.9995
vn -0.0038 -0.0000 1.0000
vn 0.6988 -0.0000 0.7153
vn 0.7621 -0.0000 -0.6474
vn 0.9987 -0.0000 -0.0518
vn -0.0249 -0.0000 -0.9997
vn -0.7539 -0.0000 -0.6570
vn -0.7172 -0.0000 0.6968
vn 0.9960 -0.0000 0.0892
vn 0.1557 -0.0000 0.9878
vn 0.9935 -0.0000 0.1137
vn 0.0395 -0.0000 0.9992
vn -0.8312 -0.0000 0.5560
vn -0.6001 -0.0000 0.8000
vn 0.5014 -0.0000 0.8652
vn 0.8214 -0.0000 0.5703
vn 1.0000 -0.0000 0.0001
vn -0.0001 -0.0000 1.0000
vn -0.9939 -0.0000 0.1106
vn -0.9974 -0.0000 0.0719
vn 0.0607 -0.0000 0.9982
vn -0.8953 -0.0000 0.4454
vn 0.0379 -0.0000 0.9993
vn 0.9928 -0.0000 -0.1198
vn -0.2149 -0.0000 -0.9766
vn 0.9940 -0.0000 -0.1095
vn -0.1052 -0.0000 -0.9945
vn -0.9965 -0.0000 -0.0834
vn -0.0804 -0.0000 -0.9968
vn -0.0173 -0.0000 -0.9999
vn -0.9948 -0.0000 -0.1022
vn -0.0758 -0.0000 -0.9971
vn -0.9934 -0.0000 -0.1147
vn -0.5552 -0.0000 0.8317
vn -0.9762 -0.0000 -0.2170
vn -0.0581 -0.0000 0.9983
vn 0.8800 -0.0000 0.4750
vn 0.9982 -0.0000 0.0595
vn -0.1111 -0.0000 0.9938
vn 0.9957 -0.0000 0.0923
vn -0.0379 -0.0000 0.9993
vn -0.8164 -0.0000 0.5776
vn -0.0600 -0.0000 0.9982
vn 0.5551 -0.0000 0.8318
vn 0.8938 -0.0000 0.4485
vn 0.1174 -0.0000 0.9931
vn -0.9944 -0.0000 0.1060
vn -0.3326 -0.0000 0.9431
vn -0.9921 -0.0000 0.1256
vn 0.0156 -0.0000 0.9999
vn 0.9918 -0.0000 -0.1278
vn 0.0926 -0.0000 -0.9957
vn 0.9960 -0.0000 -0.0888
vn 0.0545 -0.0000 -0.9985
vn -0.9760 -0.0000 0.2176
vn -0.0305 -0.0000 -0.9995
vn -0.0491 -0.0000 -0.9988
vn -0.9970 -0.0000 -0.0770
vn -0.1156 -0.0000 -0.9933
vn -0.9934 -0.0000 -0.1146
vn -0.0105 -0.0000 0.9999
vn 0.9042 -0.0000 0.4271
vn 0.1337 -0.0000 -0.9910
vn -0.9988 -0.0000 0.0493
vn -0.9929 -0.0000 -0.1191
vn -0.0952 -0.0000 0.9955
vn 0.8791 -0.0000 0.4767
vn 0.4645 -0.0000 -0.8856
vn -0.8088 -0.0000 -0.5881
vn -0.4380 -0.0000 0.8990
vn -0.8906 -0.0000 -0.4547
vn 0.1109 -0.0000 -0.9938
vn 0.0257 -0.0000 -0.9997
vn 0.9997 -0.0000 -0.0248
vn -0.0187 -0.0000 -0.9998
vn -0.9997 -0.0000 0.0252
vn -0.0132 -0.0000 0.9999
vn 0.9996 -0.0000 -0.0266
vn 0.0127 -0.0000 -0.9999
vn -0.9978 -0.0000 0.0670
vn 0.0127 -0.0000 0.9999
vn 1.0000 -0.0000 -0.0044
vn -0.9998 -0.0000 0.0221
vn 0.0135 -0.0000 0.9999
vn 0.9999 -0.0000 -0.0114
vn -0.0264 -0.0000 -0.9997
vn -0.9996 -0.0000 0.0265
vn 0.0157 -0.0000 0.9999
vn 0.9999 -0.0000 -0.0158
vn -0.0155 -0.0000 -0.9999
vn -0.9999 -0.0000 0.0166
vn -0.0154 -0.0000 -0.9999
vn 0.9999 -0.0000 -0.0146
vn -0.0162 -0.0000 -0.9999
vn -0.9999 -0.0000 0.0155
vn -0.0161 -0.0000 -0.9999
vn 0.9999 -0.0000 -0.0149
vn -0.0158 -0.0000 -0.9999
vn -0.9999 -0.0000 0.0153
vn 0.9999 -0.0000 -0.0165
vn -0.9999 -0.0000 0.0160
vn 0.0448 -0.0000 0.9990
vn 0.9990 -0.0000 -0.0452
vn -0.0437 -0.0000 -0.9990
vn -0.9991 -0.0000 0.0423
vn -0.0448 -0.0000 -0.9990
vn 0.9990 -0.0000 -0.0444
vn -0.9990 -0.0000 0.0453
vn -0.0436 -0.0000 -0.9990
vn 0.9990 -0.0000 -0.0449
vn -0.0434 -0.0000 -0.9991
vn -0.9990 -0.0000 0.0448
vn -0.0440 -0.0000 -0.9990
vn 0.9989 -0.0000 -0.0461
vn -0.0447 -0.0000 -0.9990
vn -0.9990 -0.0000 0.0452
vn 0.0189 -0.0000 0.9998
vn 0.9998 -0.0000 -0.0191
vn -0.0197 -0.0000 -0.9998
vn -0.9998 -0.0000 0.0195
vn 0.9998 -0.0000 -0.0202
vn -0.0201 -0.0000 -0.9998
vn -0.9998 -0.0000 0.0198
vn -0.0194 -0.0000 -0.9998
vn 0.9998 -0.0000 -0.0199
vn -0.0202 -0.0000 -0.9998
vn -0.9998 -0.0000 0.0196
vn -0.0178 -0.0000 -0.9998
vn 0.9998 -0.0000 -0.0192
vn -0.9998 -0.0000 0.0193
vn 0.0251 -0.0000 0.9997
vn -0.9996 -0.0000 0.0269
vn 0.0261 -0.0000 0.9997
vn 0.9996 -0.0000 -0.0273
vn -0.9997 -0.0000 0.0251
vn 0.0262 -0.0000 0.9997
vn 0.9997 -0.0000 -0.0260
vn -0.9996 -0.0000 0.0273
vn 0.0259 -0.0000 0.9997
vn 0.9996 -0.0000 -0.0265
vn -0.0262 -0.0000 -0.9997
vn -0.9997 -0.0000 0.0263
vn 0.9996 -0.0000 -0.0272
vn 0.0454 -0.0000 0.9990
vn 0.9989 -0.0000 -0.0470
vn 0.0459 -0.0000 0.9989
vn -0.9990 -0.0000 0.0457
vn 0.0447 -0.0000 0.9990
vn 0.9989 -0.0000 -0.0466
vn 0.0458 -0.0000 0.9989
vn -0.9989 -0.0000 0.0473
vn 0.0458 -0.0000 0.9990
vn 0.9989 -0.0000 -0.0463
vn 0.0453 -0.0000 0.9990
vn -0.9989 -0.0000 0.0462
vn 0.0452 -0.0000 0.9990
vn 0.9990 -0.0000 -0.0455
vn -0.0457 -0.0000 -0.9990
vn -0.9989 -0.0000 0.0463
vn -0.0017 -0.0000 1.0000
vn -1.0000 -0.0000 0.0023
vn -0.0003 -0.0000 -1.0000
vn 0.0159 -0.0000 0.9999
vn 0.9999 -0.0000 -0.0154
vn 0.0162 -0.0000 0.9999
vn 0.9999 -0.0000 -0.0155
vn 0.9999 -0.0000 -0.0159
vn -0.0159 -0.0000 -0.9999
vn -0.9999 -0.0000 0.0162
vn -0.0165 -0.0000 -0.9999
vn -0.9999 -0.0000 0.0163
vn 0.0167 -0.0000 0.9999
vn -0.9976 -0.0000 0.0697
vn 0.0699 -0.0000 0.9976
vn 0.9976 -0.0000 -0.0689
vn 0.0698 -0.0000 0.9976
vn 0.9976 -0.0000 -0.0693
vn -0.0694 -0.0000 -0.9976
vn 0.9976 -0.0000 -0.0699
vn -0.9975 -0.0000 0.0702
vn -0.0697 -0.0000 -0.9976
vn -0.9976 -0.0000 0.0690
vn 0.0689 -0.0000 0.9976
vn -0.9988 -0.0000 -0.0484
vn 0.0310 -0.0000 0.9995
vn 0.9993 -0.0000 -0.0378
vn -0.0866 -0.0000 -0.9962
vn 0.9998 -0.0000 0.0184
vn -0.0073 -0.0000 -1.0000
vn -0.0456 -0.0000 -0.9990
vn 0.9995 -0.0000 -0.0318
vn -0.0845 -0.0000 -0.9964
vn -1.0000 -0.0000 0.0064
vn -0.0766 -0.0000 -0.9971
vn -0.9963 -0.0000 0.0856
vn -0.0120 -0.0000 0.9999
vn -0.9998 -0.0000 0.0183
vn 0.0238 -0.0000 0.9997
vn 0.9993 -0.0000 -0.0363
vn -0.0206 -0.0000 -0.9998
vn -0.9997 -0.0000 0.0245
vn -0.0242 -0.0000 -0.9997
vn 0.9997 -0.0000 -0.0257
vn -0.0241 -0.0000 -0.9997
vn -0.9997 -0.0000 0.0233
vn 0.0257 -0.0000 0.9997
vn -0.9997 -0.0000 0.0224
vn 0.0253 -0.0000 0.9997
vn 0.0237 -0.0000 0.9997
vn 0.8777 -0.0000 0.4792
vn -0.9998 -0.0000 -0.0192
vn -0.0183 -0.0000 0.9998
vn 0.9998 -0.0000 0.0199
vn 0.7503 -0.0000 0.6611
vn -0.9996 -0.0000 0.0289
vn 0.0245 -0.0000 0.9997
vn -0.9998 -0.0000 0.0223
vn 0.9997 -0.0000 -0.0233
vn 0.0240 -0.0000 0.9997
vn -0.9997 -0.0000 0.0243
vn 0.9997 -0.0000 -0.0245
vn 0.0250 -0.0000 0.9997
vn 0.9997 -0.0000 -0.0230
vn 0.0239 -0.0000 0.9997
vn 0.9997 -0.0000 -0.0238
vn -0.0245 -0.0000 -0.9997
vn 0.0128 -0.0000 0.9999
vn -0.9999 -0.0000 0.0116
vn 0.0141 -0.0000 0.9999
vn 0.9999 -0.0000 -0.0105
vn 0.0129 -0.0000 0.9999
vn 0.9999 -0.0000 -0.0141
vn 0.0136 -0.0000 0.9999
vn 0.9999 -0.0000 -0.0125
vn 0.0115 -0.0000 0.9999
vn -1.0000 -0.0000 0.0099
vn 0.0122 -0.0000 0.9999
vn 0.0119 -0.0000 0.9999
vn -0.9999 -0.0000 0.0115
vn 0.0101 -0.0000 0.9999
vn 1.0000 -0.0000 -0.0090
vn 0.0123 -0.0000 0.9999
vn -0.9999 -0.0000 0.0110
vn 0.0107 -0.0000 0.9999
vn -1.0000 -0.0000 0.0088
vn 0.0111 -0.0000 0.9999
vn 0.9999 -0.0000 -0.0116
vn 0.0087 -0.0000 1.0000
vn -0.9999 -0.0000 0.0108
vn 0.0218 -0.0000 0.9998
vn 1.0000 -0.0000 0.0096
vn -0.0171 -0.0000 -0.9999
vn 0.9999 -0.0000 -0.0171
vn -0.0175 -0.0000 -0.9998
vn -0.9998 -0.0000 0.0181
vn -0.0169 -0.0000 -0.9999
vn 0.9999 -0.0000 -0.0170
vn -0.9999 -0.0000 0.0152
vn -0.0153 -0.0000 -0.9999
vn -0.9999 -0.0000 0.0173
vn -0.0163 -0.0000 -0.9999
vn -0.9998 -0.0000 0.0185
vn -0.0172 -0.0000 -0.9999
vn -0.0156 -0.0000 -0.9999
vn -0.9999 -0.0000 0.0167
vn -0.0146 -0.0000 -0.9999
vn 1.0000 -0.0000 -0.0093
vn -0.0152 -0.0000 -0.9999
vn -0.9999 -0.0000 0.0120
vn -0.0134 -0.0000 -0.9999
vn -0.9999 -0.0000 0.0137
vn 0.0178 -0.0000 0.9998
vn 0.9295 -0.0000 0.3687
vn 0.0857 -0.0000 0.9963
vn -0.9963 -0.0000 0.0858
vn 0.0848 -0.0000 0.9964
vn 0.9436 -0.0000 0.3312
vn 0.0831 -0.0000 0.9965
vn -0.9964 -0.0000 0.0852
vn 0.0834 -0.0000 0.9965
vn 0.8556 -0.0000 0.5176
vn 0.0615 -0.0000 0.9981
vn -0.9978 -0.0000 0.0664
vn 0.0651 -0.0000 0.9979
vn 0.9980 -0.0000 -0.0636
vn 0.0641 -0.0000 0.9979
vn -0.9979 -0.0000 0.0643
vn 0.0624 -0.0000 0.9980
vn 0.9754 -0.0000 0.2205
vn 0.0705 -0.0000 0.9975
vn -0.9974 -0.0000 0.0725
vn 0.0713 -0.0000 0.9975
vn 0.8191 -0.0000 0.5737
vn 0.0362 -0.0000 0.9993
vn 0.9993 -0.0000 -0.0368
vn 0.0337 -0.0000 0.9994
vn -0.9993 -0.0000 0.0381
vn 0.0398 -0.0000 0.9992
vn -0.0382 -0.0000 -0.9993
vn 0.9994 -0.0000 -0.0354
vn -0.0365 -0.0000 -0.9993
vn -0.9993 -0.0000 0.0382
vn -0.0341 -0.0000 -0.9994
vn 0.9994 -0.0000 -0.0356
vn -0.0334 -0.0000 -0.9994
vn 0.9994 -0.0000 -0.0348
vn -0.0335 -0.0000 -0.9994
vn -0.9994 -0.0000 0.0337
vn -0.0325 -0.0000 -0.9995
vn 0.9995 -0.0000 -0.0315
vn -0.0294 -0.0000 -0.9996
vn -0.9997 -0.0000 0.0250
vn -0.0270 -0.0000 -0.9996
vn 0.0265 -0.0000 0.9996
vn -0.0263 -0.0000 -0.9997
vn 0.9996 -0.0000 -0.0268
vn -0.0244 -0.0000 -0.9997
vn 0.9998 -0.0000 -0.0220
vn -0.0232 -0.0000 -0.9997
vn -0.9998 -0.0000 0.0209
vn -0.0219 -0.0000 -0.9998
vn 0.9997 -0.0000 -0.0234
vn -0.0214 -0.0000 -0.9998
vn -0.9998 -0.0000 0.0194
vn -0.0211 -0.0000 -0.9998
vn 0.9998 -0.0000 -0.0193
vn -0.0193 -0.0000 -0.9998
vn 0.9999 -0.0000 -0.0163
vn -0.0189 -0.0000 -0.9998
vn -0.0204 -0.0000 -0.9998
vn 0.0176 -0.0000 0.9998
vn -0.9998 -0.0000 0.0188
vn 0.0179 -0.0000 0.9998
vn 0.0376 -0.0000 0.9993
vn 0.9993 -0.0000 -0.0369
vn 0.0375 -0.0000 0.9993
vn -0.9967 -0.0000 0.0808
vn 0.0226 -0.0000 0.9997
vn 1.0000 -0.0000 -0.0034
vn 0.0034 -0.0000 1.0000
vn -0.9591 -0.0000 0.2830
vn 0.0446 -0.0000 0.9990
vn 0.9989 -0.0000 -0.0476
vn 0.0462 -0.0000 0.9989
vn 0.0463 -0.0000 0.9989
vn 0.9989 -0.0000 -0.0459
vn -0.0464 -0.0000 -0.9989
vn 0.9988 -0.0000 -0.0489
vn -0.0488 -0.0000 -0.9988
vn 0.9989 -0.0000 -0.0471
vn -0.0514 -0.0000 -0.9987
vn -0.9988 -0.0000 0.0485
vn -0.0553 -0.0000 -0.9985
vn -0.9985 -0.0000 0.0554
vn -0.0577 -0.0000 -0.9983
vn 0.9983 -0.0000 -0.0583
vn -0.0595 -0.0000 -0.9982
vn 0.9981 -0.0000 -0.0614
vn -0.0621 -0.0000 -0.9981
vn -0.9981 -0.0000 0.0615
vn -0.0609 -0.0000 -0.9981
vn 0.8796 -0.0000 -0.4758
vn -0.0368 -0.0000 -0.9993
vn -0.9993 -0.0000 0.0372
vn 0.0380 -0.0000 0.9993
vn -0.9994 -0.0000 0.0357
vn 0.0356 -0.0000 0.9994
vn 0.9995 -0.0000 -0.0327
vn 0.0323 -0.0000 0.9995
vn -0.9996 -0.0000 0.0285
vn 0.0307 -0.0000 0.9995
vn 0.9995 -0.0000 -0.0306
vn 0.0296 -0.0000 0.9996
vn -0.8873 -0.0000 0.4612
vn 0.0602 -0.0000 0.9982
vn 0.9982 -0.0000 -0.0601
vn -0.0597 -0.0000 -0.9982
vn 0.9982 -0.0000 -0.0594
vn -0.0580 -0.0000 -0.9983
vn -0.9984 -0.0000 0.0564
vn -0.0566 -0.0000 -0.9984
vn 0.9987 -0.0000 -0.0511
vn -0.0507 -0.0000 -0.9987
vn -0.9988 -0.0000 0.0491
vn -0.0423 -0.0000 -0.9991
vn 0.9992 -0.0000 -0.0411
vn -0.0397 -0.0000 -0.9992
vn 0.0211 -0.0000 0.9998
vn 0.9998 -0.0000 -0.0218
vn 0.0209 -0.0000 0.9998
vn -0.9998 -0.0000 0.0216
vn 0.0207 -0.0000 0.9998
vn 0.9998 -0.0000 -0.0209
vn -0.0210 -0.0000 -0.9998
vn -0.0213 -0.0000 -0.9998
vn -0.9998 -0.0000 0.0202
vn -0.9998 -0.0000 0.0203
vn 0.0528 -0.0000 0.9986
vn 0.9987 -0.0000 -0.0515
vn 0.0535 -0.0000 0.9986
vn -0.9986 -0.0000 0.0528
vn 0.0525 -0.0000 0.9986
vn 0.9986 -0.0000 -0.0530
vn -0.0525 -0.0000 -0.9986
vn 0.9987 -0.0000 -0.0507
vn -0.0524 -0.0000 -0.9986
vn -0.9986 -0.0000 0.0532
vn -0.0520 -0.0000 -0.9986
vn -0.9986 -0.0000 0.0529
vn 0.0436 -0.0000 0.9991
vn -0.9991 -0.0000 0.0427
vn 0.0430 -0.0000 0.9991
vn 0.9990 -0.0000 -0.0436
vn 0.0432 -0.0000 0.9991
vn 0.9991 -0.0000 -0.0430
vn -0.9991 -0.0000 0.0422
vn -0.0433 -0.0000 -0.9991
vn -0.0432 -0.0000 -0.9991
vn -0.9990 -0.0000 0.0439
vn 0.0109 -0.0000 0.9999
vn 0.9999 -0.0000 -0.0106
vn 0.0110 -0.0000 0.9999
vn -0.9999 -0.0000 0.0117
vn 0.0112 -0.0000 0.9999
vn 0.9999 -0.0000 -0.0111
vn -0.0107 -0.0000 -0.9999
vn 0.9999 -0.0000 -0.0104
vn -0.9999 -0.0000 0.0106
vn -0.0108 -0.0000 -0.9999
vn -0.9999 -0.0000 0.0112
vn 0.0497 -0.0000 0.9988
vn -0.9987 -0.0000 0.0516
vn 0.0504 -0.0000 0.9987
vn 0.9988 -0.0000 -0.0497
vn -0.0505 -0.0000 -0.9987
vn -0.9987 -0.0000 0.0512
vn -0.0502 -0.0000 -0.9987
vn -0.0501 -0.0000 -0.9987
vn -0.9988 -0.0000 0.0498
vn 0.0276 -0.0000 0.9996
vn -0.9996 -0.0000 0.0272
vn -0.9996 -0.0000 0.0271
vn 0.0271 -0.0000 0.9996
vn 0.9996 -0.0000 -0.0274
vn 0.0274 -0.0000 0.9996
vn 0.9995 -0.0000 -0.0303
vn 0.0277 -0.0000 0.9996
vn 0.9996 -0.0000 -0.0271
vn -0.0275 -0.0000 -0.9996
vn -0.9996 -0.0000 0.0275
vn -0.0283 -0.0000 -0.9996
vn 0.9996 -0.0000 -0.0282
vn -0.0273 -0.0000 -0.9996
vn 0.0118 -0.0000 0.9999
vn 1.0000 -0.0000 -0.0063
vn -0.0119 -0.0000 -0.9999
vn -1.0000 -0.0000 0.0034
vn -0.0148 -0.0000 0.9999
vn 0.9999 -0.0000 0.0146
vn 0.0148 -0.0000 -0.9999
vn -0.9999 -0.0000 -0.0146
vn 0.9999 -0.0000 -0.0152
vn 0.0532 -0.0000 0.9986
vn -0.9994 -0.0000 -0.0359
vn -0.0434 -0.0000 0.9991
vn 0.9992 -0.0000 -0.0403
vn 0.0078 -0.0000 -1.0000
vn -0.0185 -0.0000 -0.9998
vn -0.9998 -0.0000 0.0179
vn 0.0182 -0.0000 0.9998
vn 0.9998 -0.0000 -0.0185
vn -0.0182 -0.0000 -0.9998
vn 0.9998 -0.0000 -0.0194
vn 0.0183 -0.0000 0.9998
vn 0.9998 -0.0000 -0.0188
vn -0.9998 -0.0000 0.0191
vn 0.0334 -0.0000 0.9994
vn 0.9994 -0.0000 -0.0339
vn -0.0347 -0.0000 -0.9994
vn -0.9994 -0.0000 0.0350
vn -0.9994 -0.0000 0.0342
vn 0.0344 -0.0000 0.9994
vn -0.9994 -0.0000 0.0339
vn 0.4003 -0.0000 0.9164
vn 0.9974 -0.0000 -0.0722
vn -0.9997 -0.0000 0.0254
vn 0.0760 -0.0000 0.9971
s 0
usemtl wall
f 50//1 1//1 51//1 100//1
f 1//2 2//2 52//2 51//2
f 2//3 3//3 53//3 52//3
f 3//4 4//4 54//4 53//4
f 4//5 5//5 55//5 54//5
f 5//6 6//6 56//6 55//6
f 6//7 7//7 57//7 56//7
f 7//8 8//8 58//8 57//8
f 8//9 9//9 59//9 58//9
f 9//10 10//10 60//10 59//10
f 10//11 11//11 61//11 60//11
f 11//12 12//12 62//12 61//12
f 12//13 13//13 63//13 62//13
f 13//14 14//14 64//14 63//14
f 14//15 15//15 65//15 64//15
f 15//16 16//16 66//16 65//16
f 16//17 17//17 67//17 66//17
f 17//18 18//18 68//18 67//18
f 18//19 19//19 69//19 68//19
f 19//20 20//20 70//20 69//20
f 20//21 21//21 71//21 70//21
f 21//22 22//22 72//22 71//22
f 22//23 23//23 73//23 72//23
f 23//24 24//24 74//24 73//24
f 24//25 25//25 75//25 74//25
f 25//26 26//26 76//26 75//26
f 26//27 27//27 77//27 76//27
f 27//28 28//28 78//28 77//28
f 28//29 29//29 79//29 78//29
f 29//30 30//30 80//30 79//30
f 30//31 31//31 81//31 80//31
f 31//32 32//32 82//32 81//32
f 32//33 33//33 83//33 82//33
f 33//34 34//34 84//34 83//34
f 34//35 35//35 85//35 84//35
f 35//36 36//36 86//36 85//36
f 36//37 37//37 87//37 86//37
f 37//38 38//38 88//38 87//38
f 38//39 39//39 89//39 88//39
f 39//40 40//40 90//40 89//40
f 40//41 41//41 91//41 90//41
f 41//42 42//42 92//42 91//42
f 42//43 43//43 93//43 92//43
f 43//44 44//44 94//44 93//44
f 44//45 45//45 95//45 94//45
f 45//46 46//46 96//46 95//46
f 46//43 47//43 97//43 96//43
f 47//47 48//47 98//47 97//47
f 48//48 49//48 99//48 98//48
f 49//49 50//49 100//49 99//49
f 104//51 101//51 105//51 108//51
f 101//52 102//52 106//52 105//52
f 102//53 103//53 107//53 106//53
f 103//54 104//54 108//54 107//54
f 114//55 109//55 115//55 120//55
f 109//56 110//56 116//56 115//56
f 110//57 111//57 117//57 116//57
f 111//58 112//58 118//58 117//58
f 112//59 113//59 119//59 118//59
f 113//60 114//60 120//60 119//60
f 136//61 121//61 137//61 152//61
f 121//62 122//62 138//62 137//62
f 122//63 123//63 139//63 138//63
f 123//13 124//13 140//13 139//13
f 124//64 125//64 141//64 140//64
f 125//65 126//65 142//65 141//65
f 126//66 127//66 143//66 142//66
f 127//67 128//67 144//67 143//67
f 128//68 129//68 145//68 144//68
f 129//69 130//69 146//69 145//69
f 130//70 131//70 147//70 146//70
f 131//71 132//71 148//71 147//71
f 132//72 133//72 149//72 148//72
f 133//73 134//73 150//73 149//73
f 134//74 135//74 151//74 150//74
f 135//75 136//75 152//75 151//75
f 161//76 153//76 162//76 170//76
f 153//77 154//77 163//77 162//77
f 154//78 155//78 164//78 163//78
f 155//79 156//79 165//79 164//79
f 156//80 157//80 166//80 165//80
f 157//81 158//81 167//81 166//81
f 158//82 159//82 168//82 167//82
f 159//83 160//83 169//83 168//83
f 160//84 161//84 170//84 169//84
f 174//85 171//85 175//85 178//85
f 171//86 172//86 176//86 175//86
f 172//87 173//87 177//87 176//87
f 173//88 174//88 178//88 177//88
f 197//89 179//89 198//89 216//89
f 179//90 180//90 199//90 198//90
f 180//91 181//91 200//91 199//91
f 181//92 182//92 201//92 200//92
f 182//93 183//93 202//93 201//93
f 183//94 184//94 203//94 202//94
f 184//95 185//95 204//95 203//95
f 185//96 186//96 205//96 204//96
f 186//97 187//97 206//97 205//97
f 187//98 188//98 207//98 206//98
f 188//99 189//99 208//99 207//99
f 189//100 190//100 209//100 208//100
f 190//101 191//101 210//101 209//101
f 191//102 192//102 211//102 210//102
f 192//103 193//103 212//103 211//103
f 193//104 194//104 213//104 212//104
f 194//105 195//105 214//105 213//105
f 195//106 196//106 215//106 214//106
f 196//107 197//107 216//107 215//107
f 236//108 217//108 237//108 256//108
f 217//109 218//109 238//109 237//109
f 218//110 219//110 239//110 238//110
f 219//111 220//111 240//111 239//111
f 220//112 221//112 241//112 240//112
f 221//113 222//113 242//113 241//113
f 222//114 223//114 243//114 242//114
f 223//115 224//115 244//115 243//115
f 224//116 225//116 245//116 244//116
f 225//117 226//117 246//117 245//117
f 226//118 227//118 247//118 246//118
f 227//119 228//119 248//119 247//119
f 228//120 229//120 249//120 248//120
f 229//121 230//121 250//121 249//121
f 230//122 231//122 251//122 250//122
f 231//123 232//123 252//123 251//123
f 232//124 233//124 253//124 252//124
f 233//123 234//123 254//123 253//123
f 234//125 235//125 255//125 254//125
f 235//126 236//126 256//126 255//126
f 267//127 257//127 268//127 278//127
f 257//128 258//128 269//128 268//128
f 258//129 259//129 270//129 269//129
f 259//130 260//130 271//130 270//130
f 260//131 261//131 272//131 271//131
f 261//132 262//132 273//132 272//132
f 262//133 263//133 274//133 273//133
f 263//134 264//134 275//134 274//134
f 264//135 265//135 276//135 275//135
f 265//136 266//136 277//136 276//136
f 266//137 267//137 278//137 277//137
f 293//138 279//138 294//138 308//138
f 279//139 280//139 295//139 294//139
f 280//140 281//140 296//140 295//140
f 281//123 282//123 297//123 296//123
f 282//141 283//141 298//141 297//141
f 283//123 284//123 299//123 298//123
f 284//142 285//142 300//142 299//142
f 285//123 286//123 301//123 300//123
f 286//143 287//143 302//143 301//143
f 287//144 288//144 303//144 302//144
f 288//145 289//145 304//145 303//145
f 289//146 290//146 305//146 304//146
f 290//147 291//147 306//147 305//147
f 291//148 292//148 307//148 306//148
f 292//149 293//149 308//149 307//149
f 325//150 309//150 326//150 342//150
f 309//151 310//151 327//151 326//151
f 310//152 311//152 328//152 327//152
f 311//153 312//153 329//153 328//153
f 312//154 313//154 330//154 329//154
f 313//155 314//155 331//155 330//155
f 314//156 315//156 332//156 331//156
f 315//157 316//157 333//157 332//157
f 316//158 317//158 334//158 333//158
f 317//159 318//159 335//159 334//159
f 318//160 319//160 336//160 335//160
f 319//161 320//161 337//161 336//161
f 320//162 321//162 338//162 337//162
f 321//163 322//163 339//163 338//163
f 322//164 323//164 340//164 339//164
f 323//165 324//165 341//165 340//165
f 324//166 325//166 342//166 341//166
f 355//149 343//149 356//149 368//149
f 343//167 344//167 357//167 356//167
f 344//168 345//168 358//168 357//168
f 345//169 346//169 359//169 358//169
f 346//170 347//170 360//170 359//170
f 347//171 348//171 361//171 360//171
f 348//172 349//172 362//172 361//172
f 349//173 350//173 363//173 362//173
f 350//174 351//174 364//174 363//174
f 351//175 352//175 365//175 364//175
f 352//176 353//176 366//176 365//176
f 353//177 354//177 367//177 366//177
f 354//123 355//123 368//123 367//123
f 399//178 369//178 400//178 430//178
f 369//179 370//179 401//179 400//179
f 370//180 371//180 402//180 401//180
f 371//181 372//181 403//181 402//181
f 372//182 373//182 404//182 403//182
f 373//183 374//183 405//183 404//183
f 374//184 375//184 406//184 405//184
f 375//185 376//185 407//185 406//185
f 376//186 377//186 408//186 407//186
f 377//187 378//187 409//187 408//187
f 378//157 379//157 410//157 409//157
f 379//188 380//188 411//188 410//188
f 380//189 381//189 412//189 411//189
f 381//190 382//190 413//190 412//190
f 382//191 383//191 414//191 413//191
f 383//192 384//192 415//192 414//192
f 384//193 385//193 416//193 415//193
f 385//194 386//194 417//194 416//194
f 386//195 387//195 418//195 417//195
f 387//196 388//196 419//196 418//196
f 388//149 389//149 420//149 419//149
f 389//123 390//123 421//123 420//123
f 390//197 391//197 422//197 421//197
f 391//198 392//198 423//198 422//198
f 392//199 393//199 424//199 423//199
f 393//200 394//200 425//200 424//200
f 394//201 395//201 426//201 425//201
f 395//202 396//202 427//202 426//202
f 396//203 397//203 428//203 427//203
f 397//204 398//204 429//204 428//204
f 398//205 399//205 430//205 429//205
f 450//206 431//206 451//206 470//206
f 431//207 432//207 452//207 451//207
f 432//208 433//208 453//208 452//208
f 433//209 434//209 454//209 453//209
f 434//210 435//210 455//210 454//210
f 435//211 436//211 456//211 455//211
f 436//212 437//212 457//212 456//212
f 437//213 438//213 458//213 457//213
f 438//214 439//214 459//214 458//214
f 439//215 440//215 460//215 459//215
f 440//216 441//216 461//216 460//216
f 441//157 442//157 462//157 461//157
f 442//217 443//217 463//217 462//217
f 443//218 444//218 464//218 463//218
f 444//219 445//219 465//219 464//219
f 445//220 446//220 466//220 465//220
f 446//221 447//221 467//221 466//221
f 447//222 448//222 468//222 467//222
f 448//223 449//223 469//223 468//223
f 449//224 450//224 470//224 469//224
f 488//225 471//225 489//225 506//225
f 471//157 472//157 490//157 489//157
f 472//226 473//226 491//226 490//226
f 473//227 474//227 492//227 491//227
f 474//116 475//116 493//116 492//116
f 475//228 476//228 494//228 493//228
f 476//229 477//229 495//229 494//229
f 477//230 478//230 496//230 495//230
f 478//231 479//231 497//231 496//231
f 479//232 480//232 498//232 497//232
f 480//233 481//233 499//233 498//233
f 481//234 482//234 500//234 499//234
f 482//235 483//235 501//235 500//235
f 483//236 484//236 502//236 501//236
f 484//237 485//237 503//237 502//237
f 485//238 486//238 504//238 503//238
f 486//239 487//239 505//239 504//239
f 487//240 488//240 506//240 505//240
f 537//241 507//241 538//241 568//241
f 507//242 508//242 539//242 538//242
f 508//243 509//243 540//243 539//243
f 509//244 510//244 541//244 540//244
f 510//245 511//245 542//245 541//245
f 511//246 512//246 543//246 542//246
f 512//247 513//247 544//247 543//247
f 513//248 514//248 545//248 544//248
f 514//249 515//249 546//249 545//249
f 515//250 516//250 547//250 546//250
f 516//157 517//157 548//157 547//157
f 517//251 518//251 549//251 548//251
f 518//123 519//123 550//123 549//123
f 519//252 520//252 551//252 550//252
f 520//253 521//253 552//253 551//253
f 521//254 522//254 553//254 552//254
f 522//255 523//255 554//255 553//255
f 523//256 524//256 555//256 554//256
f 524//257 525//257 556//257 555//257
f 525//258 526//258 557//258 556//258
f 526//259 527//259 558//259 557//259
f 527//260 528//260 559//260 558//260
f 528//261 529//261 560//261 559//261
f 529//262 530//262 561//262 560//262
f 530//263 531//263 562//263 561//263
f 531//264 532//264 563//264 562//264
f 532//265 533//265 564//265 563//265
f 533//266 534//266 565//266 564//266
f 534//267 535//267 566//267 565//267
f 535//268 536//268 567//268 566//268
f 536//269 537//269 568//269 567//269
f 580//123 569//123 581//123 592//123
f 569//270 570//270 582//270 581//270
f 570//271 571//271 583//271 582//271
f 571//272 572//272 584//272 583//272
f 572//157 573//157 585//157 584//157
f 573//273 574//273 586//273 585//273
f 574//274 575//274 587//274 586//274
f 575//275 576//275 588//275 587//275
f 576//157 577//157 589//157 588//157
f 577//276 578//276 590//276 589//276
f 578//277 579//277 591//277 590//277
f 579//278 580//278 592//278 591//278
f 612//279 593//279 613//279 632//279
f 593//280 594//280 614//280 613//280
f 594//116 595//116 615//116 614//116
f 595//281 596//281 616//281 615//281
f 596//116 597//116 617//116 616//116
f 597//282 598//282 618//282 617//282
f 598//283 599//283 619//283 618//283
f 599//284 600//284 620//284 619//284
f 600//285 601//285 621//285 620//285
f 601//286 602//286 622//286 621//286
f 602//287 603//287 623//287 622//287
f 603//288 604//288 624//288 623//288
f 604//289 605//289 625//289 624//289
f 605//290 606//290 626//290 625//290
f 606//291 607//291 627//291 626//291
f 607//292 608//292 628//292 627//292
f 608//293 609//293 629//293 628//293
f 609//294 610//294 630//294 629//294
f 610//295 611//295 631//295 630//295
f 611//296 612//296 632//296 631//296
f 670//297 633//297 671//297 708//297
f 633//298 634//298 672//298 671//298
f 634//299 635//299 673//299 672//299
f 635//300 636//300 674//300 673//300
f 636//301 637//301 675//301 674//301
f 637//302 638//302 676//302 675//302
f 638//303 639//303 677//303 676//303
f 639//304 640//304 678//304 677//304
f 640//305 641//305 679//305 678//305
f 641//306 642//306 680//306 679//306
f 642//307 643//307 681//307 680//307
f 643//308 644//308 682//308 681//308
f 644//309 645//309 683//309 682//309
f 645//310 646//310 684//310 683//310
f 646//311 647//311 685//311 684//311
f 647//312 648//312 686//312 685//312
f 648//313 649//313 687//313 686//313
f 649//314 650//314 688//314 687//314
f 650//315 651//315 689//315 688//315
f 651//316 652//316 690//316 689//316
f 652//317 653//317 691//317 690//317
f 653//318 654//318 692//318 691//318
f 654//319 655//319 693//319 692//319
f 655//320 656//320 694//320 693//320
f 656//321 657//321 695//321 694//321
f 657//322 658//322 696//322 695//322
f 658//116 659//116 697//116 696//116
f 659//323 660//323 698//323 697//323
f 660//324 661//324 699//324 698//324
f 661//325 662//325 700//325 699//325
f 662//326 663//326 701//326 700//326
f 663//327 664//327 702//327 701//327
f 664//328 665//328 703//328 702//328
f 665//329 666//329 704//329 703//329
f 666//330 667//330 705//330 704//330
f 667//331 668//331 706//331 705//331
f 668//332 669//332 707//332 706//332
f 669//333 670//333 708//333 707//333
f 718//334 709//334 719//334 728//334
f 709//335 710//335 720//335 719//335
f 710//336 711//336 721//336 720//336
f 711//123 712//123 722//123 721//123
f 712//337 713//337 723//337 722//337
f 713//123 714//123 724//123 723//123
f 714//149 715//149 725//149 724//149
f 715//338 716//338 726//338 725//338
f 716//339 717//339 727//339 726//339
f 717//340 718//340 728//340 727//340
f 760//341 729//341 761//341 792//341
f 729//342 730//342 762//342 761//342
f 730//343 731//343 763//343 762//343
f 731//344 732//344 764//344 763//344
f 732//345 733//345 765//345 764//345
f 733//346 734//346 766//346 765//346
f 734//347 735//347 767//347 766//347
f 735//348 736//348 768//348 767//348
f 736//349 737//349 769//349 768//349
f 737//350 738//350 770//350 769//350
f 738//351 739//351 771//351 770//351
f 739//350 740//350 772//350 771//350
f 740//352 741//352 773//352 772//352
f 741//353 742//353 774//353 773//353
f 742//354 743//354 775//354 774//354
f 743//355 744//355 776//355 775//355
f 744//356 745//356 777//356 776//356
f 745//357 746//357 778//357 777//357
f 746//358 747//358 779//358 778//358
f 747//359 748//359 780//359 779//359
f 748//360 749//360 781//360 780//360
f 749//361 750//361 782//361 781//361
f 750//349 751//349 783//349 782//349
f 751//362 752//362 784//362 783//362
f 752//363 753//363 785//363 784//363
f 753//364 754//364 786//364 785//364
f 754//365 755//365 787//365 786//365
f 755//366 756//366 788//366 787//366
f 756//367 757//367 789//367 788//367
f 757//368 758//368 790//368 789//368
f 758//369 759//369 791//369 790//369
f 759//204 760//204 792//204 791//204
f 817//370 793//370 818//370 842//370
f 793//371 794//371 819//371 818//371
f 794//372 795//372 820//372 819//372
f 795//373 796//373 821//373 820//373
f 796//374 797//374 822//374 821//374
f 797//375 798//375 823//375 822//375
f 798//376 799//376 824//376 823//376
f 799//377 800//377 825//377 824//377
f 800//378 801//378 826//378 825//378
f 801//379 802//379 827//379 826//379
f 802//380 803//380 828//380 827//380
f 803//381 804//381 829//381 828//381
f 804//382 805//382 830//382 829//382
f 805//383 806//383 831//383 830//383
f 806//384 807//384 832//384 831//384
f 807//385 808//385 833//385 832//385
f 808//386 809//386 834//386 833//386
f 809//387 810//387 835//387 834//387
f 810//388 811//388 836//388 835//388
f 811//349 812//349 837//349 836//349
f 812//389 813//389 838//389 837//389
f 813//390 814//390 839//390 838//390
f 814//391 815//391 840//391 839//391
f 815//392 816//392 841//392 840//392
f 816//266 817//266 842//266 841//266
f 846//393 843//393 847//393 850//393
f 843//394 844//394 848//394 847//394
f 844//395 845//395 849//395 848//395
f 845//396 846//396 850//396 849//396
f 858//397 851//397 859//397 866//397
f 851//398 852//398 860//398 859//398
f 852//399 853//399 861//399 860//399
f 853//400 854//400 862//400 861//400
f 854//401 855//401 863//401 862//401
f 855//402 856//402 864//402 863//402
f 856//403 857//403 865//403 864//403
f 857//404 858//404 866//404 865//404
f 870//157 867//157 871//157 874//157
f 867//116 868//116 872//116 871//116
f 868//405 869//405 873//405 872//405
f 869//149 870//149 874//149 873//149
f 878//157 875//157 879//157 882//157
f 875//406 876//406 880//406 879//406
f 876//407 877//407 881//407 880//407
f 877//408 878//408 882//408 881//408
f 886//409 883//409 887//409 890//409
f 883//410 884//410 888//410 887//410
f 884//411 885//411 889//411 888//411
f 885//412 886//412 890//412 889//412
f 894//413 891//413 895//413 898//413
f 891//414 892//414 896//414 895//414
f 892//164 893//164 897//164 896//164
f 893//415 894//415 898//415 897//415
f 902//416 899//416 903//416 906//416
f 899//417 900//417 904//417 903//417
f 900//418 901//418 905//418 904//418
f 901//419 902//419 906//419 905//419
f 922//420 907//420 923//420 938//420
f 907//421 908//421 924//421 923//421
f 908//422 909//422 925//422 924//422
f 909//423 910//423 926//423 925//423
f 910//424 911//424 927//424 926//424
f 911//425 912//425 928//425 927//425
f 912//426 913//426 929//426 928//426
f 913//427 914//427 930//427 929//427
f 914//428 915//428 931//428 930//428
f 915//429 916//429 932//429 931//429
f 916//430 917//430 933//430 932//430
f 917//431 918//431 934//431 933//431
f 918//422 919//422 935//422 934//422
f 919//432 920//432 936//432 935//432
f 920//422 921//422 937//422 936//422
f 921//433 922//433 938//433 937//433
f 954//434 939//434 955//434 970//434
f 939//435 940//435 956//435 955//435
f 940//436 941//436 957//436 956//436
f 941//437 942//437 958//437 957//437
f 942//438 943//438 959//438 958//438
f 943//439 944//439 960//439 959//439
f 944//133 945//133 961//133 960//133
f 945//440 946//440 962//440 961//440
f 946//441 947//441 963//441 962//441
f 947//442 948//442 964//442 963//442
f 948//443 949//443 965//443 964//443
f 949//444 950//444 966//444 965//444
f 950//445 951//445 967//445 966//445
f 951//446 952//446 968//446 967//446
f 952//447 953//447 969//447 968//447
f 953//448 954//448 970//448 969//448
f 986//449 971//449 987//449 1002//449
f 971//450 972//450 988//450 987//450
f 972//451 973//451 989//451 988//451
f 973//452 974//452 990//452 989//452
f 974//126 975//126 991//126 990//126
f 975//453 976//453 992//453 991//453
f 976//454 977//454 993//454 992//454
f 977//455 978//455 994//455 993//455
f 978//456 979//456 995//456 994//456
f 979//457 980//457 996//457 995//457
f 980//458 981//458 997//458 996//458
f 981//459 982//459 998//459 997//459
f 982//460 983//460 999//460 998//460
f 983//461 984//461 1000//461 999//461
f 984//458 985//458 1001//458 1000//458
f 985//462 986//462 1002//462 1001//462
f 1018//463 1003//463 1019//463 1034//463
f 1003//464 1004//464 1020//464 1019//464
f 1004//465 1005//465 1021//465 1020//465
f 1005//466 1006//466 1022//466 1021//466
f 1006//465 1007//465 1023//465 1022//465
f 1007//467 1008//467 1024//467 1023//467
f 1008//468 1009//468 1025//468 1024//468
f 1009//469 1010//469 1026//469 1025//469
f 1010//468 1011//468 1027//468 1026//468
f 1011//470 1012//470 1028//470 1027//470
f 1012//471 1013//471 1029//471 1028//471
f 1013//472 1014//472 1030//472 1029//472
f 1014//473 1015//473 1031//473 1030//473
f 1015//474 1016//474 1032//474 1031//474
f 1016//468 1017//468 1033//468 1032//468
f 1017//475 1018//475 1034//475 1033//475
f 1050//476 1035//476 1051//476 1066//476
f 1035//477 1036//477 1052//477 1051//477
f 1036//478 1037//478 1053//478 1052//478
f 1037//479 1038//479 1054//479 1053//479
f 1038//480 1039//480 1055//480 1054//480
f 1039//481 1040//481 1056//481 1055//481
f 1040//482 1041//482 1057//482 1056//482
f 1041//483 1042//483 1058//483 1057//483
f 1042//484 1043//484 1059//484 1058//484
f 1043//485 1044//485 1060//485 1059//485
f 1044//486 1045//486 1061//486 1060//486
f 1045//487 1046//487 1062//487 1061//487
f 1046//488 1047//488 1063//488 1062//488
f 1047//489 1048//489 1064//489 1063//489
f 1048//490 1049//490 1065//490 1064//490
f 1049//491 1050//491 1066//491 1065//491
f 1082//157 1067//157 1083//157 1098//157
f 1067//116 1068//116 1084//116 1083//116
f 1068//157 1069//157 1085//157 1084//157
f 1069//149 1070//149 1086//149 1085//149
f 1070//157 1071//157 1087//157 1086//157
f 1071//116 1072//116 1088//116 1087//116
f 1072//157 1073//157 1089//157 1088//157
f 1073//149 1074//149 1090//149 1089//149
f 1074//492 1075//492 1091//492 1090//492
f 1075//116 1076//116 1092//116 1091//116
f 1076//157 1077//157 1093//157 1092//157
f 1077//493 1078//493 1094//493 1093//493
f 1078//157 1079//157 1095//157 1094//157
f 1079//116 1080//116 1096//116 1095//116
f 1080//494 1081//494 1097//494 1096//494
f 1081//149 1082//149 1098//149 1097//149
f 1110//433 1099//433 1111//433 1122//433
f 1099//495 1100//495 1112//495 1111//495
f 1100//496 1101//496 1113//496 1112//496
f 1101//497 1102//497 1114//497 1113//497
f 1102//498 1103//498 1115//498 1114//498
f 1103//428 1104//428 1116//428 1115//428
f 1104//499 1105//499 1117//499 1116//499
f 1105//500 1106//500 1118//500 1117//500
f 1106//501 1107//501 1119//501 1118//501
f 1107//502 1108//502 1120//502 1119//502
f 1108//503 1109//503 1121//503 1120//503
f 1109//504 1110//504 1122//504 1121//504
f 1134//505 1123//505 1135//505 1146//505
f 1123//506 1124//506 1136//506 1135//506
f 1124//507 1125//507 1137//507 1136//507
f 1125//508 1126//508 1138//508 1137//508
f 1126//509 1127//509 1139//509 1138//509
f 1127//510 1128//510 1140//510 1139//510
f 1128//511 1129//511 1141//511 1140//511
f 1129//510 1130//510 1142//510 1141//510
f 1130//512 1131//512 1143//512 1142//512
f 1131//513 1132//513 1144//513 1143//513
f 1132//514 1133//514 1145//514 1144//514
f 1133//515 1134//515 1146//515 1145//515
f 1160//157 1147//157 1161//157 1174//157
f 1147//516 1148//516 1162//516 1161//516
f 1148//517 1149//517 1163//517 1162//517
f 1149//518 1150//518 1164//518 1163//518
f 1150//519 1151//519 1165//519 1164//519
f 1151//520 1152//520 1166//520 1165//520
f 1152//521 1153//521 1167//521 1166//521
f 1153//149 1154//149 1168//149 1167//149
f 1154//522 1155//522 1169//522 1168//522
f 1155//523 1156//523 1170//523 1169//523
f 1156//524 1157//524 1171//524 1170//524
f 1157//525 1158//525 1172//525 1171//525
f 1158//526 1159//526 1173//526 1172//526
f 1159//527 1160//527 1174//527 1173//527
f 1180//528 1175//528 1181//528 1186//528
f 1175//529 1176//529 1182//529 1181//529
f 1176//530 1177//530 1183//530 1182//530
f 1177//531 1178//531 1184//531 1183//531
f 1178//532 1179//532 1185//532 1184//532
f 1179//149 1180//149 1186//149 1185//149
f 1218//533 1187//533 1219//533 1250//533
f 1187//534 1188//534 1220//534 1219//534
f 1188//535 1189//535 1221//535 1220//535
f 1189//536 1190//536 1222//536 1221//536
f 1190//537 1191//537 1223//537 1222//537
f 1191//538 1192//538 1224//538 1223//538
f 1192//539 1193//539 1225//539 1224//539
f 1193//540 1194//540 1226//540 1225//540
f 1194//326 1195//326 1227//326 1226//326
f 1195//541 1196//541 1228//541 1227//541
f 1196//542 1197//542 1229//542 1228//542
f 1197//74 1198//74 1230//74 1229//74
f 1198//543 1199//543 1231//543 1230//543
f 1199//544 1200//544 1232//544 1231//544
f 1200//545 1201//545 1233//545 1232//545
f 1201//544 1202//544 1234//544 1233//544
f 1202//546 1203//546 1235//546 1234//546
f 1203//538 1204//538 1236//538 1235//538
f 1204//547 1205//547 1237//547 1236//547
f 1205//548 1206//548 1238//548 1237//548
f 1206//549 1207//549 1239//549 1238//549
f 1207//530 1208//530 1240//530 1239//530
f 1208//550 1209//550 1241//550 1240//550
f 1209//551 1210//551 1242//551 1241//551
f 1210//552 1211//552 1243//552 1242//552
f 1211//463 1212//463 1244//463 1243//463
f 1212//553 1213//553 1245//553 1244//553
f 1213//554 1214//554 1246//554 1245//554
f 1214//555 1215//555 1247//555 1246//555
f 1215//556 1216//556 1248//556 1247//556
f 1216//557 1217//557 1249//557 1248//557
f 1217//558 1218//558 1250//558 1249//558
f 1302//559 1251//559 1303//559 1354//559
f 1251//560 1252//560 1304//560 1303//560
f 1252//561 1253//561 1305//561 1304//561
f 1253//562 1254//562 1306//562 1305//562
f 1254//563 1255//563 1307//563 1306//563
f 1255//564 1256//564 1308//564 1307//564
f 1256//565 1257//565 1309//565 1308//565
f 1257//566 1258//566 1310//566 1309//566
f 1258//567 1259//567 1311//567 1310//567
f 1259//568 1260//568 1312//568 1311//568
f 1260//569 1261//569 1313//569 1312//569
f 1261//562 1262//562 1314//562 1313//562
f 1262//570 1263//570 1315//570 1314//570
f 1263//571 1264//571 1316//571 1315//571
f 1264//572 1265//572 1317//572 1316//572
f 1265//573 1266//573 1318//573 1317//573
f 1266//574 1267//574 1319//574 1318//574
f 1267//575 1268//575 1320//575 1319//575
f 1268//576 1269//576 1321//576 1320//576
f 1269//577 1270//577 1322//577 1321//577
f 1270//578 1271//578 1323//578 1322//578
f 1271//579 1272//579 1324//579 1323//579
f 1272//580 1273//580 1325//580 1324//580
f 1273//581 1274//581 1326//581 1325//581
f 1274//582 1275//582 1327//582 1326//582
f 1275//583 1276//583 1328//583 1327//583
f 1276//584 1277//584 1329//584 1328//584
f 1277//585 1278//585 1330//585 1329//585
f 1278//586 1279//586 1331//586 1330//586
f 1279//587 1280//587 1332//587 1331//587
f 1280//588 1281//588 1333//588 1332//588
f 1281//589 1282//589 1334//589 1333//589
f 1282//454 1283//454 1335//454 1334//454
f 1283//590 1284//590 1336//590 1335//590
f 1284//591 1285//591 1337//591 1336//591
f 1285//585 1286//585 1338//585 1337//585
f 1286//586 1287//586 1339//586 1338//586
f 1287//592 1288//592 1340//592 1339//592
f 1288//426 1289//426 1341//426 1340//426
f 1289//589 1290//589 1342//589 1341//589
f 1290//593 1291//593 1343//593 1342//593
f 1291//594 1292//594 1344//594 1343//594
f 1292//595 1293//595 1345//595 1344//595
f 1293//231 1294//231 1346//231 1345//231
f 1294//596 1295//596 1347//596 1346//596
f 1295//597 1296//597 1348//597 1347//597
f 1296//598 1297//598 1349//598 1348//598
f 1297//599 1298//599 1350//599 1349//599
f 1298//600 1299//600 1351//600 1350//600
f 1299//601 1300//601 1352//601 1351//601
f 1300//602 1301//602 1353//602 1352//602
f 1301//603 1302//603 1354//603 1353//603
f 1422//462 1355//462 1423//462 1490//462
f 1355//604 1356//604 1424//604 1423//604
f 1356//605 1357//605 1425//605 1424//605
f 1357//606 1358//606 1426//606 1425//606
f 1358//607 1359//607 1427//607 1426//607
f 1359//608 1360//608 1428//608 1427//608
f 1360//609 1361//609 1429//609 1428//609
f 1361//610 1362//610 1430//610 1429//610
f 1362//611 1363//611 1431//611 1430//611
f 1363//612 1364//612 1432//612 1431//612
f 1364//613 1365//613 1433//613 1432//613
f 1365//614 1366//614 1434//614 1433//614
f 1366//615 1367//615 1435//615 1434//615
f 1367//616 1368//616 1436//616 1435//616
f 1368//617 1369//617 1437//617 1436//617
f 1369//618 1370//618 1438//618 1437//618
f 1370//619 1371//619 1439//619 1438//619
f 1371//620 1372//620 1440//620 1439//620
f 1372//621 1373//621 1441//621 1440//621
f 1373//622 1374//622 1442//622 1441//622
f 1374//623 1375//623 1443//623 1442//623
f 1375//624 1376//624 1444//624 1443//624
f 1376//625 1377//625 1445//625 1444//625
f 1377//626 1378//626 1446//626 1445//626
f 1378//627 1379//627 1447//627 1446//627
f 1379//628 1380//628 1448//628 1447//628
f 1380//629 1381//629 1449//629 1448//629
f 1381//630 1382//630 1450//630 1449//630
f 1382//518 1383//518 1451//518 1450//518
f 1383//631 1384//631 1452//631 1451//631
f 1384//632 1385//632 1453//632 1452//632
f 1385//633 1386//633 1454//633 1453//633
f 1386//634 1387//634 1455//634 1454//634
f 1387//635 1388//635 1456//635 1455//635
f 1388//636 1389//636 1457//636 1456//636
f 1389//637 1390//637 1458//637 1457//637
f 1390//638 1391//638 1459//638 1458//638
f 1391//639 1392//639 1460//639 1459//639
f 1392//640 1393//640 1461//640 1460//640
f 1393//641 1394//641 1462//641 1461//641
f 1394//642 1395//642 1463//642 1462//642
f 1395//643 1396//643 1464//643 1463//643
f 1396//644 1397//644 1465//644 1464//644
f 1397//645 1398//645 1466//645 1465//645
f 1398//328 1399//328 1467//328 1466//328
f 1399//646 1400//646 1468//646 1467//646
f 1400//419 1401//419 1469//419 1468//419
f 1401//647 1402//647 1470//647 1469//647
f 1402//648 1403//648 1471//648 1470//648
f 1403//649 1404//649 1472//649 1471//649
f 1404//650 1405//650 1473//650 1472//650
f 1405//651 1406//651 1474//651 1473//651
f 1406//652 1407//652 1475//652 1474//652
f 1407//653 1408//653 1476//653 1475//653
f 1408//654 1409//654 1477//654 1476//654
f 1409//655 1410//655 1478//655 1477//655
f 1410//656 1411//656 1479//656 1478//656
f 1411//657 1412//657 1480//657 1479//657
f 1412//658 1413//658 1481//658 1480//658
f 1413//659 1414//659 1482//659 1481//659
f 1414//660 1415//660 1483//660 1482//660
f 1415//661 1416//661 1484//661 1483//661
f 1416//652 1417//652 1485//652 1484//652
f 1417//662 1418//662 1486//662 1485//662
f 1418//136 1419//136 1487//136 1486//136
f 1419//663 1420//663 1488//663 1487//663
f 1420//664 1421//664 1489//664 1488//664
f 1421//665 1422//665 1490//665 1489//665
f 1522//666 1491//666 1523//666 1554//666
f 1491//667 1492//667 1524//667 1523//667
f 1492//668 1493//668 1525//668 1524//668
f 1493//669 1494//669 1526//669 1525//669
f 1494//670 1495//670 1527//670 1526//670
f 1495//671 1496//671 1528//671 1527//671
f 1496//672 1497//672 1529//672 1528//672
f 1497//673 1498//673 1530//673 1529//673
f 1498//674 1499//674 1531//674 1530//674
f 1499//675 1500//675 1532//675 1531//675
f 1500//676 1501//676 1533//676 1532//676
f 1501//487 1502//487 1534//487 1533//487
f 1502//677 1503//677 1535//677 1534//677
f 1503//678 1504//678 1536//678 1535//678
f 1504//679 1505//679 1537//679 1536//679
f 1505//680 1506//680 1538//680 1537//680
f 1506//681 1507//681 1539//681 1538//681
f 1507//682 1508//682 1540//682 1539//682
f 1508//683 1509//683 1541//683 1540//683
f 1509//684 1510//684 1542//684 1541//684
f 1510//685 1511//685 1543//685 1542//685
f 1511//686 1512//686 1544//686 1543//686
f 1512//687 1513//687 1545//687 1544//687
f 1513//688 1514//688 1546//688 1545//688
f 1514//689 1515//689 1547//689 1546//689
f 1515//690 1516//690 1548//690 1547//690
f 1516//691 1517//691 1549//691 1548//691
f 1517//692 1518//692 1550//692 1549//692
f 1518//693 1519//693 1551//693 1550//693
f 1519//694 1520//694 1552//694 1551//694
f 1520//695 1521//695 1553//695 1552//695
f 1521//696 1522//696 1554//696 1553//696
f 1578//697 1555//697 1579//697 1602//697
f 1555//698 1556//698 1580//698 1579//698
f 1556//699 1557//699 1581//699 1580//699
f 1557//700 1558//700 1582//700 1581//700
f 1558//701 1559//701 1583//701 1582//701
f 1559//702 1560//702 1584//702 1583//702
f 1560//703 1561//703 1585//703 1584//703
f 1561//704 1562//704 1586//704 1585//704
f 1562//705 1563//705 1587//705 1586//705
f 1563//706 1564//706 1588//706 1587//706
f 1564//707 1565//707 1589//707 1588//707
f 1565//708 1566//708 1590//708 1589//708
f 1566//709 1567//709 1591//709 1590//709
f 1567//710 1568//710 1592//710 1591//710
f 1568//711 1569//711 1593//711 1592//711
f 1569//712 1570//712 1594//712 1593//712
f 1570//713 1571//713 1595//713 1594//713
f 1571//714 1572//714 1596//714 1595//714
f 1572//715 1573//715 1597//715 1596//715
f 1573//716 1574//716 1598//716 1597//716
f 1574//717 1575//717 1599//717 1598//717
f 1575//718 1576//718 1600//718 1599//718
f 1576//719 1577//719 1601//719 1600//719
f 1577//634 1578//634 1602//634 1601//634
f 1614//720 1603//720 1615//720 1626//720
f 1603//721 1604//721 1616//721 1615//721
f 1604//722 1605//722 1617//722 1616//722
f 1605//723 1606//723 1618//723 1617//723
f 1606//724 1607//724 1619//724 1618//724
f 1607//725 1608//725 1620//725 1619//725
f 1608//726 1609//726 1621//726 1620//726
f 1609//721 1610//721 1622//721 1621//721
f 1610//727 1611//727 1623//727 1622//727
f 1611//728 1612//728 1624//728 1623//728
f 1612//662 1613//662 1625//662 1624//662
f 1613//729 1614//729 1626//729 1625//729
f 1638//730 1627//730 1639//730 1650//730
f 1627//731 1628//731 1640//731 1639//731
f 1628//732 1629//732 1641//732 1640//732
f 1629//733 1630//733 1642//733 1641//733
f 1630//734 1631//734 1643//734 1642//734
f 1631//735 1632//735 1644//735 1643//735
f 1632//736 1633//736 1645//736 1644//736
f 1633//737 1634//737 1646//737 1645//737
f 1634//738 1635//738 1647//738 1646//738
f 1635//739 1636//739 1648//739 1647//739
f 1636//740 1637//740 1649//740 1648//740
f 1637//741 1638//741 1650//741 1649//741
f 1662//742 1651//742 1663//742 1674//742
f 1651//743 1652//743 1664//743 1663//743
f 1652//744 1653//744 1665//744 1664//744
f 1653//745 1654//745 1666//745 1665//745
f 1654//746 1655//746 1667//746 1666//746
f 1655//747 1656//747 1668//747 1667//747
f 1656//443 1657//443 1669//443 1668//443
f 1657//748 1658//748 1670//748 1669//748
f 1658//749 1659//749 1671//749 1670//749
f 1659//747 1660//747 1672//747 1671//747
f 1660//750 1661//750 1673//750 1672//750
f 1661//751 1662//751 1674//751 1673//751
f 1686//752 1675//752 1687//752 1698//752
f 1675//753 1676//753 1688//753 1687//753
f 1676//754 1677//754 1689//754 1688//754
f 1677//755 1678//755 1690//755 1689//755
f 1678//756 1679//756 1691//756 1690//756
f 1679//757 1680//757 1692//757 1691//757
f 1680//758 1681//758 1693//758 1692//758
f 1681//759 1682//759 1694//759 1693//759
f 1682//758 1683//758 1695//758 1694//758
f 1683//760 1684//760 1696//760 1695//760
f 1684//761 1685//761 1697//761 1696//761
f 1685//762 1686//762 1698//762 1697//762
f 1710//763 1699//763 1711//763 1722//763
f 1699//764 1700//764 1712//764 1711//764
f 1700//765 1701//765 1713//765 1712//765
f 1701//337 1702//337 1714//337 1713//337
f 1702//236 1703//236 1715//236 1714//236
f 1703//766 1704//766 1716//766 1715//766
f 1704//767 1705//767 1717//767 1716//767
f 1705//768 1706//768 1718//768 1717//768
f 1706//769 1707//769 1719//769 1718//769
f 1707//195 1708//195 1720//195 1719//195
f 1708//770 1709//770 1721//770 1720//770
f 1709//771 1710//771 1722//771 1721//771
f 1740//772 1723//772 1741//772 1758//772
f 1723//773 1724//773 1742//773 1741//773
f 1724//181 1725//181 1743//181 1742//181
f 1725//774 1726//774 1744//774 1743//774
f 1726//775 1727//775 1745//775 1744//775
f 1727//648 1728//648 1746//648 1745//648
f 1728//775 1729//775 1747//775 1746//775
f 1729//776 1730//776 1748//776 1747//776
f 1730//777 1731//777 1749//777 1748//777
f 1731//778 1732//778 1750//778 1749//778
f 1732//779 1733//779 1751//779 1750//779
f 1733//780 1734//780 1752//780 1751//780
f 1734//781 1735//781 1753//781 1752//781
f 1735//782 1736//782 1754//782 1753//782
f 1736//783 1737//783 1755//783 1754//783
f 1737//784 1738//784 1756//784 1755//784
f 1738//785 1739//785 1757//785 1756//785
f 1739//782 1740//782 1758//782 1757//782
f 1762//786 1759//786 1763//786 1766//786
f 1759//787 1760//787 1764//787 1763//787
f 1760//788 1761//788 1765//788 1764//788
f 1761//789 1762//789 1766//789 1765//789
f 1770//790 1767//790 1771//790 1774//790
f 1767//791 1768//791 1772//791 1771//791
f 1768//792 1769//792 1773//792 1772//792
f 1769//793 1770//793 1774//793 1773//793
f 1782//420 1775//420 1783//420 1790//420
f 1775//794 1776//794 1784//794 1783//794
f 1776//795 1777//795 1785//795 1784//795
f 1777//796 1778//796 1786//796 1785//796
f 1778//797 1779//797 1787//797 1786//797
f 1779//798 1780//798 1788//798 1787//798
f 1780//799 1781//799 1789//799 1788//799
f 1781//149 1782//149 1790//149 1789//149
f 1802//800 1791//800 1803//800 1814//800
f 1791//801 1792//801 1804//801 1803//801
f 1792//604 1793//604 1805//604 1804//604
f 1793//529 1794//529 1806//529 1805//529
f 1794//802 1795//802 1807//802 1806//802
f 1795//803 1796//803 1808//803 1807//803
f 1796//804 1797//804 1809//804 1808//804
f 1797//805 1798//805 1810//805 1809//805
f 1798//806 1799//806 1811//806 1810//806
f 1799//807 1800//807 1812//807 1811//807
f 1800//407 1801//407 1813//407 1812//407
f 1801//808 1802//808 1814//808 1813//808
f 1822//809 1815//809 1823//809 1830//809
f 1815//810 1816//810 1824//810 1823//810
f 1816//811 1817//811 1825//811 1824//811
f 1817//812 1818//812 1826//812 1825//812
f 1818//637 1819//637 1827//637 1826//637
f 1819//813 1820//813 1828//813 1827//813
f 1820//814 1821//814 1829//814 1828//814
f 1821//815 1822//815 1830//815 1829//815
f 1835//328 1831//328 1836//328 1840//328
f 1831//816 1832//816 1837//816 1836//816
f 1832//157 1833//157 1838//157 1837//157
f 1833//817 1834//817 1839//817 1838//817
f 1834//123 1835//123 1840//123 1839//123
f 1844//818 1841//818 1845//818 1848//818
f 1841//819 1842//819 1846//819 1845//819
f 1842//116 1843//116 1847//116 1846//116
f 1843//123 1844//123 1848//123 1847//123
usemtl roof
f 51//50 52//50 53//50 54//50 55//50 56//50 57//50 58//50 59//50 60//50 61//50 62//50 63//50 64//50 65//50 66//50 67//50 68//50 69//50 70//50 71//50 72//50 73//50 74//50 75//50 76//50 77//50 78//50 79//50 80//50 81//50 82//50 83//50 84//50 85//50 86//50 87//50 88//50 89//50 90//50 91//50 92//50 93//50 94//50 95//50 96//50 97//50 98//50 99//50 100//50
f 105//50 106//50 107//50 108//50
f 115//50 116//50 117//50 118//50 119//50 120//50
f 137//50 138//50 139//50 140//50 141//50 142//50 143//50 144//50 145//50 146//50 147//50 148//50 149//50 150//50 151//50 152//50
f 162//50 163//50 164//50 165//50 166//50 167//50 168//50 169//50 170//50
f 175//50 176//50 177//50 178//50
f 198//50 199//50 200//50 201//50 202//50 203//50 204//50 205//50 206//50 207//50 208//50 209//50 210//50 211//50 212//50 213//50 214//50 215//50 216//50
f 237//50 238//50 239//50 240//50 241//50 242//50 243//50 244//50 245//50 246//50 247//50 248//50 249//50 250//50 251//50 252//50 253//50 254//50 255//50 256//50
f 268//50 269//50 270//50 271//50 272//50 273//50 274//50 275//50 276//50 277//50 278//50
f 294//50 295//50 296//50 297//50 298//50 299//50 300//50 301//50 302//50 303//50 304//50 305//50 306//50 307//50 308//50
f 326//50 327//50 328//50 329//50 330//50 331//50 332//50 333//50 334//50 335//50 336//50 337//50 338//50 339//50 340//50 341//50 342//50
f 356//50 357//50 358//50 359//50 360//50 361//50 362//50 363//50 364//50 365//50 366//50 367//50 368//50
f 400//50 401//50 402//50 403//50 404//50 405//50 406//50 407//50 408//50 409//50 410//50 411//50 412//50 413//50 414//50 415//50 416//50 417//50 418//50 419//50 420//50 421//50 422//50 423//50 424//50 425//50 426//50 427//50 428//50 429//50 430//50
f 451//50 452//50 453//50 454//50 455//50 456//50 457//50 458//50 459//50 460//50 461//50 462//50 463//50 464//50 465//50 466//50 467//50 468//50 469//50 470//50
f 489//50 490//50 491//50 492//50 493//50 494//50 495//50 496//50 497//50 498//50 499//50 500//50 501//50 502//50 503//50 504//50 505//50 506//50
f 538//50 539//50 540//50 541//50 542//50 543//50 544//50 545//50 546//50 547//50 548//50 549//50 550//50 551//50 552//50 553//50 554//50 555//50 556//50 557//50 558//50 559//50 560//50 561//50 562//50 563//50 564//50 565//50 566//50 567//50 568//50
f 581//50 582//50 583//50 584//50 585//50 586//50 587//50 588//50 589//50 590//50 591//50 592//50
f 613//50 614//50 615//50 616//50 617//50 618//50 619//50 620//50 621//50 622//50 623//50 624//50 625//50 626//50 627//50 628//50 629//50 630//50 631//50 632//50
f 671//50 672//50 673//50 674//50 675//50 676//50 677//50 678//50 679//50 680//50 681//50 682//50 683//50 684//50 685//50 686//50 687//50 688//50 689//50 690//50 691//50 692//50 693//50 694//50 695//50 696//50 697//50 698//50 699//50 700//50 701//50 702//50 703//50 704//50 705//50 706//50 707//50 708//50
f 719//50 720//50 721//50 722//50 723//50 724//50 725//50 726//50 727//50 728//50
f 761//50 762//50 763//50 764//50 765//50 766//50 767//50 768//50 769//50 770//50 771//50 772//50 773//50 774//50 775//50 776//50 777//50 778//50 779//50 780//50 781//50 782//50 783//50 784//50 785//50 786//50 787//50 788//50 789//50 790//50 791//50 792//50
f 818//50 819//50 820//50 821//50 822//50 823//50 824//50 825//50 826//50 827//50 828//50 829//50 830//50 831//50 832//50 833//50 834//50 835//50 836//50 837//50 838//50 839//50 840//50 841//50 842//50
f 847//50 848//50 849//50 850//50
f 859//50 860//50 861//50 862//50 863//50 864//50 865//50 866//50
f 871//50 872//50 873//50 874//50
f 879//50 880//50 881//50 882//50
f 887//50 888//50 889//50 890//50
f 895//50 896//50 897//50 898//50
f 903//50 904//50 905//50 906//50
f 923//50 924//50 925//50 926//50 927//50 928//50 929//50 930//50 931//50 932//50 933//50 934//50 935//50 936//50 937//50 938//50
f 955//50 956//50 957//50 958//50 959//50 960//50 961//50 962//50 963//50 964//50 965//50 966//50 967//50 968//50 969//50 970//50
f 987//50 988//50 989//50 990//50 991//50 992//50 993//50 994//50 995//50 996//50 997//50 998//50 999//50 1000//50 1001//50 1002//50
f 1019//50 1020//50 1021//50 1022//50 1023//50 1024//50 1025//50 1026//50 1027//50 1028//50 1029//50 1030//50 1031//50 1032//50 1033//50 1034//50
f 1051//50 1052//50 1053//50 1054//50 1055//50 1056//50 1057//50 1058//50 1059//50 1060//50 1061//50 1062//50 1063//50 1064//50 1065//50 1066//50
f 1083//50 1084//50 1085//50 1086//50 1087//50 1088//50 1089//50 1090//50 1091//50 1092//50 1093//50 1094//50 1095//50 1096//50 1097//50 1098//50
f 1111//50 1112//50 1113//50 1114//50 1115//50 1116//50 1117//50 1118//50 1119//50 1120//50 1121//50 1122//50
f 1135//50 1136//50 1137//50 1138//50 1139//50 1140//50 1141//50 1142//50 1143//50 1144//50 1145//50 1146//50
f 1161//50 1162//50 1163//50 1164//50 1165//50 1166//50 1167//50 1168//50 1169//50 1170//50 1171//50 1172//50 1173//50 1174//50
f 1181//50 1182//50 1183//50 1184//50 1185//50 1186//50
f 1219//50 1220//50 1221//50 1222//50 1223//50 1224//50 1225//50 1226//50 1227//50 1228//50 1229//50 1230//50 1231//50 1232//50 1233//50 1234//50 1235//50 1236//50 1237//50 1238//50 1239//50 1240//50 1241//50 1242//50 1243//50 1244//50 1245//50 1246//50 1247//50 1248//50 1249//50 1250//50
f 1303//50 1304//50 1305//50 1306//50 1307//50 1308//50 1309//50 1310//50 1311//50 1312//50 1313//50 1314//50 1315//50 1316//50 1317//50 1318//50 1319//50 1320//50 1321//50 1322//50 1323//50 1324//50 1325//50 1326//50 1327//50 1328//50 1329//50 1330//50 1331//50 1332//50 1333//50 1334//50 1335//50 1336//50 1337//50 1338//50 1339//50 1340//50 1341//50 1342//50 1343//50 1344//50 1345//50 1346//50 1347//50 1348//50 1349//50 1350//50 1351//50 1352//50 1353//50 1354//50
f 1423//50 1424//50 1425//50 1426//50 1427//50 1428//50 1429//50 1430//50 1431//50 1432//50 1433//50 1434//50 1435//50 1436//50 1437//50 1438//50 1439//50 1440//50 1441//50 1442//50 1443//50 1444//50 1445//50 1446//50 1447//50 1448//50 1449//50 1450//50 1451//50 1452//50 1453//50 1454//50 1455//50 1456//50 1457//50 1458//50 1459//50 1460//50 1461//50 1462//50 1463//50 1464//50 1465//50 1466//50 1467//50 1468//50 1469//50 1470//50 1471//50 1472//50 1473//50 1474//50 1475//50 1476//50 1477//50 1478//50 1479//50 1480//50 1481//50 1482//50 1483//50 1484//50 1485//50 1486//50 1487//50 1488//50 1489//50 1490//50
f 1523//50 1524//50 1525//50 1526//50 1527//50 1528//50 1529//50 1530//50 1531//50 1532//50 1533//50 1534//50 1535//50 1536//50 1537//50 1538//50 1539//50 1540//50 1541//50 1542//50 1543//50 1544//50 1545//50 1546//50 1547//50 1548//50 1549//50 1550//50 1551//50 1552//50 1553//50 1554//50
f 1579//50 1580//50 1581//50 1582//50 1583//50 1584//50 1585//50 1586//50 1587//50 1588//50 1589//50 1590//50 1591//50 1592//50 1593//50 1594//50 1595//50 1596//50 1597//50 1598//50 1599//50 1600//50 1601//50 1602//50
f 1615//50 1616//50 1617//50 1618//50 1619//50 1620//50 1621//50 1622//50 1623//50 1624//50 1625//50 1626//50
f 1639//50 1640//50 1641//50 1642//50 1643//50 1644//50 1645//50 1646//50 1647//50 1648//50 1649//50 1650//50
f 1663//50 1664//50 1665//50 1666//50 1667//50 1668//50 1669//50 1670//50 1671//50 1672//50 1673//50 1674//50
f 1687//50 1688//50 1689//50 1690//50 1691//50 1692//50 1693//50 1694//50 1695//50 1696//50 1697//50 1698//50
f 1711//50 1712//50 1713//50 1714//50 1715//50 1716//50 1717//50 1718//50 1719//50 1720//50 1721//50 1722//50
f 1741//50 1742//50 1743//50 1744//50 1745//50 1746//50 1747//50 1748//50 1749//50 1750//50 1751//50 1752//50 1753//50 1754//50 1755//50 1756//50 1757//50 1758//50
f 1763//50 1764//50 1765//50 1766//50
f 1771//50 1772//50 1773//50 1774//50
f 1783//50 1784//50 1785//50 1786//50 1787//50 1788//50 1789//50 1790//50
f 1803//50 1804//50 1805//50 1806//50 1807//50 1808//50 1809//50 1810//50 1811//50 1812//50 1813//50 1814//50
f 1823//50 1824//50 1825//50 1826//50 1827//50 1828//50 1829//50 1830//50
f 1836//50 1837//50 1838//50 1839//50 1840//50
f 1845//50 1846//50 1847//50 1848//50
o map.osm_roads_service
v -27.807930 0.300000 -538.962524
v -27.640018 0.300000 -532.964844
v -7.117600 0.300000 -539.541748
v -6.982060 0.300000 -533.543213
v 47.493908 0.300000 -540.480835
v 47.179516 0.300000 -534.474609
v 53.020527 0.300000 -539.804443
v 50.930492 0.300000 -534.015503
v 65.430573 0.300000 -531.829651
v 59.481007 0.300000 -528.520813
v 67.689812 0.300000 -385.662109
v 61.690533 0.300000 -385.569397
v -27.617619 0.300000 -532.965576
v -27.830330 0.300000 -538.961792
v -45.206188 0.300000 -532.341614
v -45.385899 0.300000 -538.339050
v -93.170746 0.300000 -531.168518
v -94.797913 0.300000 -537.130554
v -98.421768 0.300000 -528.242249
v -103.329727 0.300000 -532.375916
v -99.959274 0.300000 -523.861877
v -105.972992 0.300000 -524.845154
v -98.077866 0.300000 -383.485474
v -104.077316 0.300000 -383.405090
v -101.116867 0.300000 -386.445007
v -101.038315 0.300000 -380.445557
v 64.650894 0.300000 -388.615479
v 64.729446 0.300000 -382.616028
v -98.077660 0.300000 -383.465088
v -104.077522 0.300000 -383.425476
v -97.848473 0.300000 -348.733826
v -103.849205 0.300000 -348.826965
v -98.097893 0.300000 -342.112061
v -104.096245 0.300000 -342.268494
v -98.248184 0.300000 -331.744598
v -104.251602 0.300000 -331.552094
v -97.945915 0.300000 -327.906647
v -103.885796 0.300000 -326.907501
v -97.391075 0.300000 -325.775482
v -103.008934 0.300000 -323.539459
v -94.835342 0.300000 -321.129333
v -98.902344 0.300000 -316.073975
v -91.055290 0.300000 -320.013428
v -91.972878 0.300000 -314.028320
v -82.418030 0.300000 -319.864868
v -82.474548 0.300000 -313.864990
v -21.358870 0.300000 -319.764526
v -21.299860 0.300000 -313.764404
v 48.131138 0.300000 -321.245728
v 49.178669 0.300000 -315.266724
v 58.143204 0.300000 -324.625610
v 62.513741 0.300000 -319.768372
v 61.238499 0.300000 -331.357727
v 67.187996 0.300000 -329.934631
v 61.655102 0.300000 -342.143524
v 67.649399 0.300000 -341.880280
v 62.033298 0.300000 -349.830261
v 68.034706 0.300000 -349.711487
v 61.690311 0.300000 -385.586975
v 67.690025 0.300000 -385.644531
v -779.347351 0.300000 -346.586090
v -779.156189 0.300000 -340.589142
v -775.170776 0.300000 -346.719238
v -774.971313 0.300000 -340.722534
v -742.185486 0.300000 -347.862061
v -741.904846 0.300000 -341.868164
v -726.708191 0.300000 -348.775208
v -726.475281 0.300000 -342.778503
v -628.308350 0.300000 -350.615997
v -626.796631 0.300000 -344.643219
v -611.409485 0.300000 -359.351349
v -608.683289 0.300000 -354.006378
v -582.067444 0.300000 -374.116821
v -580.161926 0.300000 -368.358826
v -567.476196 0.300000 -376.665710
v -566.213379 0.300000 -370.795471
v -559.561340 0.300000 -378.693756
v -558.665100 0.300000 -372.729584
v -529.679199 0.300000 -380.113770
v -529.578125 0.300000 -374.111816
v -487.578674 0.300000 -379.532288
v -487.568298 0.300000 -373.531555
v -474.768494 0.300000 -379.753510
v -474.664246 0.300000 -373.754425
v -461.424927 0.300000 -379.986694
v -461.320007 0.300000 -373.987610
v -427.177887 0.300000 -380.586395
v -427.072113 0.300000 -374.587311
v -387.713013 0.300000 -381.286621
v -387.657104 0.300000 -375.286682
v -352.056976 0.300000 -381.318787
v -351.993011 0.300000 -375.318848
v -101.138863 0.300000 -386.444641
v -101.016319 0.300000 -380.445923
v -384.685638 0.300000 -378.344879
v -390.684479 0.300000 -378.228424
v -381.827484 0.300000 -231.124756
v -387.826324 0.300000 -231.008301
v 64.626884 0.300000 -388.615082
v 64.753456 0.300000 -382.616425
v 167.576401 0.300000 -390.787262
v 167.670090 0.300000 -384.787933
v 327.124573 0.300000 -392.404938
v 327.248718 0.300000 -386.405914
v 383.466736 0.300000 -394.165344
v 383.613586 0.300000 -388.166992
v 429.734833 0.300000 -394.985565
v 425.445587 0.300000 -388.908600
v 434.107635 0.300000 -381.957550
v 427.678680 0.300000 -382.255585
v 427.498566 0.300000 -367.016663
v 421.937653 0.300000 -369.277100
v 419.754669 0.300000 -346.171600
v 413.991241 0.300000 -347.886871
v 414.940582 0.300000 -324.925720
v 409.109222 0.300000 -326.341187
v 411.299774 0.300000 -310.868500
v 405.363312 0.300000 -311.878082
v 410.388550 0.300000 -299.978851
v 404.385437 0.300000 -300.192047
v 410.672394 0.300000 -277.255066
v 404.676117 0.300000 -276.918640
v 411.866333 0.300000 -265.306854
v 405.869324 0.300000 -264.977814
v 412.044525 0.300000 -247.524521
v 406.055267 0.300000 -246.425461
v 417.192169 0.300000 -233.550674
v 411.503815 0.300000 -231.634750
v 421.064850 0.300000 -220.888535
v 415.420929 0.300000 -218.827286
v 424.352478 0.300000 -213.188080
v 418.796448 0.300000 -210.921021
v 431.836548 0.300000 -193.967468
v 425.746094 0.300000 -193.072815
v 431.119293 0.300000 -184.976761
v 425.204071 0.300000 -186.278366
v 426.173950 0.300000 -171.577896
v 420.987000 0.300000 -174.852615
v 408.765533 0.300000 -153.722015
v 404.988617 0.300000 -158.443054
v 402.026917 0.300000 -149.577469
v 399.853333 0.300000 -155.284592
v 394.376495 0.300000 -148.213882
v 393.510590 0.300000 -154.154099
v 370.781616 0.300000 -145.533371
v 370.448730 0.300000 -151.534134
v 293.750366 0.300000 -145.709473
v 293.764099 0.300000 -151.709442
v 380.590057 0.300000 -391.710968
v 386.490265 0.300000 -390.621368
v 385.608307 0.300000 -418.885406
v 391.606781 0.300000 -418.327789
v 385.701691 0.300000 -452.481476
v 391.701813 0.300000 -452.525299
v 385.090363 0.300000 -487.633636
v 391.088837 0.300000 -487.771576
v 384.069885 0.300000 -523.313843
v 390.064087 0.300000 -523.602905
v 381.931122 0.300000 -554.817078
v 388.000885 0.300000 -553.993225
v 383.808746 0.300000 -560.165894
v 388.108368 0.300000 -554.299438
v 481.137543 0.300000 -563.256714
v 479.614227 0.300000 -557.205322
v 491.884674 0.300000 -557.032410
v 485.895477 0.300000 -553.567444
v 491.986786 0.300000 -524.278259
v 485.987152 0.300000 -524.160828
v 493.276703 0.300000 -488.475037
v 487.277618 0.300000 -488.341248
v 493.575226 0.300000 -453.725830
v 487.574127 0.300000 -453.827454
v 492.084564 0.300000 -418.628174
v 486.089996 0.300000 -418.882751
v 388.664246 0.300000 -455.503143
v 388.739258 0.300000 -449.503632
v 490.537170 0.300000 -456.776398
v 490.612183 0.300000 -450.776886
v 388.068878 0.300000 -490.702545
v 388.110321 0.300000 -484.702667
v 490.256439 0.300000 -491.408081
v 490.297882 0.300000 -485.408203
v 387.044586 0.300000 -526.458313
v 387.089386 0.300000 -520.458435
v 488.964569 0.300000 -527.219482
v 489.009369 0.300000 -521.219604
v 490.513580 0.300000 -456.776031
v 490.635773 0.300000 -450.777252
v 553.014038 0.300000 -458.048828
v 551.970947 0.300000 -452.026367
v 559.642212 0.300000 -455.528534
v 554.124268 0.300000 -451.207550
v 564.541809 0.300000 -415.316254
v 557.761536 0.300000 -421.355804
v 489.080780 0.300000 -415.755463
v 489.093781 0.300000 -421.755463
v 388.612000 0.300000 -415.606598
v 388.603088 0.300000 -421.606598
v -217.753815 0.300000 -346.533203
v -223.753815 0.300000 -346.533203
v -217.753815 0.300000 -326.154053
v -223.753815 0.300000 -326.081055
v -217.104919 0.300000 -299.499695
v -223.105682 0.300000 -299.457886
v -217.709549 0.300000 -241.363983
v -223.725266 0.300000 -239.884399
v -215.173935 0.300000 -236.641357
v -218.777786 0.300000 -230.669678
v -166.306732 0.300000 -236.255051
v -166.027649 0.300000 -230.252670
v -159.492233 0.300000 -236.944489
v -159.860764 0.300000 -230.876587
v -151.292648 0.300000 -235.092438
v -151.795517 0.300000 -229.054871
v -114.282188 0.300000 -237.165405
v -110.516853 0.300000 -231.366913
v -112.342415 0.300000 -240.938293
v -106.824898 0.300000 -238.547791
v -111.186081 0.300000 -244.178375
v -105.136703 0.300000 -243.278168
v -111.561249 0.300000 -252.097687
v -105.563141 0.300000 -252.279419
v -112.147270 0.300000 -296.349487
v -106.178871 0.300000 -298.775269
v -114.340721 0.300000 -298.662659
v -110.762352 0.300000 -303.608887
v -116.254105 0.300000 -299.564911
v -115.034134 0.300000 -305.623260
v -173.995010 0.300000 -297.068756
v -174.163010 0.300000 -303.067108
v -220.066910 0.300000 -296.479034
v -220.143692 0.300000 -302.478546
v -108.585487 0.300000 -255.188461
v -108.538902 0.300000 -249.188644
v -21.213329 0.300000 -255.866791
v -21.121124 0.300000 -249.867340
v 73.298569 0.300000 -258.038269
v 79.163406 0.300000 -252.171432
v 74.440559 0.300000 -307.020172
v 80.302299 0.300000 -301.020172
v 166.431488 0.300000 -307.020172
v 160.743561 0.300000 -301.020172
v 169.290070 0.300000 -253.523941
v 163.110199 0.300000 -256.730194
v 125.788666 0.300000 -226.236679
v 124.501038 0.300000 -232.511703
v 71.974152 0.300000 -234.670303
v 78.289948 0.300000 -239.753738
v 73.257126 0.300000 -256.053192
v 79.246353 0.300000 -255.693848
v -100.853722 0.300000 -345.780396
v -100.843956 0.300000 -351.780396
v -155.930099 0.300000 -345.870026
v -156.050705 0.300000 -351.870209
v -209.384995 0.300000 -343.633301
v -209.500076 0.300000 -349.633728
v -304.320190 0.300000 -343.962341
v -309.758301 0.300000 -349.981201
v -311.852295 0.300000 -267.216370
v -318.209412 0.300000 -263.871155
v -295.411224 0.300000 -258.145447
v -297.068329 0.300000 -252.207092
v -220.739227 0.300000 -255.150009
v -220.979706 0.300000 -249.154831
v -638.150269 0.300000 -35.249023
v -637.934326 0.300000 -29.252916
v -420.496490 0.300000 -43.087986
v -420.379059 0.300000 -37.088329
v -399.486755 0.300000 -43.154118
v -399.465820 0.300000 -37.154163
v -396.628601 0.300000 -43.165085
v -396.577698 0.300000 -37.165245
v -281.064331 0.300000 -44.683002
v -282.176697 0.300000 -38.667881
v -268.808167 0.300000 -39.803848
v -269.768066 0.300000 -33.728020
v -258.705475 0.300000 -40.466331
v -258.489227 0.300000 -34.467628
v -132.235489 0.300000 -41.298302
v -131.837051 0.300000 -35.300797
v -119.834236 0.300000 -42.870419
v -119.477760 0.300000 -36.867596
v -73.370071 0.300000 -42.523502
v -73.390762 0.300000 -36.523495
v -54.133614 0.300000 -42.534492
v -54.064224 0.300000 -36.534538
v 14.917624 0.300000 -44.092422
v 15.024042 0.300000 -38.093300
v 87.338318 0.300000 -45.027863
v 87.443619 0.300000 -39.028725
v 189.750839 0.300000 -47.300137
v 189.853897 0.300000 -41.300953
v 247.398941 0.300000 -48.001873
v 247.627426 0.300000 -42.004215
v 259.888428 0.300000 -48.802113
v 260.165649 0.300000 -42.807575
v 313.253204 0.300000 -50.319855
v 313.364410 0.300000 -44.320595
v 371.480469 0.300000 -50.822430
v 371.646851 0.300000 -44.823650
v 376.450836 0.300000 -51.055355
v 376.660858 0.300000 -45.058620
v 431.319550 0.300000 -52.327644
v 431.429230 0.300000 -46.328583
v 503.092651 0.300000 -53.288177
v 503.197998 0.300000 -47.289055
v 533.885498 0.300000 -53.957798
v 533.972168 0.300000 -47.958271
v 582.821960 0.300000 -54.306728
v 582.550354 0.300000 -48.304646
v 609.466614 0.300000 -51.699162
v 608.882263 0.300000 -45.727695
v 250.407349 0.300000 -45.792835
v 244.619019 0.300000 -44.213253
v 257.358093 0.300000 -20.322056
v 251.338318 0.300000 -19.590588
v 256.528168 0.300000 13.452000
v 250.528061 0.300000 13.382565
v 256.576630 0.300000 47.484150
v 250.576660 0.300000 47.500202
v 256.787628 0.300000 101.208199
v 250.788239 0.300000 101.377571
v 258.762939 0.300000 138.783569
v 252.766541 0.300000 139.009552
v 260.449677 0.300000 212.693756
v 254.443390 0.300000 212.486298
v 257.151062 0.300000 248.498688
v 251.176361 0.300000 247.948242
v 275.806061 0.300000 243.931442
v 269.806061 0.300000 243.942978
v 276.193024 0.300000 445.281494
v 270.193085 0.300000 445.324524
v 277.685303 0.300000 565.431458
v 271.685303 0.300000 565.468811
v 277.686676 0.300000 618.436951
v 271.686676 0.300000 618.038635
v 275.911469 0.300000 631.744263
v 270.064178 0.300000 630.201294
v 270.700562 0.300000 644.664062
v 265.271606 0.300000 642.083740
v 264.469025 0.300000 655.963623
v 259.666779 0.300000 652.246948
v 257.303131 0.300000 662.740112
v 253.506821 0.300000 658.072144
v 250.744400 0.300000 667.305542
v 247.847000 0.300000 662.011841
v 242.699921 0.300000 670.645142
v 240.713593 0.300000 664.973267
v 232.705597 0.300000 673.521545
v 231.444366 0.300000 667.640930
v 224.543732 0.300000 674.691040
v 224.065491 0.300000 668.698242
v 180.276367 0.300000 675.441284
v 180.223907 0.300000 669.441284
v 94.954056 0.300000 675.487183
v 95.857697 0.300000 669.486694
v 76.451843 0.300000 669.774231
v 78.524399 0.300000 664.134705
v 62.456890 0.300000 663.776611
v 65.141556 0.300000 658.399414
v 44.374237 0.300000 653.393372
v 48.018753 0.300000 648.567322
v 31.387955 0.300000 640.741272
v 35.593735 0.300000 636.461975
v 22.173454 0.300000 631.605408
v 26.709156 0.300000 627.653259
v -58.168953 0.300000 524.554199
v -53.490189 0.300000 520.792725
v -144.065643 0.300000 424.715851
v -139.644318 0.300000 420.655060
v -163.558685 0.300000 404.827271
v -159.669891 0.300000 400.223206
v -195.755569 0.300000 382.452972
v -192.287430 0.300000 377.556549
v -235.132889 0.300000 354.028168
v -231.622482 0.300000 349.162262
v -288.370728 0.300000 315.643463
v -283.747437 0.300000 311.579987
v -295.086945 0.300000 303.231171
v -289.210785 0.300000 301.483124
v -296.033203 0.300000 291.760468
v -290.020325 0.300000 291.669525
v -294.074402 0.300000 254.166733
v -288.082520 0.300000 254.478928
v -261.595703 0.300000 -37.367821
v -255.598999 0.300000 -37.566139
v -262.750549 0.300000 -72.287170
v -256.752441 0.300000 -72.444168
v -263.279358 0.300000 -99.715309
v -257.272278 0.300000 -99.406761
v -262.612030 0.300000 -105.161819
v -256.832123 0.300000 -102.999359
v -259.436737 0.300000 -109.862305
v -255.330109 0.300000 -105.222839
v -253.895416 0.300000 -112.693985
v -252.376038 0.300000 -106.732407
v -206.950714 0.300000 -113.946754
v -206.789215 0.300000 -107.948936
v -149.983673 0.300000 -115.494209
v -149.900726 0.300000 -109.494255
v -127.564796 0.300000 -115.505272
v -128.373367 0.300000 -109.504875
v -121.471954 0.300000 -113.829620
v -125.722794 0.300000 -108.775925
v -119.199799 0.300000 -109.009918
v -125.150543 0.300000 -107.562073
v -116.658035 0.300000 -39.979397
v -122.653961 0.300000 -39.758617
v 373.615051 0.300000 -148.562012
v 367.615295 0.300000 -148.505493
v 374.563538 0.300000 -47.851292
v 368.563782 0.300000 -47.794788
v 292.656006 0.300000 -248.089447
v 292.753235 0.300000 -242.090240
v 409.001282 0.300000 -249.974594
v 409.098511 0.300000 -243.975388
v 290.501312 0.300000 -278.691315
v 290.572784 0.300000 -272.691742
v 407.638519 0.300000 -280.086639
v 407.709991 0.300000 -274.087067
v 289.971222 0.300000 -315.437927
v 289.917267 0.300000 -309.438171
v 408.358521 0.300000 -314.373169
v 408.304565 0.300000 -308.373413
v 292.943848 0.300000 -312.486450
v 286.944641 0.300000 -312.389648
v 293.536774 0.300000 -275.732727
v 287.537323 0.300000 -275.650330
v 293.744781 0.300000 -257.393585
v 287.750275 0.300000 -256.875519
v 295.731689 0.300000 -245.165283
v 289.677551 0.300000 -245.014404
v 294.363312 0.300000 -232.915756
v 288.354889 0.300000 -233.174332
v 294.377472 0.300000 -232.355240
v 288.378937 0.300000 -232.220901
v 294.664368 0.300000 -217.686813
v 288.665527 0.300000 -217.567795
v 295.351929 0.300000 -183.520782
v 289.354370 0.300000 -183.339172
v 296.754791 0.300000 -148.830673
v 290.759674 0.300000 -148.588242
v 292.304626 0.300000 -186.429581
v 292.401672 0.300000 -180.430374
v 428.113159 0.300000 -188.627167
v 428.210205 0.300000 -182.627960
v 291.625305 0.300000 -220.627045
v 291.704590 0.300000 -214.627563
v 381.078827 0.300000 -221.809555
v 381.203156 0.300000 -215.810684
v 418.158203 0.300000 -222.856705
v 418.327576 0.300000 -216.859116
v -152.933517 0.300000 -112.266113
v -146.950882 0.300000 -112.722351
v -154.900009 0.300000 -138.052795
v -149.011703 0.300000 -139.745697
v -158.132858 0.300000 -144.205505
v -153.090286 0.300000 -147.508026
v -175.141495 0.300000 -165.416840
v -169.966415 0.300000 -168.554077
v -182.962204 0.300000 -183.211670
v -176.539291 0.300000 -183.509674
v -180.351883 0.300000 -191.052917
v -174.873154 0.300000 -188.514648
v -173.751724 0.300000 -201.906616
v -168.625198 0.300000 -198.789154
v -174.154129 0.300000 -200.800430
v -168.222794 0.300000 -199.895340
v -169.132858 0.300000 -233.706406
v -163.201523 0.300000 -232.801315
v -152.105850 0.300000 -141.895493
v -151.805862 0.300000 -135.903000
v -126.120941 0.300000 -143.196365
v -123.993973 0.300000 -137.295334
v -95.119560 0.300000 -166.368500
v -86.517616 0.300000 -165.307220
v -105.852432 0.300000 -179.548553
v -101.384613 0.300000 -183.564026
v -124.148331 0.300000 -198.012115
v -120.218979 0.300000 -202.570984
v -150.454453 0.300000 -217.304520
v -145.704330 0.300000 -221.261459
v -152.624329 0.300000 -221.784012
v -147.104218 0.300000 -224.151382
v -154.105270 0.300000 -225.728210
v -148.181290 0.300000 -227.019958
v -154.536682 0.300000 -231.863205
v -148.551483 0.300000 -232.284103
v 612.173767 0.300000 -48.650475
v 606.175110 0.300000 -48.776382
v 611.987366 0.300000 -39.769928
v 605.999817 0.300000 -40.424652
v 607.097717 0.300000 -15.251379
v 601.232361 0.300000 -16.518667
v 600.719666 0.300000 12.144393
v 594.880066 0.300000 10.766414
v 583.270325 0.300000 85.113831
v 577.706848 0.300000 82.581024
v 574.926208 0.300000 96.809013
v 570.435852 0.300000 92.772102
v 549.228027 0.300000 119.620377
v 545.717407 0.300000 114.713837
v 500.974121 0.300000 147.003387
v 498.195007 0.300000 141.681702
v 488.365601 0.300000 153.037704
v 485.680420 0.300000 147.671066
v 438.544281 0.300000 179.068436
v 435.696503 0.300000 173.786728
v 402.994263 0.300000 198.837891
v 400.458618 0.300000 193.382629
v 326.150330 0.300000 227.998535
v 323.163513 0.300000 222.714508
v 318.787109 0.300000 233.787476
v 315.998779 0.300000 228.347382
v 273.638031 0.300000 246.819534
v 271.974091 0.300000 241.054886
v -564.292847 0.300000 -375.307800
v -569.396729 0.300000 -372.153381
v -556.445679 0.300000 -362.611084
v -561.763184 0.300000 -359.802429
v -541.632080 0.300000 -329.287476
v -547.181641 0.300000 -327.000732
v -538.213379 0.300000 -320.298004
v -543.995972 0.300000 -318.623993
v -535.746216 0.300000 -308.136932
v -541.634644 0.300000 -306.984711
v -534.202515 0.300000 -299.947266
v -540.182007 0.300000 -299.277832
v -533.422546 0.300000 -278.692413
v -539.417786 0.300000 -278.453827
v -532.339539 0.300000 -253.447205
v -538.346130 0.300000 -253.471588
v -533.416260 0.300000 -232.348572
v -539.371338 0.300000 -233.382111
v -536.079163 0.300000 -223.512283
v -542.035583 0.300000 -224.541122
v -536.269165 0.300000 -219.666321
v -542.208618 0.300000 -221.040039
v -548.996399 0.300000 -189.995773
v -554.435364 0.300000 -192.536301
v -565.561829 0.300000 -157.283600
v -570.880554 0.300000 -160.061493
v -576.039124 0.300000 -137.822922
v -581.271179 0.300000 -140.761856
v -607.466064 0.300000 -84.149933
v -612.715210 0.300000 -87.059586
v -635.384888 0.300000 -30.858776
v -640.699707 0.300000 -33.643162
v -635.411011 0.300000 -30.809978
v -640.673584 0.300000 -33.691959
v -658.842529 0.300000 11.976173
v -664.267578 0.300000 9.390871
v -663.123535 0.300000 22.438301
v -668.941528 0.300000 20.813595
v -664.406189 0.300000 30.581663
v -670.485413 0.300000 30.614759
v -663.496582 0.300000 35.973927
v -669.276733 0.300000 37.779469
v -660.033752 0.300000 43.359921
v -665.276062 0.300000 46.312626
v -658.157959 0.300000 46.176647
v -662.436890 0.300000 50.576115
v -652.457092 0.300000 49.748524
v -655.557434 0.300000 54.886433
v -644.065430 0.300000 54.622009
v -645.660767 0.300000 60.633949
v -577.445435 0.300000 54.130066
v -577.652710 0.300000 60.131752
v -566.603760 0.300000 54.960327
v -567.838257 0.300000 60.883347
v -557.691528 0.300000 58.058174
v -561.439941 0.300000 63.107376
v -550.481201 0.300000 67.986404
v -556.070312 0.300000 70.501114
v -548.164307 0.300000 78.471428
v -554.111938 0.300000 79.363640
v -545.511963 0.300000 111.419670
v -551.498535 0.300000 111.827003
v -545.007446 0.300000 120.493294
v -550.973145 0.300000 121.277000
v -543.086487 0.300000 129.699966
v -548.504211 0.300000 133.109940
v -500.751282 0.300000 162.081573
v -504.093567 0.300000 167.079041
v -450.076935 0.300000 191.500015
v -452.824738 0.300000 196.842606
v -399.837250 0.300000 214.182556
v -402.112885 0.300000 219.738312
v -348.851105 0.300000 232.991150
v -350.791351 0.300000 238.670624
v -290.316284 0.300000 251.417633
v -291.840637 0.300000 257.228027
v -252.463745 0.300000 259.412506
v -253.577271 0.300000 265.309662
v -188.873535 0.300000 270.007874
v -189.677277 0.300000 275.956665
v -108.450691 0.300000 278.360565
v -108.875511 0.300000 284.348724
v -39.830608 0.300000 280.980408
v -39.848316 0.300000 286.984070
v 51.089558 0.300000 278.046204
v 51.361263 0.300000 284.040527
v 113.613785 0.300000 274.394958
v 114.285004 0.300000 280.365967
v 201.186462 0.300000 259.762970
v 202.484070 0.300000 265.629303
v 253.427399 0.300000 245.314484
v 254.900024 0.300000 251.132446
v 272.133850 0.300000 241.013504
v 273.478271 0.300000 246.860916
v 314.421204 0.300000 230.656708
v 320.364685 0.300000 231.478149
v 317.072998 0.300000 211.469940
v 323.076294 0.300000 211.858795
v 316.509247 0.300000 140.741302
v 322.509430 0.300000 140.744171
v 316.823395 0.300000 105.561249
v 322.823151 0.300000 105.614822
v 434.121826 0.300000 176.520142
v 440.118958 0.300000 176.335022
v 431.741821 0.300000 99.420357
v 437.738953 0.300000 99.235237
v 255.851593 0.300000 135.897827
v 255.677887 0.300000 141.895294
v 319.596191 0.300000 137.744003
v 319.422485 0.300000 143.741470
v 257.402191 0.300000 209.590363
v 257.490875 0.300000 215.589691
v 320.030304 0.300000 208.664703
v 320.118988 0.300000 214.664032
v 253.609863 0.300000 44.492363
v 253.543427 0.300000 50.491989
v 314.734100 0.300000 45.169201
v 314.771820 0.300000 51.169979
v 435.344971 0.300000 42.316395
v 435.486877 0.300000 48.314709
v 253.464386 0.300000 10.417962
v 253.591827 0.300000 16.416601
v 313.796204 0.300000 9.136065
v 313.913086 0.300000 15.134930
v 430.932312 0.300000 7.061325
v 431.038574 0.300000 13.060377
v 254.198944 0.300000 -22.952602
v 254.497467 0.300000 -16.960041
v 312.827148 0.300000 -25.873161
v 313.028259 0.300000 -19.875748
v 432.960327 0.300000 -27.948837
v 433.054932 0.300000 -21.949585
v 481.470673 0.300000 -28.641123
v 481.563019 0.300000 -22.641836
v 532.820984 0.300000 -29.489546
v 532.920105 0.300000 -23.490370
v 311.753906 0.300000 48.244354
v 317.752014 0.300000 48.094826
v 310.855652 0.300000 12.212581
v 316.853638 0.300000 12.058414
v 309.927094 0.300000 -22.858128
v 315.928314 0.300000 -22.890781
v 310.309174 0.300000 -47.366989
v 316.308441 0.300000 -47.273460
v 434.367676 0.300000 -49.528645
v 428.381104 0.300000 -49.127583
v 436.013428 0.300000 -24.963036
v 430.001831 0.300000 -24.935387
v 433.987579 0.300000 10.110591
v 427.983307 0.300000 10.011111
v 434.199463 0.300000 18.735765
v 428.211182 0.300000 19.286093
v 438.418915 0.300000 45.095615
v 432.412933 0.300000 45.535488
v 437.740143 0.300000 99.365318
v 431.740631 0.300000 99.290276
v 431.153687 0.300000 16.011377
v 431.256958 0.300000 22.010481
v 450.599579 0.300000 15.676578
v 450.698822 0.300000 21.675751
v 464.628448 0.300000 15.453981
v 464.809601 0.300000 21.451857
v 481.426849 0.300000 14.705757
v 481.534393 0.300000 20.706909
v 503.075775 0.300000 14.893664
v 503.259552 0.300000 20.895479
v 516.372070 0.300000 13.962639
v 516.690063 0.300000 19.955055
v 530.735229 0.300000 13.443392
v 536.861938 0.300000 19.225817
v 529.869141 0.300000 -26.522310
v 535.871948 0.300000 -26.457605
v 530.931641 0.300000 -51.087669
v 536.926025 0.300000 -50.828400
v 478.480621 0.300000 17.703827
v 484.480621 0.300000 17.708839
v 478.516846 0.300000 -25.643986
v 484.516846 0.300000 -25.638973
v 11.973128 0.300000 -41.210110
v 17.968536 0.300000 -40.975613
v 18.415653 0.300000 -205.924301
v 24.659657 0.300000 -212.045547
v -57.667515 0.300000 -204.460556
v -57.782925 0.300000 -210.459427
v -76.029060 0.300000 -40.932281
v -70.731773 0.300000 -38.114716
v -63.606415 0.300000 -64.288017
v -63.662704 0.300000 -51.405228
v -51.438065 0.300000 -40.920097
v -56.759773 0.300000 -38.148933
v -66.632324 0.300000 -57.730942
v -60.636795 0.300000 -57.962303
v -68.350967 0.300000 -102.267555
v -62.353897 0.300000 -102.459038
v -69.849701 0.300000 -161.576279
v -63.851624 0.300000 -161.727859
v 21.472719 0.300000 -211.984222
v 21.602591 0.300000 -205.985626
v 183.396561 0.300000 -215.489868
v 183.755295 0.300000 -209.496246
v 186.109756 0.300000 -215.756378
v 186.482834 0.300000 -209.764160
v 193.090881 0.300000 -215.941071
v 187.080536 0.300000 -209.779968
v 192.802368 0.300000 -44.295502
v 186.802368 0.300000 -44.305588
v 65.050888 0.300000 -352.770813
v 65.017120 0.300000 -346.770935
v 106.436653 0.300000 -352.537842
v 106.577553 0.300000 -346.536987
v 160.297821 0.300000 -355.372589
v 160.613159 0.300000 -349.380890
v -164.776459 0.300000 -222.427826
v -164.828461 0.300000 -216.428070
v -148.053391 0.300000 -222.282867
v -148.105392 0.300000 -216.283112
v -104.461609 0.300000 -184.435379
v -102.775436 0.300000 -178.677200
v -80.714401 0.300000 -191.389252
v -78.624893 0.300000 -185.749176
v -64.211029 0.300000 -198.853088
v -61.013767 0.300000 -193.713989
v -59.809361 0.300000 -202.473785
v -53.235767 0.300000 -200.111969
v -60.669750 0.300000 -206.885773
v -54.780689 0.300000 -208.034210
v -69.559189 0.300000 -160.362167
v -64.142136 0.300000 -162.941971
v -82.378174 0.300000 -187.279312
v -76.961121 0.300000 -189.859116
v -111.205780 0.300000 -299.759491
v -107.120361 0.300000 -295.365265
v -107.530830 0.300000 -303.176178
v -102.605583 0.300000 -299.562775
v -99.577812 0.300000 -319.890625
v -94.159874 0.300000 -317.312683
v -384.737274 0.300000 -228.067871
v -384.916534 0.300000 -234.065186
v -514.930115 0.300000 -224.175858
v -515.019592 0.300000 -230.175858
v -528.428467 0.300000 -224.176529
v -529.335693 0.300000 -230.176559
v -538.170227 0.300000 -221.160873
v -539.944519 0.300000 -226.892532
v 257.028381 0.300000 -45.715664
v 263.025696 0.300000 -45.894024
v 252.013046 0.300000 -214.353439
v 258.010376 0.300000 -214.531815
v 183.282654 0.300000 -215.478683
v 183.869202 0.300000 -209.507431
v 186.109756 0.300000 -215.756378
v 186.482834 0.300000 -209.764160
v 190.009491 0.300000 -215.859543
v 190.161926 0.300000 -209.861496
v 254.938644 0.300000 -217.441727
v 255.084793 0.300000 -211.443527
v 160.453491 0.300000 -355.376740
v 160.457489 0.300000 -349.376740
v 229.362305 0.300000 -355.422577
v 229.283234 0.300000 -349.422516
v 259.983490 0.300000 -354.594971
v 253.899994 0.300000 -348.757202
v 257.984680 0.300000 -213.830673
v 251.985291 0.300000 -213.915848
v 256.926575 0.300000 -330.859070
v 256.926575 0.300000 -336.859070
v 250.094193 0.300000 -330.816711
v 250.028366 0.300000 -336.816406
v 242.657654 0.300000 -330.699615
v 242.542511 0.300000 -336.698517
v 234.838150 0.300000 -330.522522
v 234.686752 0.300000 -336.520630
v 226.857300 0.300000 -330.300415
v 226.678375 0.300000 -336.297729
v 218.935867 0.300000 -330.048248
v 218.735580 0.300000 -336.044891
v 211.294083 0.300000 -329.781036
v 211.077072 0.300000 -335.777130
v 204.151810 0.300000 -329.513794
v 203.921890 0.300000 -335.509399
v 197.728668 0.300000 -329.261475
v 197.489380 0.300000 -335.256714
v 192.243790 0.300000 -329.039093
v 191.999313 0.300000 -335.034088
v 187.915115 0.300000 -328.861542
v 187.672714 0.300000 -334.856659
v 184.952454 0.300000 -328.743500
v 184.738678 0.300000 -334.739716
v 183.658188 0.300000 -328.702789
v 183.333755 0.300000 -334.695526
v 182.834808 0.300000 -328.639465
v 182.261230 0.300000 -334.613098
v 181.134323 0.300000 -328.443542
v 180.405441 0.300000 -334.399231
v 178.727585 0.300000 -328.131744
v 177.930344 0.300000 -334.078583
v 175.815414 0.300000 -327.728180
v 174.969925 0.300000 -333.668365
v 172.573044 0.300000 -327.254486
v 171.683762 0.300000 -333.188263
v 169.171738 0.300000 -326.731903
v 168.235397 0.300000 -332.658417
v 165.782394 0.300000 -326.181671
v 164.788742 0.300000 -332.098907
v 162.577698 0.300000 -325.625580
v 161.505951 0.300000 -331.529266
v 159.735870 0.300000 -325.086853
v 158.543579 0.300000 -330.967651
v 157.454300 0.300000 -324.594055
v 156.039078 0.300000 -330.426758
v 156.036209 0.300000 -324.211731
v 154.024002 0.300000 -329.883423
v 155.952774 0.300000 -324.174591
v 152.362015 0.300000 -329.144257
v 155.802414 0.300000 -324.009247
v 151.236069 0.300000 -327.905914
v 154.813431 0.300000 -322.773560
v 150.090439 0.300000 -326.474548
v 153.430283 0.300000 -320.970520
v 148.652328 0.300000 -324.599854
v 151.775024 0.300000 -318.769775
v 146.971344 0.300000 -322.364868
v 149.941345 0.300000 -316.307434
v 145.125458 0.300000 -319.886169
v 148.017563 0.300000 -313.713043
v 143.198013 0.300000 -317.286835
v 146.090118 0.300000 -311.113708
v 141.274231 0.300000 -314.692444
v 144.244232 0.300000 -308.635010
v 139.440552 0.300000 -312.230103
v 142.563248 0.300000 -306.400024
v 137.785294 0.300000 -310.029358
v 141.125137 0.300000 -304.525330
v 136.402145 0.300000 -308.226318
v 139.979492 0.300000 -303.093933
v 135.413177 0.300000 -306.990662
v 139.028198 0.300000 -302.077972
v 135.088226 0.300000 -306.603058
vn -0.0000 1.0000 -0.0000
vt 0.000000 1.000000
vt 0.200000 1.000000
vt 0.200000 0.000000
vt 0.000000 0.000000
vt 0.400000 1.000000
vt 0.400000 0.000000
vt 0.600000 1.000000
vt 0.600000 0.000000
vt 0.800000 1.000000
vt 0.800000 0.000000
vt 1.000000 1.000000
vt 1.000000 0.000000
vt 0.066667 1.000000
vt 0.066667 0.000000
vt 0.133333 1.000000
vt 0.133333 0.000000
vt 0.266667 1.000000
vt 0.266667 0.000000
vt 0.333333 1.000000
vt 0.333333 0.000000
vt 0.466667 1.000000
vt 0.466667 0.000000
vt 0.533333 1.000000
vt 0.533333 0.000000
vt 0.666667 1.000000
vt 0.666667 0.000000
vt 0.733333 1.000000
vt 0.733333 0.000000
vt 0.866667 1.000000
vt 0.866667 0.000000
vt 0.933333 1.000000
vt 0.933333 0.000000
vt 0.062500 1.000000
vt 0.062500 0.000000
vt 0.125000 1.000000
vt 0.125000 0.000000
vt 0.187500 1.000000
vt 0.187500 0.000000
vt 0.250000 1.000000
vt 0.250000 0.000000
vt 0.312500 1.000000
vt 0.312500 0.000000
vt 0.375000 1.000000
vt 0.375000 0.000000
vt 0.437500 1.000000
vt 0.437500 0.000000
vt 0.500000 1.000000
vt 0.500000 0.000000
vt 0.562500 1.000000
vt 0.562500 0.000000
vt 0.625000 1.000000
vt 0.625000 0.000000
vt 0.687500 1.000000
vt 0.687500 0.000000
vt 0.750000 1.000000
vt 0.750000 0.000000
vt 0.812500 1.000000
vt 0.812500 0.000000
vt 0.875000 1.000000
vt 0.875000 0.000000
vt 0.937500 1.000000
vt 0.937500 0.000000
vt 0.041667 1.000000
vt 0.041667 0.000000
vt 0.083333 1.000000
vt 0.083333 0.000000
vt 0.166667 1.000000
vt 0.166667 0.000000
vt 0.208333 1.000000
vt 0.208333 0.000000
vt 0.291667 1.000000
vt 0.291667 0.000000
vt 0.416667 1.000000
vt 0.416667 0.000000
vt 0.458333 1.000000
vt 0.458333 0.000000
vt 0.541667 1.000000
vt 0.541667 0.000000
vt 0.583333 1.000000
vt 0.583333 0.000000
vt 0.708333 1.000000
vt 0.708333 0.000000
vt 0.791667 1.000000
vt 0.791667 0.000000
vt 0.833333 1.000000
vt 0.833333 0.000000
vt 0.916667 1.000000
vt 0.916667 0.000000
vt 0.958333 1.000000
vt 0.958333 0.000000
vt 0.043478 1.000000
vt 0.043478 0.000000
vt 0.086957 1.000000
vt 0.086957 0.000000
vt 0.130435 1.000000
vt 0.130435 0.000000
vt 0.173913 1.000000
vt 0.173913 0.000000
vt 0.217391 1.000000
vt 0.217391 0.000000
vt 0.260870 1.000000
vt 0.260870 0.000000
vt 0.304348 1.000000
vt 0.304348 0.000000
vt 0.347826 1.000000
vt 0.347826 0.000000
vt 0.391304 1.000000
vt 0.391304 0.000000
vt 0.434783 1.000000
vt 0.434783 0.000000
vt 0.478261 1.000000
vt 0.478261 0.000000
vt 0.521739 1.000000
vt 0.521739 0.000000
vt 0.565217 1.000000
vt 0.565217 0.000000
vt 0.608696 1.000000
vt 0.608696 0.000000
vt 0.652174 1.000000
vt 0.652174 0.000000
vt 0.695652 1.000000
vt 0.695652 0.000000
vt 0.739130 1.000000
vt 0.739130 0.000000
vt 0.782609 1.000000
vt 0.782609 0.000000
vt 0.826087 1.000000
vt 0.826087 0.000000
vt 0.869565 1.000000
vt 0.869565 0.000000
vt 0.913043 1.000000
vt 0.913043 0.000000
vt 0.956522 1.000000
vt 0.956522 0.000000
vt 0.142857 1.000000
vt 0.142857 0.000000
vt 0.285714 1.000000
vt 0.285714 0.000000
vt 0.428571 1.000000
vt 0.428571 0.000000
vt 0.571429 1.000000
vt 0.571429 0.000000
vt 0.714286 1.000000
vt 0.714286 0.000000
vt 0.857143 1.000000
vt 0.857143 0.000000
vt 0.037037 1.000000
vt 0.037037 0.000000
vt 0.074074 1.000000
vt 0.074074 0.000000
vt 0.111111 1.000000
vt 0.111111 0.000000
vt 0.148148 1.000000
vt 0.148148 0.000000
vt 0.185185 1.000000
vt 0.185185 0.000000
vt 0.222222 1.000000
vt 0.222222 0.000000
vt 0.259259 1.000000
vt 0.259259 0.000000
vt 0.296296 1.000000
vt 0.296296 0.000000
vt 0.370370 1.000000
vt 0.370370 0.000000
vt 0.407407 1.000000
vt 0.407407 0.000000
vt 0.444444 1.000000
vt 0.444444 0.000000
vt 0.481481 1.000000
vt 0.481481 0.000000
vt 0.518519 1.000000
vt 0.518519 0.000000
vt 0.555556 1.000000
vt 0.555556 0.000000
vt 0.592593 1.000000
vt 0.592593 0.000000
vt 0.629630 1.000000
vt 0.629630 0.000000
vt 0.703704 1.000000
vt 0.703704 0.000000
vt 0.740741 1.000000
vt 0.740741 0.000000
vt 0.777778 1.000000
vt 0.777778 0.000000
vt 0.814815 1.000000
vt 0.814815 0.000000
vt 0.851852 1.000000
vt 0.851852 0.000000
vt 0.888889 1.000000
vt 0.888889 0.000000
vt 0.925926 1.000000
vt 0.925926 0.000000
vt 0.962963 1.000000
vt 0.962963 0.000000
vt 0.090909 1.000000
vt 0.090909 0.000000
vt 0.181818 1.000000
vt 0.181818 0.000000
vt 0.272727 1.000000
vt 0.272727 0.000000
vt 0.363636 1.000000
vt 0.363636 0.000000
vt 0.454545 1.000000
vt 0.454545 0.000000
vt 0.545455 1.000000
vt 0.545455 0.000000
vt 0.636364 1.000000
vt 0.636364 0.000000
vt 0.727273 1.000000
vt 0.727273 0.000000
vt 0.818182 1.000000
vt 0.818182 0.000000
vt 0.909091 1.000000
vt 0.909091 0.000000
vt 0.076923 1.000000
vt 0.076923 0.000000
vt 0.153846 1.000000
vt 0.153846 0.000000
vt 0.230769 1.000000
vt 0.230769 0.000000
vt 0.307692 1.000000
vt 0.307692 0.000000
vt 0.384615 1.000000
vt 0.384615 0.000000
vt 0.461538 1.000000
vt 0.461538 0.000000
vt 0.538462 1.000000
vt 0.538462 0.000000
vt 0.615385 1.000000
vt 0.615385 0.000000
vt 0.692308 1.000000
vt 0.692308 0.000000
vt 0.769231 1.000000
vt 0.769231 0.000000
vt 0.846154 1.000000
vt 0.846154 0.000000
vt 0.923077 1.000000
vt 0.923077 0.000000
vt 0.033333 1.000000
vt 0.033333 0.000000
vt 0.100000 1.000000
vt 0.100000 0.000000
vt 0.233333 1.000000
vt 0.233333 0.000000
vt 0.300000 1.000000
vt 0.300000 0.000000
vt 0.366667 1.000000
vt 0.366667 0.000000
vt 0.433333 1.000000
vt 0.433333 0.000000
vt 0.566667 1.000000
vt 0.566667 0.000000
vt 0.633333 1.000000
vt 0.633333 0.000000
vt 0.700000 1.000000
vt 0.700000 0.000000
vt 0.766667 1.000000
vt 0.766667 0.000000
vt 0.900000 1.000000
vt 0.900000 0.000000
vt 0.966667 1.000000
vt 0.966667 0.000000
vt 0.027778 1.000000
vt 0.027778 0.000000
vt 0.055556 1.000000
vt 0.055556 0.000000
vt 0.138889 1.000000
vt 0.138889 0.000000
vt 0.194444 1.000000
vt 0.194444 0.000000
vt 0.277778 1.000000
vt 0.277778 0.000000
vt 0.305556 1.000000
vt 0.305556 0.000000
vt 0.361111 1.000000
vt 0.361111 0.000000
vt 0.388889 1.000000
vt 0.388889 0.000000
vt 0.472222 1.000000
vt 0.472222 0.000000
vt 0.527778 1.000000
vt 0.527778 0.000000
vt 0.611111 1.000000
vt 0.611111 0.000000
vt 0.638889 1.000000
vt 0.638889 0.000000
vt 0.694444 1.000000
vt 0.694444 0.000000
vt 0.722222 1.000000
vt 0.722222 0.000000
vt 0.805556 1.000000
vt 0.805556 0.000000
vt 0.861111 1.000000
vt 0.861111 0.000000
vt 0.944444 1.000000
vt 0.944444 0.000000
vt 0.972222 1.000000
vt 0.972222 0.000000
s 1
usemtl roads_service
f 1850/1/820 1852/2/820 1851/3/820 1849/4/820
f 1852/2/820 1854/5/820 1853/6/820 1851/3/820
f 1854/5/820 1856/7/820 1855/8/820 1853/6/820
f 1856/7/820 1858/9/820 1857/10/820 1855/8/820
f 1858/9/820 1860/11/820 1859/12/820 1857/10/820
f 1862/1/820 1864/2/820 1863/3/820 1861/4/820
f 1864/2/820 1866/5/820 1865/6/820 1863/3/820
f 1866/5/820 1868/7/820 1867/8/820 1865/6/820
f 1868/7/820 1870/9/820 1869/10/820 1867/8/820
f 1870/9/820 1872/11/820 1871/12/820 1869/10/820
f 1874/1/820 1876/11/820 1875/12/820 1873/4/820
f 1878/1/820 1880/13/820 1879/14/820 1877/4/820
f 1880/13/820 1882/15/820 1881/16/820 1879/14/820
f 1882/15/820 1884/2/820 1883/3/820 1881/16/820
f 1884/2/820 1886/17/820 1885/18/820 1883/3/820
f 1886/17/820 1888/19/820 1887/20/820 1885/18/820
f 1888/19/820 1890/5/820 1889/6/820 1887/20/820
f 1890/5/820 1892/21/820 1891/22/820 1889/6/820
f 1892/21/820 1894/23/820 1893/24/820 1891/22/820
f 1894/23/820 1896/7/820 1895/8/820 1893/24/820
f 1896/7/820 1898/25/820 1897/26/820 1895/8/820
f 1898/25/820 1900/27/820 1899/28/820 1897/26/820
f 1900/27/820 1902/9/820 1901/10/820 1899/28/820
f 1902/9/820 1904/29/820 1903/30/820 1901/10/820
f 1904/29/820 1906/31/820 1905/32/820 1903/30/820
f 1906/31/820 1908/11/820 1907/12/820 1905/32/820
f 1910/1/820 1912/33/820 1911/34/820 1909/4/820
f 1912/33/820 1914/35/820 1913/36/820 1911/34/820
f 1914/35/820 1916/37/820 1915/38/820 1913/36/820
f 1916/37/820 1918/39/820 1917/40/820 1915/38/820
f 1918/39/820 1920/41/820 1919/42/820 1917/40/820
f 1920/41/820 1922/43/820 1921/44/820 1919/42/820
f 1922/43/820 1924/45/820 1923/46/820 1921/44/820
f 1924/45/820 1926/47/820 1925/48/820 1923/46/820
f 1926/47/820 1928/49/820 1927/50/820 1925/48/820
f 1928/49/820 1930/51/820 1929/52/820 1927/50/820
f 1930/51/820 1932/53/820 1931/54/820 1929/52/820
f 1932/53/820 1934/55/820 1933/56/820 1931/54/820
f 1934/55/820 1936/57/820 1935/58/820 1933/56/820
f 1936/57/820 1938/59/820 1937/60/820 1935/58/820
f 1938/59/820 1940/61/820 1939/62/820 1937/60/820
f 1940/61/820 1942/11/820 1941/12/820 1939/62/820
f 1944/1/820 1946/11/820 1945/12/820 1943/4/820
f 1948/1/820 1950/63/820 1949/64/820 1947/4/820
f 1950/63/820 1952/65/820 1951/66/820 1949/64/820
f 1952/65/820 1954/35/820 1953/36/820 1951/66/820
f 1954/35/820 1956/67/820 1955/68/820 1953/36/820
f 1956/67/820 1958/69/820 1957/70/820 1955/68/820
f 1958/69/820 1960/39/820 1959/40/820 1957/70/820
f 1960/39/820 1962/71/820 1961/72/820 1959/40/820
f 1962/71/820 1964/19/820 1963/20/820 1961/72/820
f 1964/19/820 1966/43/820 1965/44/820 1963/20/820
f 1966/43/820 1968/73/820 1967/74/820 1965/44/820
f 1968/73/820 1970/75/820 1969/76/820 1967/74/820
f 1970/75/820 1972/47/820 1971/48/820 1969/76/820
f 1972/47/820 1974/77/820 1973/78/820 1971/48/820
f 1974/77/820 1976/79/820 1975/80/820 1973/78/820
f 1976/79/820 1978/51/820 1977/52/820 1975/80/820
f 1978/51/820 1980/25/820 1979/26/820 1977/52/820
f 1980/25/820 1982/81/820 1981/82/820 1979/26/820
f 1982/81/820 1984/55/820 1983/56/820 1981/82/820
f 1984/55/820 1986/83/820 1985/84/820 1983/56/820
f 1986/83/820 1988/85/820 1987/86/820 1985/84/820
f 1988/85/820 1990/59/820 1989/60/820 1987/86/820
f 1990/59/820 1992/87/820 1991/88/820 1989/60/820
f 1992/87/820 1994/89/820 1993/90/820 1991/88/820
f 1994/89/820 1996/11/820 1995/12/820 1993/90/820
f 1998/1/820 2000/65/820 1999/66/820 1997/4/820
f 2000/65/820 2002/67/820 2001/68/820 1999/66/820
f 2002/67/820 2004/39/820 2003/40/820 2001/68/820
f 2004/39/820 2006/19/820 2005/20/820 2003/40/820
f 2006/19/820 2008/73/820 2007/74/820 2005/20/820
f 2008/73/820 2010/47/820 2009/48/820 2007/74/820
f 2010/47/820 2012/79/820 2011/80/820 2009/48/820
f 2012/79/820 2014/25/820 2013/26/820 2011/80/820
f 2014/25/820 2016/55/820 2015/56/820 2013/26/820
f 2016/55/820 2018/85/820 2017/86/820 2015/56/820
f 2018/85/820 2020/87/820 2019/88/820 2017/86/820
f 2020/87/820 2022/11/820 2021/12/820 2019/88/820
f 2024/1/820 2026/11/820 2025/12/820 2023/4/820
f 2028/1/820 2030/11/820 2029/12/820 2027/4/820
f 2032/1/820 2034/11/820 2033/12/820 2031/4/820
f 2036/1/820 2038/2/820 2037/3/820 2035/4/820
f 2038/2/820 2040/5/820 2039/6/820 2037/3/820
f 2040/5/820 2042/7/820 2041/8/820 2039/6/820
f 2042/7/820 2044/9/820 2043/10/820 2041/8/820
f 2044/9/820 2046/11/820 2045/12/820 2043/10/820
f 2048/1/820 2050/33/820 2049/34/820 2047/4/820
f 2050/33/820 2052/35/820 2051/36/820 2049/34/820
f 2052/35/820 2054/37/820 2053/38/820 2051/36/820
f 2054/37/820 2056/39/820 2055/40/820 2053/38/820
f 2056/39/820 2058/41/820 2057/42/820 2055/40/820
f 2058/41/820 2060/43/820 2059/44/820 2057/42/820
f 2060/43/820 2062/45/820 2061/46/820 2059/44/820
f 2062/45/820 2064/47/820 2063/48/820 2061/46/820
f 2064/47/820 2066/49/820 2065/50/820 2063/48/820
f 2066/49/820 2068/51/820 2067/52/820 2065/50/820
f 2068/51/820 2070/53/820 2069/54/820 2067/52/820
f 2070/53/820 2072/55/820 2071/56/820 2069/54/820
f 2072/55/820 2074/57/820 2073/58/820 2071/56/820
f 2074/57/820 2076/59/820 2075/60/820 2073/58/820
f 2076/59/820 2078/61/820 2077/62/820 2075/60/820
f 2078/61/820 2080/11/820 2079/12/820 2077/62/820
f 2082/1/820 2084/35/820 2083/36/820 2081/4/820
f 2084/35/820 2086/39/820 2085/40/820 2083/36/820
f 2086/39/820 2088/43/820 2087/44/820 2085/40/820
f 2088/43/820 2090/47/820 2089/48/820 2087/44/820
f 2090/47/820 2092/51/820 2091/52/820 2089/48/820
f 2092/51/820 2094/55/820 2093/56/820 2091/52/820
f 2094/55/820 2096/59/820 2095/60/820 2093/56/820
f 2096/59/820 2098/11/820 2097/12/820 2095/60/820
f 2100/1/820 2102/67/820 2101/68/820 2099/4/820
f 2102/67/820 2104/19/820 2103/20/820 2101/68/820
f 2104/19/820 2106/47/820 2105/48/820 2103/20/820
f 2106/47/820 2108/25/820 2107/26/820 2105/48/820
f 2108/25/820 2110/85/820 2109/86/820 2107/26/820
f 2110/85/820 2112/11/820 2111/12/820 2109/86/820
f 2114/1/820 2116/91/820 2115/92/820 2113/4/820
f 2116/91/820 2118/93/820 2117/94/820 2115/92/820
f 2118/93/820 2120/95/820 2119/96/820 2117/94/820
f 2120/95/820 2122/97/820 2121/98/820 2119/96/820
f 2122/97/820 2124/99/820 2123/100/820 2121/98/820
f 2124/99/820 2126/101/820 2125/102/820 2123/100/820
f 2126/101/820 2128/103/820 2127/104/820 2125/102/820
f 2128/103/820 2130/105/820 2129/106/820 2127/104/820
f 2130/105/820 2132/107/820 2131/108/820 2129/106/820
f 2132/107/820 2134/109/820 2133/110/820 2131/108/820
f 2134/109/820 2136/111/820 2135/112/820 2133/110/820
f 2136/111/820 2138/113/820 2137/114/820 2135/112/820
f 2138/113/820 2140/115/820 2139/116/820 2137/114/820
f 2140/115/820 2142/117/820 2141/118/820 2139/116/820
f 2142/117/820 2144/119/820 2143/120/820 2141/118/820
f 2144/119/820 2146/121/820 2145/122/820 2143/120/820
f 2146/121/820 2148/123/820 2147/124/820 2145/122/820
f 2148/123/820 2150/125/820 2149/126/820 2147/124/820
f 2150/125/820 2152/127/820 2151/128/820 2149/126/820
f 2152/127/820 2154/129/820 2153/130/820 2151/128/820
f 2154/129/820 2156/131/820 2155/132/820 2153/130/820
f 2156/131/820 2158/133/820 2157/134/820 2155/132/820
f 2158/133/820 2160/11/820 2159/12/820 2157/134/820
f 2162/1/820 2164/135/820 2163/136/820 2161/4/820
f 2164/135/820 2166/137/820 2165/138/820 2163/136/820
f 2166/137/820 2168/139/820 2167/140/820 2165/138/820
f 2168/139/820 2170/141/820 2169/142/820 2167/140/820
f 2170/141/820 2172/143/820 2171/144/820 2169/142/820
f 2172/143/820 2174/145/820 2173/146/820 2171/144/820
f 2174/145/820 2176/11/820 2175/12/820 2173/146/820
f 2178/1/820 2180/147/820 2179/148/820 2177/4/820
f 2180/147/820 2182/149/820 2181/150/820 2179/148/820
f 2182/149/820 2184/151/820 2183/152/820 2181/150/820
f 2184/151/820 2186/153/820 2185/154/820 2183/152/820
f 2186/153/820 2188/155/820 2187/156/820 2185/154/820
f 2188/155/820 2190/157/820 2189/158/820 2187/156/820
f 2190/157/820 2192/159/820 2191/160/820 2189/158/820
f 2192/159/820 2194/161/820 2193/162/820 2191/160/820
f 2194/161/820 2196/19/820 2195/20/820 2193/162/820
f 2196/19/820 2198/163/820 2197/164/820 2195/20/820
f 2198/163/820 2200/165/820 2199/166/820 2197/164/820
f 2200/165/820 2202/167/820 2201/168/820 2199/166/820
f 2202/167/820 2204/169/820 2203/170/820 2201/168/820
f 2204/169/820 2206/171/820 2205/172/820 2203/170/820
f 2206/171/820 2208/173/820 2207/174/820 2205/172/820
f 2208/173/820 2210/175/820 2209/176/820 2207/174/820
f 2210/175/820 2212/177/820 2211/178/820 2209/176/820
f 2212/177/820 2214/25/820 2213/26/820 2211/178/820
f 2214/25/820 2216/179/820 2215/180/820 2213/26/820
f 2216/179/820 2218/181/820 2217/182/820 2215/180/820
f 2218/181/820 2220/183/820 2219/184/820 2217/182/820
f 2220/183/820 2222/185/820 2221/186/820 2219/184/820
f 2222/185/820 2224/187/820 2223/188/820 2221/186/820
f 2224/187/820 2226/189/820 2225/190/820 2223/188/820
f 2226/189/820 2228/191/820 2227/192/820 2225/190/820
f 2228/191/820 2230/193/820 2229/194/820 2227/192/820
f 2230/193/820 2232/11/820 2231/12/820 2229/194/820
f 2234/1/820 2236/195/820 2235/196/820 2233/4/820
f 2236/195/820 2238/197/820 2237/198/820 2235/196/820
f 2238/197/820 2240/199/820 2239/200/820 2237/198/820
f 2240/199/820 2242/201/820 2241/202/820 2239/200/820
f 2242/201/820 2244/203/820 2243/204/820 2241/202/820
f 2244/203/820 2246/205/820 2245/206/820 2243/204/820
f 2246/205/820 2248/207/820 2247/208/820 2245/206/820
f 2248/207/820 2250/209/820 2249/210/820 2247/208/820
f 2250/209/820 2252/211/820 2251/212/820 2249/210/820
f 2252/211/820 2254/213/820 2253/214/820 2251/212/820
f 2254/213/820 2256/11/820 2255/12/820 2253/214/820
f 2258/1/820 2260/11/820 2259/12/820 2257/4/820
f 2262/1/820 2264/11/820 2263/12/820 2261/4/820
f 2266/1/820 2268/11/820 2267/12/820 2265/4/820
f 2270/1/820 2272/11/820 2271/12/820 2269/4/820
f 2274/1/820 2276/35/820 2275/36/820 2273/4/820
f 2276/35/820 2278/39/820 2277/40/820 2275/36/820
f 2278/39/820 2280/43/820 2279/44/820 2277/40/820
f 2280/43/820 2282/47/820 2281/48/820 2279/44/820
f 2282/47/820 2284/51/820 2283/52/820 2281/48/820
f 2284/51/820 2286/55/820 2285/56/820 2283/52/820
f 2286/55/820 2288/59/820 2287/60/820 2285/56/820
f 2288/59/820 2290/11/820 2289/12/820 2287/60/820
f 2292/1/820 2294/11/820 2293/12/820 2291/4/820
f 2296/1/820 2298/47/820 2297/48/820 2295/4/820
f 2298/47/820 2300/11/820 2299/12/820 2297/48/820
f 2302/1/820 2304/67/820 2303/68/820 2301/4/820
f 2304/67/820 2306/19/820 2305/20/820 2303/68/820
f 2306/19/820 2308/47/820 2307/48/820 2305/20/820
f 2308/47/820 2310/25/820 2309/26/820 2307/48/820
f 2310/25/820 2312/85/820 2311/86/820 2309/26/820
f 2312/85/820 2314/11/820 2313/12/820 2311/86/820
f 2316/1/820 2318/11/820 2317/12/820 2315/4/820
f 2320/1/820 2322/35/820 2321/36/820 2319/4/820
f 2322/35/820 2324/39/820 2323/40/820 2321/36/820
f 2324/39/820 2326/43/820 2325/44/820 2323/40/820
f 2326/43/820 2328/47/820 2327/48/820 2325/44/820
f 2328/47/820 2330/51/820 2329/52/820 2327/48/820
f 2330/51/820 2332/55/820 2331/56/820 2329/52/820
f 2332/55/820 2334/59/820 2333/60/820 2331/56/820
f 2334/59/820 2336/11/820 2335/12/820 2333/60/820
f 2338/1/820 2340/215/820 2339/216/820 2337/4/820
f 2340/215/820 2342/217/820 2341/218/820 2339/216/820
f 2342/217/820 2344/219/820 2343/220/820 2341/218/820
f 2344/219/820 2346/221/820 2345/222/820 2343/220/820
f 2346/221/820 2348/223/820 2347/224/820 2345/222/820
f 2348/223/820 2350/225/820 2349/226/820 2347/224/820
f 2350/225/820 2352/227/820 2351/228/820 2349/226/820
f 2352/227/820 2354/229/820 2353/230/820 2351/228/820
f 2354/229/820 2356/231/820 2355/232/820 2353/230/820
f 2356/231/820 2358/233/820 2357/234/820 2355/232/820
f 2358/233/820 2360/235/820 2359/236/820 2357/234/820
f 2360/235/820 2362/237/820 2361/238/820 2359/236/820
f 2362/237/820 2364/11/820 2363/12/820 2361/238/820
f 2366/1/820 2368/13/820 2367/14/820 2365/4/820
f 2368/13/820 2370/15/820 2369/16/820 2367/14/820
f 2370/15/820 2372/2/820 2371/3/820 2369/16/820
f 2372/2/820 2374/17/820 2373/18/820 2371/3/820
f 2374/17/820 2376/19/820 2375/20/820 2373/18/820
f 2376/19/820 2378/5/820 2377/6/820 2375/20/820
f 2378/5/820 2380/21/820 2379/22/820 2377/6/820
f 2380/21/820 2382/23/820 2381/24/820 2379/22/820
f 2382/23/820 2384/7/820 2383/8/820 2381/24/820
f 2384/7/820 2386/25/820 2385/26/820 2383/8/820
f 2386/25/820 2388/27/820 2387/28/820 2385/26/820
f 2388/27/820 2390/9/820 2389/10/820 2387/28/820
f 2390/9/820 2392/29/820 2391/30/820 2389/10/820
f 2392/29/820 2394/31/820 2393/32/820 2391/30/820
f 2394/31/820 2396/11/820 2395/12/820 2393/32/820
f 2398/1/820 2400/239/820 2399/240/820 2397/4/820
f 2400/239/820 2402/13/820 2401/14/820 2399/240/820
f 2402/13/820 2404/241/820 2403/242/820 2401/14/820
f 2404/241/820 2406/15/820 2405/16/820 2403/242/820
f 2406/15/820 2408/67/820 2407/68/820 2405/16/820
f 2408/67/820 2410/2/820 2409/3/820 2407/68/820
f 2410/2/820 2412/243/820 2411/244/820 2409/3/820
f 2412/243/820 2414/17/820 2413/18/820 2411/244/820
f 2414/17/820 2416/245/820 2415/246/820 2413/18/820
f 2416/245/820 2418/19/820 2417/20/820 2415/246/820
f 2418/19/820 2420/247/820 2419/248/820 2417/20/820
f 2420/247/820 2422/5/820 2421/6/820 2419/248/820
f 2422/5/820 2424/249/820 2423/250/820 2421/6/820
f 2424/249/820 2426/21/820 2425/22/820 2423/250/820
f 2426/21/820 2428/47/820 2427/48/820 2425/22/820
f 2428/47/820 2430/23/820 2429/24/820 2427/48/820
f 2430/23/820 2432/251/820 2431/252/820 2429/24/820
f 2432/251/820 2434/7/820 2433/8/820 2431/252/820
f 2434/7/820 2436/253/820 2435/254/820 2433/8/820
f 2436/253/820 2438/25/820 2437/26/820 2435/254/820
f 2438/25/820 2440/255/820 2439/256/820 2437/26/820
f 2440/255/820 2442/27/820 2441/28/820 2439/256/820
f 2442/27/820 2444/257/820 2443/258/820 2441/28/820
f 2444/257/820 2446/9/820 2445/10/820 2443/258/820
f 2446/9/820 2448/85/820 2447/86/820 2445/10/820
f 2448/85/820 2450/29/820 2449/30/820 2447/86/820
f 2450/29/820 2452/259/820 2451/260/820 2449/30/820
f 2452/259/820 2454/31/820 2453/32/820 2451/260/820
f 2454/31/820 2456/261/820 2455/262/820 2453/32/820
f 2456/261/820 2458/11/820 2457/12/820 2455/262/820
f 2460/1/820 2462/19/820 2461/20/820 2459/4/820
f 2462/19/820 2464/25/820 2463/26/820 2461/20/820
f 2464/25/820 2466/11/820 2465/12/820 2463/26/820
f 2468/1/820 2470/11/820 2469/12/820 2467/4/820
f 2472/1/820 2474/11/820 2473/12/820 2471/4/820
f 2476/1/820 2478/11/820 2477/12/820 2475/4/820
f 2480/1/820 2482/47/820 2481/48/820 2479/4/820
f 2482/47/820 2484/11/820 2483/12/820 2481/48/820
f 2486/1/820 2488/47/820 2487/48/820 2485/4/820
f 2488/47/820 2490/11/820 2489/12/820 2487/48/820
f 2492/1/820 2494/39/820 2493/40/820 2491/4/820
f 2494/39/820 2496/47/820 2495/48/820 2493/40/820
f 2496/47/820 2498/55/820 2497/56/820 2495/48/820
f 2498/55/820 2500/11/820 2499/12/820 2497/56/820
f 2502/1/820 2504/19/820 2503/20/820 2501/4/820
f 2504/19/820 2506/25/820 2505/26/820 2503/20/820
f 2506/25/820 2508/11/820 2507/12/820 2505/26/820
f 2510/1/820 2512/2/820 2511/3/820 2509/4/820
f 2512/2/820 2514/5/820 2513/6/820 2511/3/820
f 2514/5/820 2516/7/820 2515/8/820 2513/6/820
f 2516/7/820 2518/9/820 2517/10/820 2515/8/820
f 2518/9/820 2520/11/820 2519/12/820 2517/10/820
f 2522/1/820 2524/35/820 2523/36/820 2521/4/820
f 2524/35/820 2526/39/820 2525/40/820 2523/36/820
f 2526/39/820 2528/43/820 2527/44/820 2525/40/820
f 2528/43/820 2530/47/820 2529/48/820 2527/44/820
f 2530/47/820 2532/51/820 2531/52/820 2529/48/820
f 2532/51/820 2534/55/820 2533/56/820 2531/52/820
f 2534/55/820 2536/59/820 2535/60/820 2533/56/820
f 2536/59/820 2538/11/820 2537/12/820 2535/60/820
f 2540/1/820 2542/11/820 2541/12/820 2539/4/820
f 2544/1/820 2546/47/820 2545/48/820 2543/4/820
f 2546/47/820 2548/11/820 2547/12/820 2545/48/820
f 2550/1/820 2552/47/820 2551/48/820 2549/4/820
f 2552/47/820 2554/11/820 2553/12/820 2551/48/820
f 2556/1/820 2558/47/820 2557/48/820 2555/4/820
f 2558/47/820 2560/11/820 2559/12/820 2557/48/820
f 2562/1/820 2564/39/820 2563/40/820 2561/4/820
f 2564/39/820 2566/47/820 2565/48/820 2563/40/820
f 2566/47/820 2568/55/820 2567/56/820 2565/48/820
f 2568/55/820 2570/11/820 2569/12/820 2567/56/820
f 2572/1/820 2574/47/820 2573/48/820 2571/4/820
f 2574/47/820 2576/11/820 2575/12/820 2573/48/820
f 2578/1/820 2580/11/820 2579/12/820 2577/4/820
f 2582/1/820 2584/39/820 2583/40/820 2581/4/820
f 2584/39/820 2586/47/820 2585/48/820 2583/40/820
f 2586/47/820 2588/55/820 2587/56/820 2585/48/820
f 2588/55/820 2590/11/820 2589/12/820 2587/56/820
f 2592/1/820 2594/11/820 2593/12/820 2591/4/820
f 2596/1/820 2598/47/820 2597/48/820 2595/4/820
f 2598/47/820 2600/11/820 2599/12/820 2597/48/820
f 2602/1/820 2604/19/820 2603/20/820 2601/4/820
f 2604/19/820 2606/25/820 2605/26/820 2603/20/820
f 2606/25/820 2608/11/820 2607/12/820 2605/26/820
f 2610/1/820 2612/11/820 2611/12/820 2609/4/820
f 2614/1/820 2616/19/820 2615/20/820 2613/4/820
f 2616/19/820 2618/25/820 2617/26/820 2615/20/820
f 2618/25/820 2620/11/820 2619/12/820 2617/26/820
f 2622/1/820 2624/19/820 2623/20/820 2621/4/820
f 2624/19/820 2626/25/820 2625/26/820 2623/20/820
f 2626/25/820 2628/11/820 2627/12/820 2625/26/820
f 2630/1/820 2632/263/820 2631/264/820 2629/4/820
f 2632/263/820 2634/265/820 2633/266/820 2631/264/820
f 2634/265/820 2636/65/820 2635/66/820 2633/266/820
f 2636/65/820 2638/151/820 2637/152/820 2635/66/820
f 2638/151/820 2640/267/820 2639/268/820 2637/152/820
f 2640/267/820 2642/67/820 2641/68/820 2639/268/820
f 2642/67/820 2644/269/820 2643/270/820 2641/68/820
f 2644/269/820 2646/157/820 2645/158/820 2643/270/820
f 2646/157/820 2648/39/820 2647/40/820 2645/158/820
f 2648/39/820 2650/271/820 2649/272/820 2647/40/820
f 2650/271/820 2652/273/820 2651/274/820 2649/272/820
f 2652/273/820 2654/19/820 2653/20/820 2651/274/820
f 2654/19/820 2656/275/820 2655/276/820 2653/20/820
f 2656/275/820 2658/277/820 2657/278/820 2655/276/820
f 2658/277/820 2660/73/820 2659/74/820 2657/278/820
f 2660/73/820 2662/167/820 2661/168/820 2659/74/820
f 2662/167/820 2664/279/820 2663/280/820 2661/168/820
f 2664/279/820 2666/47/820 2665/48/820 2663/280/820
f 2666/47/820 2668/281/820 2667/282/820 2665/48/820
f 2668/281/820 2670/173/820 2669/174/820 2667/282/820
f 2670/173/820 2672/79/820 2671/80/820 2669/174/820
f 2672/79/820 2674/283/820 2673/284/820 2671/80/820
f 2674/283/820 2676/285/820 2675/286/820 2673/284/820
f 2676/285/820 2678/25/820 2677/26/820 2675/286/820
f 2678/25/820 2680/287/820 2679/288/820 2677/26/820
f 2680/287/820 2682/289/820 2681/290/820 2679/288/820
f 2682/289/820 2684/55/820 2683/56/820 2681/290/820
f 2684/55/820 2686/183/820 2685/184/820 2683/56/820
f 2686/183/820 2688/291/820 2687/292/820 2685/184/820
f 2688/291/820 2690/85/820 2689/86/820 2687/292/820
f 2690/85/820 2692/293/820 2691/294/820 2689/86/820
f 2692/293/820 2694/189/820 2693/190/820 2691/294/820
f 2694/189/820 2696/87/820 2695/88/820 2693/190/820
f 2696/87/820 2698/295/820 2697/296/820 2695/88/820
f 2698/295/820 2700/297/820 2699/298/820 2697/296/820
f 2700/297/820 2702/11/820 2701/12/820 2699/298/820
o map.osm_roads_service
v -27.807930 0.300000 -538.962524
v -27.640018 0.300000 -532.964844
v -7.117600 0.300000 -539.541748
v -6.982060 0.300000 -533.543213
v 47.493908 0.300000 -540.480835
v 47.179516 0.300000 -534.474609
v 53.020527 0.300000 -539.804443
v 50.930492 0.300000 -534.015503
v 65.430573 0.300000 -531.829651
v 59.481007 0.300000 -528.520813
v 67.689812 0.300000 -385.662109
v 61.690533 0.300000 -385.569397
v -27.617619 0.300000 -532.965576
v -27.830330 0.300000 -538.961792
v -45.206188 0.300000 -532.341614
v -45.385899 0.300000 -538.339050
v -93.170746 0.300000 -531.168518
v -94.797913 0.300000 -537.130554
v -98.421768 0.300000 -528.242249
v -103.329727 0.300000 -532.375916
v -99.959274 0.300000 -523.861877
v -105.972992 0.300000 -524.845154
v -98.077866 0.300000 -383.485474
v -104.077316 0.300000 -383.405090
v -101.116867 0.300000 -386.445007
v -101.038315 0.300000 -380.445557
v 64.650894 0.300000 -388.615479
v 64.729446 0.300000 -382.616028
v -98.077660 0.300000 -383.465088
v -104.077522 0.300000 -383.425476
v -97.848473 0.300000 -348.733826
v -103.849205 0.300000 -348.826965
v -98.097893 0.300000 -342.112061
v -104.096245 0.300000 -342.268494
v -98.248184 0.300000 -331.744598
v -104.251602 0.300000 -331.552094
v -97.945915 0.300000 -327.906647
v -103.885796 0.300000 -326.907501
v -97.391075 0.300000 -325.775482
v -103.008934 0.300000 -323.539459
v -94.835342 0.300000 -321.129333
v -98.902344 0.300000 -316.073975
v -91.055290 0.300000 -320.013428
v -91.972878 0.300000 -314.028320
v -82.418030 0.300000 -319.864868
v -82.474548 0.300000 -313.864990
v -21.358870 0.300000 -319.764526
v -21.299860 0.300000 -313.764404
v 48.131138 0.300000 -321.245728
v 49.178669 0.300000 -315.266724
v 58.143204 0.300000 -324.625610
v 62.513741 0.300000 -319.768372
v 61.238499 0.300000 -331.357727
v 67.187996 0.300000 -329.934631
v 61.655102 0.300000 -342.143524
v 67.649399 0.300000 -341.880280
v 62.033298 0.300000 -349.830261
v 68.034706 0.300000 -349.711487
v 61.690311 0.300000 -385.586975
v 67.690025 0.300000 -385.644531
v -779.347351 0.300000 -346.586090
v -779.156189 0.300000 -340.589142
v -775.170776 0.300000 -346.719238
v -774.971313 0.300000 -340.722534
v -742.185486 0.300000 -347.862061
v -741.904846 0.300000 -341.868164
v -726.708191 0.300000 -348.775208
v -726.475281 0.300000 -342.778503
v -628.308350 0.300000 -350.615997
v -626.796631 0.300000 -344.643219
v -611.409485 0.300000 -359.351349
v -608.683289 0.300000 -354.006378
v -582.067444 0.300000 -374.116821
v -580.161926 0.300000 -368.358826
v -567.476196 0.300000 -376.665710
v -566.213379 0.300000 -370.795471
v -559.561340 0.300000 -378.693756
v -558.665100 0.300000 -372.729584
v -529.679199 0.300000 -380.113770
v -529.578125 0.300000 -374.111816
v -487.578674 0.300000 -379.532288
v -487.568298 0.300000 -373.531555
v -474.768494 0.300000 -379.753510
v -474.664246 0.300000 -373.754425
v -461.424927 0.300000 -379.986694
v -461.320007 0.300000 -373.987610
v -427.177887 0.300000 -380.586395
v -427.072113 0.300000 -374.587311
v -387.713013 0.300000 -381.286621
v -387.657104 0.300000 -375.286682
v -352.056976 0.300000 -381.318787
v -351.993011 0.300000 -375.318848
v -101.138863 0.300000 -386.444641
v -101.016319 0.300000 -380.445923
v -384.685638 0.300000 -378.344879
v -390.684479 0.300000 -378.228424
v -381.827484 0.300000 -231.124756
v -387.826324 0.300000 -231.008301
v 64.626884 0.300000 -388.615082
v 64.753456 0.300000 -382.616425
v 167.576401 0.300000 -390.787262
v 167.670090 0.300000 -384.787933
v 327.124573 0.300000 -392.404938
v 327.248718 0.300000 -386.405914
v 383.466736 0.300000 -394.165344
v 383.613586 0.300000 -388.166992
v 429.734833 0.300000 -394.985565
v 425.445587 0.300000 -388.908600
v 434.107635 0.300000 -381.957550
v 427.678680 0.300000 -382.255585
v 427.498566 0.300000 -367.016663
v 421.937653 0.300000 -369.277100
v 419.754669 0.300000 -346.171600
v 413.991241 0.300000 -347.886871
v 414.940582 0.300000 -324.925720
v 409.109222 0.300000 -326.341187
v 411.299774 0.300000 -310.868500
v 405.363312 0.300000 -311.878082
v 410.388550 0.300000 -299.978851
v 404.385437 0.300000 -300.192047
v 410.672394 0.300000 -277.255066
v 404.676117 0.300000 -276.918640
v 411.866333 0.300000 -265.306854
v 405.869324 0.300000 -264.977814
v 412.044525 0.300000 -247.524521
v 406.055267 0.300000 -246.425461
v 417.192169 0.300000 -233.550674
v 411.503815 0.300000 -231.634750
v 421.064850 0.300000 -220.888535
v 415.420929 0.300000 -218.827286
v 424.352478 0.300000 -213.188080
v 418.796448 0.300000 -210.921021
v 431.836548 0.300000 -193.967468
v 425.746094 0.300000 -193.072815
v 431.119293 0.300000 -184.976761
v 425.204071 0.300000 -186.278366
v 426.173950 0.300000 -171.577896
v 420.987000 0.300000 -174.852615
v 408.765533 0.300000 -153.722015
v 404.988617 0.300000 -158.443054
v 402.026917 0.300000 -149.577469
v 399.853333 0.300000 -155.284592
v 394.376495 0.300000 -148.213882
v 393.510590 0.300000 -154.154099
v 370.781616 0.300000 -145.533371
v 370.448730 0.300000 -151.534134
v 293.750366 0.300000 -145.709473
v 293.764099 0.300000 -151.709442
v 380.590057 0.300000 -391.710968
v 386.490265 0.300000 -390.621368
v 385.608307 0.300000 -418.885406
v 391.606781 0.300000 -418.327789
v 385.701691 0.300000 -452.481476
v 391.701813 0.300000 -452.525299
v 385.090363 0.300000 -487.633636
v 391.088837 0.300000 -487.771576
v 384.069885 0.300000 -523.313843
v 390.064087 0.300000 -523.602905
v 381.931122 0.300000 -554.817078
v 388.000885 0.300000 -553.993225
v 383.808746 0.300000 -560.165894
v 388.108368 0.300000 -554.299438
v 481.137543 0.300000 -563.256714
v 479.614227 0.300000 -557.205322
v 491.884674 0.300000 -557.032410
v 485.895477 0.300000 -553.567444
v 491.986786 0.300000 -524.278259
v 485.987152 0.300000 -524.160828
v 493.276703 0.300000 -488.475037
v 487.277618 0.300000 -488.341248
v 493.575226 0.300000 -453.725830
v 487.574127 0.300000 -453.827454
v 492.084564 0.300000 -418.628174
v 486.089996 0.300000 -418.882751
v 388.664246 0.300000 -455.503143
v 388.739258 0.300000 -449.503632
v 490.537170 0.300000 -456.776398
v 490.612183 0.300000 -450.776886
v 388.068878 0.300000 -490.702545
v 388.110321 0.300000 -484.702667
v 490.256439 0.300000 -491.408081
v 490.297882 0.300000 -485.408203
v 387.044586 0.300000 -526.458313
v 387.089386 0.300000 -520.458435
v 488.964569 0.300000 -527.219482
v 489.009369 0.300000 -521.219604
v 490.513580 0.300000 -456.776031
v 490.635773 0.300000 -450.777252
v 553.014038 0.300000 -458.048828
v 551.970947 0.300000 -452.026367
v 559.642212 0.300000 -455.528534
v 554.124268 0.300000 -451.207550
v 564.541809 0.300000 -415.316254
v 557.761536 0.300000 -421.355804
v 489.080780 0.300000 -415.755463
v 489.093781 0.300000 -421.755463
v 388.612000 0.300000 -415.606598
v 388.603088 0.300000 -421.606598
v -217.753815 0.300000 -346.533203
v -223.753815 0.300000 -346.533203
v -217.753815 0.300000 -326.154053
v -223.753815 0.300000 -326.081055
v -217.104919 0.300000 -299.499695
v -223.105682 0.300000 -299.457886
v -217.709549 0.300000 -241.363983
v -223.725266 0.300000 -239.884399
v -215.173935 0.300000 -236.641357
v -218.777786 0.300000 -230.669678
v -166.306732 0.300000 -236.255051
v -166.027649 0.300000 -230.252670
v -159.492233 0.300000 -236.944489
v -159.860764 0.300000 -230.876587
v -151.292648 0.300000 -235.092438
v -151.795517 0.300000 -229.054871
v -114.282188 0.300000 -237.165405
v -110.516853 0.300000 -231.366913
v -112.342415 0.300000 -240.938293
v -106.824898 0.300000 -238.547791
v -111.186081 0.300000 -244.178375
v -105.136703 0.300000 -243.278168
v -111.561249 0.300000 -252.097687
v -105.563141 0.300000 -252.279419
v -112.147270 0.300000 -296.349487
v -106.178871 0.300000 -298.775269
v -114.340721 0.300000 -298.662659
v -110.762352 0.300000 -303.608887
v -116.254105 0.300000 -299.564911
v -115.034134 0.300000 -305.623260
v -173.995010 0.300000 -297.068756
v -174.163010 0.300000 -303.067108
v -220.066910 0.300000 -296.479034
v -220.143692 0.300000 -302.478546
v -108.585487 0.300000 -255.188461
v -108.538902 0.300000 -249.188644
v -21.213329 0.300000 -255.866791
v -21.121124 0.300000 -249.867340
v 73.298569 0.300000 -258.038269
v 79.163406 0.300000 -252.171432
v 74.440559 0.300000 -307.020172
v 80.302299 0.300000 -301.020172
v 166.431488 0.300000 -307.020172
v 160.743561 0.300000 -301.020172
v 169.290070 0.300000 -253.523941
v 163.110199 0.300000 -256.730194
v 125.788666 0.300000 -226.236679
v 124.501038 0.300000 -232.511703
v 71.974152 0.300000 -234.670303
v 78.289948 0.300000 -239.753738
v 73.257126 0.300000 -256.053192
v 79.246353 0.300000 -255.693848
v -100.853722 0.300000 -345.780396
v -100.843956 0.300000 -351.780396
v -155.930099 0.300000 -345.870026
v -156.050705 0.300000 -351.870209
v -209.384995 0.300000 -343.633301
v -209.500076 0.300000 -349.633728
v -304.320190 0.300000 -343.962341
v -309.758301 0.300000 -349.981201
v -311.852295 0.300000 -267.216370
v -318.209412 0.300000 -263.871155
v -295.411224 0.300000 -258.145447
v -297.068329 0.300000 -252.207092
v -220.739227 0.300000 -255.150009
v -220.979706 0.300000 -249.154831
v -638.150269 0.300000 -35.249023
v -637.934326 0.300000 -29.252916
v -420.496490 0.300000 -43.087986
v -420.379059 0.300000 -37.088329
v -399.486755 0.300000 -43.154118
v -399.465820 0.300000 -37.154163
v -396.628601 0.300000 -43.165085
v -396.577698 0.300000 -37.165245
v -281.064331 0.300000 -44.683002
v -282.176697 0.300000 -38.667881
v -268.808167 0.300000 -39.803848
v -269.768066 0.300000 -33.728020
v -258.705475 0.300000 -40.466331
v -258.489227 0.300000 -34.467628
v -132.235489 0.300000 -41.298302
v -131.837051 0.300000 -35.300797
v -119.834236 0.300000 -42.870419
v -119.477760 0.300000 -36.867596
v -73.370071 0.300000 -42.523502
v -73.390762 0.300000 -36.523495
v -54.133614 0.300000 -42.534492
v -54.064224 0.300000 -36.534538
v 14.917624 0.300000 -44.092422
v 15.024042 0.300000 -38.093300
v 87.338318 0.300000 -45.027863
v 87.443619 0.300000 -39.028725
v 189.750839 0.300000 -47.300137
v 189.853897 0.300000 -41.300953
v 247.398941 0.300000 -48.001873
v 247.627426 0.300000 -42.004215
v 259.888428 0.300000 -48.802113
v 260.165649 0.300000 -42.807575
v 313.253204 0.300000 -50.319855
v 313.364410 0.300000 -44.320595
v 371.480469 0.300000 -50.822430
v 371.646851 0.300000 -44.823650
v 376.450836 0.300000 -51.055355
v 376.660858 0.300000 -45.058620
v 431.319550 0.300000 -52.327644
v 431.429230 0.300000 -46.328583
v 503.092651 0.300000 -53.288177
v 503.197998 0.300000 -47.289055
v 533.885498 0.300000 -53.957798
v 533.972168 0.300000 -47.958271
v 582.821960 0.300000 -54.306728
v 582.550354 0.300000 -48.304646
v 609.466614 0.300000 -51.699162
v 608.882263 0.300000 -45.727695
v 250.407349 0.300000 -45.792835
v 244.619019 0.300000 -44.213253
v 257.358093 0.300000 -20.322056
v 251.338318 0.300000 -19.590588
v 256.528168 0.300000 13.452000
v 250.528061 0.300000 13.382565
v 256.576630 0.300000 47.484150
v 250.576660 0.300000 47.500202
v 256.787628 0.300000 101.208199
v 250.788239 0.300000 101.377571
v 258.762939 0.300000 138.783569
v 252.766541 0.300000 139.009552
v 260.449677 0.300000 212.693756
v 254.443390 0.300000 212.486298
v 257.151062 0.300000 248.498688
v 251.176361 0.300000 247.948242
v 275.806061 0.300000 243.931442
v 269.806061 0.300000 243.942978
v 276.193024 0.300000 445.281494
v 270.193085 0.300000 445.324524
v 277.685303 0.300000 565.431458
v 271.685303 0.300000 565.468811
v 277.686676 0.300000 618.436951
v 271.686676 0.300000 618.038635
v 275.911469 0.300000 631.744263
v 270.064178 0.300000 630.201294
v 270.700562 0.300000 644.664062
v 265.271606 0.300000 642.083740
v 264.469025 0.300000 655.963623
v 259.666779 0.300000 652.246948
v 257.303131 0.300000 662.740112
v 253.506821 0.300000 658.072144
v 250.744400 0.300000 667.305542
v 247.847000 0.300000 662.011841
v 242.699921 0.300000 670.645142
v 240.713593 0.300000 664.973267
v 232.705597 0.300000 673.521545
v 231.444366 0.300000 667.640930
v 224.543732 0.300000 674.691040
v 224.065491 0.300000 668.698242
v 180.276367 0.300000 675.441284
v 180.223907 0.300000 669.441284
v 94.954056 0.300000 675.487183
v 95.857697 0.300000 669.486694
v 76.451843 0.300000 669.774231
v 78.524399 0.300000 664.134705
v 62.456890 0.300000 663.776611
v 65.141556 0.300000 658.399414
v 44.374237 0.300000 653.393372
v 48.018753 0.300000 648.567322
v 31.387955 0.300000 640.741272
v 35.593735 0.300000 636.461975
v 22.173454 0.300000 631.605408
v 26.709156 0.300000 627.653259
v -58.168953 0.300000 524.554199
v -53.490189 0.300000 520.792725
v -144.065643 0.300000 424.715851
v -139.644318 0.300000 420.655060
v -163.558685 0.300000 404.827271
v -159.669891 0.300000 400.223206
v -195.755569 0.300000 382.452972
v -192.287430 0.300000 377.556549
v -235.132889 0.300000 354.028168
v -231.622482 0.300000 349.162262
v -288.370728 0.300000 315.643463
v -283.747437 0.300000 311.579987
v -295.086945 0.300000 303.231171
v -289.210785 0.300000 301.483124
v -296.033203 0.300000 291.760468
v -290.020325 0.300000 291.669525
v -294.074402 0.300000 254.166733
v -288.082520 0.300000 254.478928
v -261.595703 0.300000 -37.367821
v -255.598999 0.300000 -37.566139
v -262.750549 0.300000 -72.287170
v -256.752441 0.300000 -72.444168
v -263.279358 0.300000 -99.715309
v -257.272278 0.300000 -99.406761
v -262.612030 0.300000 -105.161819
v -256.832123 0.300000 -102.999359
v -259.436737 0.300000 -109.862305
v -255.330109 0.300000 -105.222839
v -253.895416 0.300000 -112.693985
v -252.376038 0.300000 -106.732407
v -206.950714 0.300000 -113.946754
v -206.789215 0.300000 -107.948936
v -149.983673 0.300000 -115.494209
v -149.900726 0.300000 -109.494255
v -127.564796 0.300000 -115.505272
v -128.373367 0.300000 -109.504875
v -121.471954 0.300000 -113.829620
v -125.722794 0.300000 -108.775925
v -119.199799 0.300000 -109.009918
v -125.150543 0.300000 -107.562073
v -116.658035 0.300000 -39.979397
v -122.653961 0.300000 -39.758617
v 373.615051 0.300000 -148.562012
v 367.615295 0.300000 -148.505493
v 374.563538 0.300000 -47.851292
v 368.563782 0.300000 -47.794788
v 292.656006 0.300000 -248.089447
v 292.753235 0.300000 -242.090240
v 409.001282 0.300000 -249.974594
v 409.098511 0.300000 -243.975388
v 290.501312 0.300000 -278.691315
v 290.572784 0.300000 -272.691742
v 407.638519 0.300000 -280.086639
v 407.709991 0.300000 -274.087067
v 289.971222 0.300000 -315.437927
v 289.917267 0.300000 -309.438171
v 408.358521 0.300000 -314.373169
v 408.304565 0.300000 -308.373413
v 292.943848 0.300000 -312.486450
v 286.944641 0.300000 -312.389648
v 293.536774 0.300000 -275.732727
v 287.537323 0.300000 -275.650330
v 293.744781 0.300000 -257.393585
v 287.750275 0.300000 -256.875519
v 295.731689 0.300000 -245.165283
v 289.677551 0.300000 -245.014404
v 294.363312 0.300000 -232.915756
v 288.354889 0.300000 -233.174332
v 294.377472 0.300000 -232.355240
v 288.378937 0.300000 -232.220901
v 294.664368 0.300000 -217.686813
v 288.665527 0.300000 -217.567795
v 295.351929 0.300000 -183.520782
v 289.354370 0.300000 -183.339172
v 296.754791 0.300000 -148.830673
v 290.759674 0.300000 -148.588242
v 292.304626 0.300000 -186.429581
v 292.401672 0.300000 -180.430374
v 428.113159 0.300000 -188.627167
v 428.210205 0.300000 -182.627960
v 291.625305 0.300000 -220.627045
v 291.704590 0.300000 -214.627563
v 381.078827 0.300000 -221.809555
v 381.203156 0.300000 -215.810684
v 418.158203 0.300000 -222.856705
v 418.327576 0.300000 -216.859116
v -152.933517 0.300000 -112.266113
v -146.950882 0.300000 -112.722351
v -154.900009 0.300000 -138.052795
v -149.011703 0.300000 -139.745697
v -158.132858 0.300000 -144.205505
v -153.090286 0.300000 -147.508026
v -175.141495 0.300000 -165.416840
v -169.966415 0.300000 -168.554077
v -182.962204 0.300000 -183.211670
v -176.539291 0.300000 -183.509674
v -180.351883 0.300000 -191.052917
v -174.873154 0.300000 -188.514648
v -173.751724 0.300000 -201.906616
v -168.625198 0.300000 -198.789154
v -174.154129 0.300000 -200.800430
v -168.222794 0.300000 -199.895340
v -169.132858 0.300000 -233.706406
v -163.201523 0.300000 -232.801315
v -152.105850 0.300000 -141.895493
v -151.805862 0.300000 -135.903000
v -126.120941 0.300000 -143.196365
v -123.993973 0.300000 -137.295334
v -95.119560 0.300000 -166.368500
v -86.517616 0.300000 -165.307220
v -105.852432 0.300000 -179.548553
v -101.384613 0.300000 -183.564026
v -124.148331 0.300000 -198.012115
v -120.218979 0.300000 -202.570984
v -150.454453 0.300000 -217.304520
v -145.704330 0.300000 -221.261459
v -152.624329 0.300000 -221.784012
v -147.104218 0.300000 -224.151382
v -154.105270 0.300000 -225.728210
v -148.181290 0.300000 -227.019958
v -154.536682 0.300000 -231.863205
v -148.551483 0.300000 -232.284103
v 612.173767 0.300000 -48.650475
v 606.175110 0.300000 -48.776382
v 611.987366 0.300000 -39.769928
v 605.999817 0.300000 -40.424652
v 607.097717 0.300000 -15.251379
v 601.232361 0.300000 -16.518667
v 600.719666 0.300000 12.144393
v 594.880066 0.300000 10.766414
v 583.270325 0.300000 85.113831
v 577.706848 0.300000 82.581024
v 574.926208 0.300000 96.809013
v 570.435852 0.300000 92.772102
v 549.228027 0.300000 119.620377
v 545.717407 0.300000 114.713837
v 500.974121 0.300000 147.003387
v 498.195007 0.300000 141.681702
v 488.365601 0.300000 153.037704
v 485.680420 0.300000 147.671066
v 438.544281 0.300000 179.068436
v 435.696503 0.300000 173.786728
v 402.994263 0.300000 198.837891
v 400.458618 0.300000 193.382629
v 326.150330 0.300000 227.998535
v 323.163513 0.300000 222.714508
v 318.787109 0.300000 233.787476
v 315.998779 0.300000 228.347382
v 273.638031 0.300000 246.819534
v 271.974091 0.300000 241.054886
v -564.292847 0.300000 -375.307800
v -569.396729 0.300000 -372.153381
v -556.445679 0.300000 -362.611084
v -561.763184 0.300000 -359.802429
v -541.632080 0.300000 -329.287476
v -547.181641 0.300000 -327.000732
v -538.213379 0.300000 -320.298004
v -543.995972 0.300000 -318.623993
v -535.746216 0.300000 -308.136932
v -541.634644 0.300000 -306.984711
v -534.202515 0.300000 -299.947266
v -540.182007 0.300000 -299.277832
v -533.422546 0.300000 -278.692413
v -539.417786 0.300000 -278.453827
v -532.339539 0.300000 -253.447205
v -538.346130 0.300000 -253.471588
v -533.416260 0.300000 -232.348572
v -539.371338 0.300000 -233.382111
v -536.079163 0.300000 -223.512283
v -542.035583 0.300000 -224.541122
v -536.269165 0.300000 -219.666321
v -542.208618 0.300000 -221.040039
v -548.996399 0.300000 -189.995773
v -554.435364 0.300000 -192.536301
v -565.561829 0.300000 -157.283600
v -570.880554 0.300000 -160.061493
v -576.039124 0.300000 -137.822922
v -581.271179 0.300000 -140.761856
v -607.466064 0.300000 -84.149933
v -612.715210 0.300000 -87.059586
v -635.384888 0.300000 -30.858776
v -640.699707 0.300000 -33.643162
v -635.411011 0.300000 -30.809978
v -640.673584 0.300000 -33.691959
v -658.842529 0.300000 11.976173
v -664.267578 0.300000 9.390871
v -663.123535 0.300000 22.438301
v -668.941528 0.300000 20.813595
v -664.406189 0.300000 30.581663
v -670.485413 0.300000 30.614759
v -663.496582 0.300000 35.973927
v -669.276733 0.300000 37.779469
v -660.033752 0.300000 43.359921
v -665.276062 0.300000 46.312626
v -658.157959 0.300000 46.176647
v -662.436890 0.300000 50.576115
v -652.457092 0.300000 49.748524
v -655.557434 0.300000 54.886433
v -644.065430 0.300000 54.622009
v -645.660767 0.300000 60.633949
v -577.445435 0.300000 54.130066
v -577.652710 0.300000 60.131752
v -566.603760 0.300000 54.960327
v -567.838257 0.300000 60.883347
v -557.691528 0.300000 58.058174
v -561.439941 0.300000 63.107376
v -550.481201 0.300000 67.986404
v -556.070312 0.300000 70.501114
v -548.164307 0.300000 78.471428
v -554.111938 0.300000 79.363640
v -545.511963 0.300000 111.419670
v -551.498535 0.300000 111.827003
v -545.007446 0.300000 120.493294
v -550.973145 0.300000 121.277000
v -543.086487 0.300000 129.699966
v -548.504211 0.300000 133.109940
v -500.751282 0.300000 162.081573
v -504.093567 0.300000 167.079041
v -450.076935 0.300000 191.500015
v -452.824738 0.300000 196.842606
v -399.837250 0.300000 214.182556
v -402.112885 0.300000 219.738312
v -348.851105 0.300000 232.991150
v -350.791351 0.300000 238.670624
v -290.316284 0.300000 251.417633
v -291.840637 0.300000 257.228027
v -252.463745 0.300000 259.412506
v -253.577271 0.300000 265.309662
v -188.873535 0.300000 270.007874
v -189.677277 0.300000 275.956665
v -108.450691 0.300000 278.360565
v -108.875511 0.300000 284.348724
v -39.830608 0.300000 280.980408
v -39.848316 0.300000 286.984070
v 51.089558 0.300000 278.046204
v 51.361263 0.300000 284.040527
v 113.613785 0.300000 274.394958
v 114.285004 0.300000 280.365967
v 201.186462 0.300000 259.762970
v 202.484070 0.300000 265.629303
v 253.427399 0.300000 245.314484
v 254.900024 0.300000 251.132446
v 272.133850 0.300000 241.013504
v 273.478271 0.300000 246.860916
v 314.421204 0.300000 230.656708
v 320.364685 0.300000 231.478149
v 317.072998 0.300000 211.469940
v 323.076294 0.300000 211.858795
v 316.509247 0.300000 140.741302
v 322.509430 0.300000 140.744171
v 316.823395 0.300000 105.561249
v 322.823151 0.300000 105.614822
v 434.121826 0.300000 176.520142
v 440.118958 0.300000 176.335022
v 431.741821 0.300000 99.420357
v 437.738953 0.300000 99.235237
v 255.851593 0.300000 135.897827
v 255.677887 0.300000 141.895294
v 319.596191 0.300000 137.744003
v 319.422485 0.300000 143.741470
v 257.402191 0.300000 209.590363
v 257.490875 0.300000 215.589691
v 320.030304 0.300000 208.664703
v 320.118988 0.300000 214.664032
v 253.609863 0.300000 44.492363
v 253.543427 0.300000 50.491989
v 314.734100 0.300000 45.169201
v 314.771820 0.300000 51.169979
v 435.344971 0.300000 42.316395
v 435.486877 0.300000 48.314709
v 253.464386 0.300000 10.417962
v 253.591827 0.300000 16.416601
v 313.796204 0.300000 9.136065
v 313.913086 0.300000 15.134930
v 430.932312 0.300000 7.061325
v 431.038574 0.300000 13.060377
v 254.198944 0.300000 -22.952602
v 254.497467 0.300000 -16.960041
v 312.827148 0.300000 -25.873161
v 313.028259 0.300000 -19.875748
v 432.960327 0.300000 -27.948837
v 433.054932 0.300000 -21.949585
v 481.470673 0.300000 -28.641123
v 481.563019 0.300000 -22.641836
v 532.820984 0.300000 -29.489546
v 532.920105 0.300000 -23.490370
v 311.753906 0.300000 48.244354
v 317.752014 0.300000 48.094826
v 310.855652 0.300000 12.212581
v 316.853638 0.300000 12.058414
v 309.927094 0.300000 -22.858128
v 315.928314 0.300000 -22.890781
v 310.309174 0.300000 -47.366989
v 316.308441 0.300000 -47.273460
v 434.367676 0.300000 -49.528645
v 428.381104 0.300000 -49.127583
v 436.013428 0.300000 -24.963036
v 430.001831 0.300000 -24.935387
v 433.987579 0.300000 10.110591
v 427.983307 0.300000 10.011111
v 434.199463 0.300000 18.735765
v 428.211182 0.300000 19.286093
v 438.418915 0.300000 45.095615
v 432.412933 0.300000 45.535488
v 437.740143 0.300000 99.365318
v 431.740631 0.300000 99.290276
v 431.153687 0.300000 16.011377
v 431.256958 0.300000 22.010481
v 450.599579 0.300000 15.676578
v 450.698822 0.300000 21.675751
v 464.628448 0.300000 15.453981
v 464.809601 0.300000 21.451857
v 481.426849 0.300000 14.705757
v 481.534393 0.300000 20.706909
v 503.075775 0.300000 14.893664
v 503.259552 0.300000 20.895479
v 516.372070 0.300000 13.962639
v 516.690063 0.300000 19.955055
v 530.735229 0.300000 13.443392
v 536.861938 0.300000 19.225817
v 529.869141 0.300000 -26.522310
v 535.871948 0.300000 -26.457605
v 530.931641 0.300000 -51.087669
v 536.926025 0.300000 -50.828400
v 478.480621 0.300000 17.703827
v 484.480621 0.300000 17.708839
v 478.516846 0.300000 -25.643986
v 484.516846 0.300000 -25.638973
v 11.973128 0.300000 -41.210110
v 17.968536 0.300000 -40.975613
v 18.415653 0.300000 -205.924301
v 24.659657 0.300000 -212.045547
v -57.667515 0.300000 -204.460556
v -57.782925 0.300000 -210.459427
v -76.029060 0.300000 -40.932281
v -70.731773 0.300000 -38.114716
v -63.606415 0.300000 -64.288017
v -63.662704 0.300000 -51.405228
v -51.438065 0.300000 -40.920097
v -56.759773 0.300000 -38.148933
v -66.632324 0.300000 -57.730942
v -60.636795 0.300000 -57.962303
v -68.350967 0.300000 -102.267555
v -62.353897 0.300000 -102.459038
v -69.849701 0.300000 -161.576279
v -63.851624 0.300000 -161.727859
v 21.472719 0.300000 -211.984222
v 21.602591 0.300000 -205.985626
v 183.396561 0.300000 -215.489868
v 183.755295 0.300000 -209.496246
v 186.109756 0.300000 -215.756378
v 186.482834 0.300000 -209.764160
v 193.090881 0.300000 -215.941071
v 187.080536 0.300000 -209.779968
v 192.802368 0.300000 -44.295502
v 186.802368 0.300000 -44.305588
v 65.050888 0.300000 -352.770813
v 65.017120 0.300000 -346.770935
v 106.436653 0.300000 -352.537842
v 106.577553 0.300000 -346.536987
v 160.297821 0.300000 -355.372589
v 160.613159 0.300000 -349.380890
v -164.776459 0.300000 -222.427826
v -164.828461 0.300000 -216.428070
v -148.053391 0.300000 -222.282867
v -148.105392 0.300000 -216.283112
v -104.461609 0.300000 -184.435379
v -102.775436 0.300000 -178.677200
v -80.714401 0.300000 -191.389252
v -78.624893 0.300000 -185.749176
v -64.211029 0.300000 -198.853088
v -61.013767 0.300000 -193.713989
v -59.809361 0.300000 -202.473785
v -53.235767 0.300000 -200.111969
v -60.669750 0.300000 -206.885773
v -54.780689 0.300000 -208.034210
v -69.559189 0.300000 -160.362167
v -64.142136 0.300000 -162.941971
v -82.378174 0.300000 -187.279312
v -76.961121 0.300000 -189.859116
v -111.205780 0.300000 -299.759491
v -107.120361 0.300000 -295.365265
v -107.530830 0.300000 -303.176178
v -102.605583 0.300000 -299.562775
v -99.577812 0.300000 -319.890625
v -94.159874 0.300000 -317.312683
v -384.737274 0.300000 -228.067871
v -384.916534 0.300000 -234.065186
v -514.930115 0.300000 -224.175858
v -515.019592 0.300000 -230.175858
v -528.428467 0.300000 -224.176529
v -529.335693 0.300000 -230.176559
v -538.170227 0.300000 -221.160873
v -539.944519 0.300000 -226.892532
v 257.028381 0.300000 -45.715664
v 263.025696 0.300000 -45.894024
v 252.013046 0.300000 -214.353439
v 258.010376 0.300000 -214.531815
v 183.282654 0.300000 -215.478683
v 183.869202 0.300000 -209.507431
v 186.109756 0.300000 -215.756378
v 186.482834 0.300000 -209.764160
v 190.009491 0.300000 -215.859543
v 190.161926 0.300000 -209.861496
v 254.938644 0.300000 -217.441727
v 255.084793 0.300000 -211.443527
v 160.453491 0.300000 -355.376740
v 160.457489 0.300000 -349.376740
v 229.362305 0.300000 -355.422577
v 229.283234 0.300000 -349.422516
v 259.983490 0.300000 -354.594971
v 253.899994 0.300000 -348.757202
v 257.984680 0.300000 -213.830673
v 251.985291 0.300000 -213.915848
v 256.926575 0.300000 -330.859070
v 256.926575 0.300000 -336.859070
v 250.094193 0.300000 -330.816711
v 250.028366 0.300000 -336.816406
v 242.657654 0.300000 -330.699615
v 242.542511 0.300000 -336.698517
v 234.838150 0.300000 -330.522522
v 234.686752 0.300000 -336.520630
v 226.857300 0.300000 -330.300415
v 226.678375 0.300000 -336.297729
v 218.935867 0.300000 -330.048248
v 218.735580 0.300000 -336.044891
v 211.294083 0.300000 -329.781036
v 211.077072 0.300000 -335.777130
v 204.151810 0.300000 -329.513794
v 203.921890 0.300000 -335.509399
v 197.728668 0.300000 -329.261475
v 197.489380 0.300000 -335.256714
v 192.243790 0.300000 -329.039093
v 191.999313 0.300000 -335.034088
v 187.915115 0.300000 -328.861542
v 187.672714 0.300000 -334.856659
v 184.952454 0.300000 -328.743500
v 184.738678 0.300000 -334.739716
v 183.658188 0.300000 -328.702789
v 183.333755 0.300000 -334.695526
v 182.834808 0.300000 -328.639465
v 182.261230 0.300000 -334.613098
v 181.134323 0.300000 -328.443542
v 180.405441 0.300000 -334.399231
v 178.727585 0.300000 -328.131744
v 177.930344 0.300000 -334.078583
v 175.815414 0.300000 -327.728180
v 174.969925 0.300000 -333.668365
v 172.573044 0.300000 -327.254486
v 171.683762 0.300000 -333.188263
v 169.171738 0.300000 -326.731903
v 168.235397 0.300000 -332.658417
v 165.782394 0.300000 -326.181671
v 164.788742 0.300000 -332.098907
v 162.577698 0.300000 -325.625580
v 161.505951 0.300000 -331.529266
v 159.735870 0.300000 -325.086853
v 158.543579 0.300000 -330.967651
v 157.454300 0.300000 -324.594055
v 156.039078 0.300000 -330.426758
v 156.036209 0.300000 -324.211731
v 154.024002 0.300000 -329.883423
v 155.952774 0.300000 -324.174591
v 152.362015 0.300000 -329.144257
v 155.802414 0.300000 -324.009247
v 151.236069 0.300000 -327.905914
v 154.813431 0.300000 -322.773560
v 150.090439 0.300000 -326.474548
v 153.430283 0.300000 -320.970520
v 148.652328 0.300000 -324.599854
v 151.775024 0.300000 -318.769775
v 146.971344 0.300000 -322.364868
v 149.941345 0.300000 -316.307434
v 145.125458 0.300000 -319.886169
v 148.017563 0.300000 -313.713043
v 143.198013 0.300000 -317.286835
v 146.090118 0.300000 -311.113708
v 141.274231 0.300000 -314.692444
v 144.244232 0.300000 -308.635010
v 139.440552 0.300000 -312.230103
v 142.563248 0.300000 -306.400024
v 137.785294 0.300000 -310.029358
v 141.125137 0.300000 -304.525330
v 136.402145 0.300000 -308.226318
v 139.979492 0.300000 -303.093933
v 135.413177 0.300000 -306.990662
v 139.028198 0.300000 -302.077972
v 135.088226 0.300000 -306.603058
vn -0.0000 1.0000 -0.0000
vt 0.000000 1.000000
vt 0.200000 1.000000
vt 0.200000 0.000000
vt 0.000000 0.000000
vt 0.400000 1.000000
vt 0.400000 0.000000
vt 0.600000 1.000000
vt 0.600000 0.000000
vt 0.800000 1.000000
vt 0.800000 0.000000
vt 1.000000 1.000000
vt 1.000000 0.000000
vt 0.066667 1.000000
vt 0.066667 0.000000
vt 0.133333 1.000000
vt 0.133333 0.000000
vt 0.266667 1.000000
vt 0.266667 0.000000
vt 0.333333 1.000000
vt 0.333333 0.000000
vt 0.466667 1.000000
vt 0.466667 0.000000
vt 0.533333 1.000000
vt 0.533333 0.000000
vt 0.666667 1.000000
vt 0.666667 0.000000
vt 0.733333 1.000000
vt 0.733333 0.000000
vt 0.866667 1.000000
vt 0.866667 0.000000
vt 0.933333 1.000000
vt 0.933333 0.000000
vt 0.062500 1.000000
vt 0.062500 0.000000
vt 0.125000 1.000000
vt 0.125000 0.000000
vt 0.187500 1.000000
vt 0.187500 0.000000
vt 0.250000 1.000000
vt 0.250000 0.000000
vt 0.312500 1.000000
vt 0.312500 0.000000
vt 0.375000 1.000000
vt 0.375000 0.000000
vt 0.437500 1.000000
vt 0.437500 0.000000
vt 0.500000 1.000000
vt 0.500000 0.000000
vt 0.562500 1.000000
vt 0.562500 0.000000
vt 0.625000 1.000000
vt 0.625000 0.000000
vt 0.687500 1.000000
vt 0.687500 0.000000
vt 0.750000 1.000000
vt 0.750000 0.000000
vt 0.812500 1.000000
vt 0.812500 0.000000
vt 0.875000 1.000000
vt 0.875000 0.000000
vt 0.937500 1.000000
vt 0.937500 0.000000
vt 0.041667 1.000000
vt 0.041667 0.000000
vt 0.083333 1.000000
vt 0.083333 0.000000
vt 0.166667 1.000000
vt 0.166667 0.000000
vt 0.208333 1.000000
vt 0.208333 0.000000
vt 0.291667 1.000000
vt 0.291667 0.000000
vt 0.416667 1.000000
vt 0.416667 0.000000
vt 0.458333 1.000000
vt 0.458333 0.000000
vt 0.541667 1.000000
vt 0.541667 0.000000
vt 0.583333 1.000000
vt 0.583333 0.000000
vt 0.708333 1.000000
vt 0.708333 0.000000
vt 0.791667 1.000000
vt 0.791667 0.000000
vt 0.833333 1.000000
vt 0.833333 0.000000
vt 0.916667 1.000000
vt 0.916667 0.000000
vt 0.958333 1.000000
vt 0.958333 0.000000
vt 0.043478 1.000000
vt 0.043478 0.000000
vt 0.086957 1.000000
vt 0.086957 0.000000
vt 0.130435 1.000000
vt 0.130435 0.000000
vt 0.173913 1.000000
vt 0.173913 0.000000
vt 0.217391 1.000000
vt 0.217391 0.000000
vt 0.260870 1.000000
vt 0.260870 0.000000
vt 0.304348 1.000000
vt 0.304348 0.000000
vt 0.347826 1.000000
vt 0.347826 0.000000
vt 0.391304 1.000000
vt 0.391304 0.000000
vt 0.434783 1.000000
vt 0.434783 0.000000
vt 0.478261 1.000000
vt 0.478261 0.000000
vt 0.521739 1.000000
vt 0.521739 0.000000
vt 0.565217 1.000000
vt 0.565217 0.000000
vt 0.608696 1.000000
vt 0.608696 0.000000
vt 0.652174 1.000000
vt 0.652174 0.000000
vt 0.695652 1.000000
vt 0.695652 0.000000
vt 0.739130 1.000000
vt 0.739130 0.000000
vt 0.782609 1.000000
vt 0.782609 0.000000
vt 0.826087 1.000000
vt 0.826087 0.000000
vt 0.869565 1.000000
vt 0.869565 0.000000
vt 0.913043 1.000000
vt 0.913043 0.000000
vt 0.956522 1.000000
vt 0.956522 0.000000
vt 0.142857 1.000000
vt 0.142857 0.000000
vt 0.285714 1.000000
vt 0.285714 0.000000
vt 0.428571 1.000000
vt 0.428571 0.000000
vt 0.571429 1.000000
vt 0.571429 0.000000
vt 0.714286 1.000000
vt 0.714286 0.000000
vt 0.857143 1.000000
vt 0.857143 0.000000
vt 0.037037 1.000000
vt 0.037037 0.000000
vt 0.074074 1.000000
vt 0.074074 0.000000
vt 0.111111 1.000000
vt 0.111111 0.000000
vt 0.148148 1.000000
vt 0.148148 0.000000
vt 0.185185 1.000000
vt 0.185185 0.000000
vt 0.222222 1.000000
vt 0.222222 0.000000
vt 0.259259 1.000000
vt 0.259259 0.000000
vt 0.296296 1.000000
vt 0.296296 0.000000
vt 0.370370 1.000000
vt 0.370370 0.000000
vt 0.407407 1.000000
vt 0.407407 0.000000
vt 0.444444 1.000000
vt 0.444444 0.000000
vt 0.481481 1.000000
vt 0.481481 0.000000
vt 0.518519 1.000000
vt 0.518519 0.000000
vt 0.555556 1.000000
vt 0.555556 0.000000
vt 0.592593 1.000000
vt 0.592593 0.000000
vt 0.629630 1.000000
vt 0.629630 0.000000
vt 0.703704 1.000000
vt 0.703704 0.000000
vt 0.740741 1.000000
vt 0.740741 0.000000
vt 0.777778 1.000000
vt 0.777778 0.000000
vt 0.814815 1.000000
vt 0.814815 0.000000
vt 0.851852 1.000000
vt 0.851852 0.000000
vt 0.888889 1.000000
vt 0.888889 0.000000
vt 0.925926 1.000000
vt 0.925926 0.000000
vt 0.962963 1.000000
vt 0.962963 0.000000
vt 0.090909 1.000000
vt 0.090909 0.000000
vt 0.181818 1.000000
vt 0.181818 0.000000
vt 0.272727 1.000000
vt 0.272727 0.000000
vt 0.363636 1.000000
vt 0.363636 0.000000
vt 0.454545 1.000000
vt 0.454545 0.000000
vt 0.545455 1.000000
vt 0.545455 0.000000
vt 0.636364 1.000000
vt 0.636364 0.000000
vt 0.727273 1.000000
vt 0.727273 0.000000
vt 0.818182 1.000000
vt 0.818182 0.000000
vt 0.909091 1.000000
vt 0.909091 0.000000
vt 0.076923 1.000000
vt 0.076923 0.000000
vt 0.153846 1.000000
vt 0.153846 0.000000
vt 0.230769 1.000000
vt 0.230769 0.000000
vt 0.307692 1.000000
vt 0.307692 0.000000
vt 0.384615 1.000000
vt 0.384615 0.000000
vt 0.461538 1.000000
vt 0.461538 0.000000
vt 0.538462 1.000000
vt 0.538462 0.000000
vt 0.615385 1.000000
vt 0.615385 0.000000
vt 0.692308 1.000000
vt 0.692308 0.000000
vt 0.769231 1.000000
vt 0.769231 0.000000
vt 0.846154 1.000000
vt 0.846154 0.000000
vt 0.923077 1.000000
vt 0.923077 0.000000
vt 0.033333 1.000000
vt 0.033333 0.000000
vt 0.100000 1.000000
vt 0.100000 0.000000
vt 0.233333 1.000000
vt 0.233333 0.000000
vt 0.300000 1.000000
vt 0.300000 0.000000
vt 0.366667 1.000000
vt 0.366667 0.000000
vt 0.433333 1.000000
vt 0.433333 0.000000
vt 0.566667 1.000000
vt 0.566667 0.000000
vt 0.633333 1.000000
vt 0.633333 0.000000
vt 0.700000 1.000000
vt 0.700000 0.000000
vt 0.766667 1.000000
vt 0.766667 0.000000
vt 0.900000 1.000000
vt 0.900000 0.000000
vt 0.966667 1.000000
vt 0.966667 0.000000
vt 0.027778 1.000000
vt 0.027778 0.000000
vt 0.055556 1.000000
vt 0.055556 0.000000
vt 0.138889 1.000000
vt 0.138889 0.000000
vt 0.194444 1.000000
vt 0.194444 0.000000
vt 0.277778 1.000000
vt 0.277778 0.000000
vt 0.305556 1.000000
vt 0.305556 0.000000
vt 0.361111 1.000000
vt 0.361111 0.000000
vt 0.388889 1.000000
vt 0.388889 0.000000
vt 0.472222 1.000000
vt 0.472222 0.000000
vt 0.527778 1.000000
vt 0.527778 0.000000
vt 0.611111 1.000000
vt 0.611111 0.000000
vt 0.638889 1.000000
vt 0.638889 0.000000
vt 0.694444 1.000000
vt 0.694444 0.000000
vt 0.722222 1.000000
vt 0.722222 0.000000
vt 0.805556 1.000000
vt 0.805556 0.000000
vt 0.861111 1.000000
vt 0.861111 0.000000
vt 0.944444 1.000000
vt 0.944444 0.000000
vt 0.972222 1.000000
vt 0.972222 0.000000
s 1
usemtl roads_service
f 2704/299/821 2706/300/821 2705/301/821 2703/302/821
f 2706/300/821 2708/303/821 2707/304/821 2705/301/821
f 2708/303/821 2710/305/821 2709/306/821 2707/304/821
f 2710/305/821 2712/307/821 2711/308/821 2709/306/821
f 2712/307/821 2714/309/821 2713/310/821 2711/308/821
f 2716/299/821 2718/300/821 2717/301/821 2715/302/821
f 2718/300/821 2720/303/821 2719/304/821 2717/301/821
f 2720/303/821 2722/305/821 2721/306/821 2719/304/821
f 2722/305/821 2724/307/821 2723/308/821 2721/306/821
f 2724/307/821 2726/309/821 2725/310/821 2723/308/821
f 2728/299/821 2730/309/821 2729/310/821 2727/302/821
f 2732/299/821 2734/311/821 2733/312/821 2731/302/821
f 2734/311/821 2736/313/821 2735/314/821 2733/312/821
f 2736/313/821 2738/300/821 2737/301/821 2735/314/821
f 2738/300/821 2740/315/821 2739/316/821 2737/301/821
f 2740/315/821 2742/317/821 2741/318/821 2739/316/821
f 2742/317/821 2744/303/821 2743/304/821 2741/318/821
f 2744/303/821 2746/319/821 2745/320/821 2743/304/821
f 2746/319/821 2748/321/821 2747/322/821 2745/320/821
f 2748/321/821 2750/305/821 2749/306/821 2747/322/821
f 2750/305/821 2752/323/821 2751/324/821 2749/306/821
f 2752/323/821 2754/325/821 2753/326/821 2751/324/821
f 2754/325/821 2756/307/821 2755/308/821 2753/326/821
f 2756/307/821 2758/327/821 2757/328/821 2755/308/821
f 2758/327/821 2760/329/821 2759/330/821 2757/328/821
f 2760/329/821 2762/309/821 2761/310/821 2759/330/821
f 2764/299/821 2766/331/821 2765/332/821 2763/302/821
f 2766/331/821 2768/333/821 2767/334/821 2765/332/821
f 2768/333/821 2770/335/821 2769/336/821 2767/334/821
f 2770/335/821 2772/337/821 2771/338/821 2769/336/821
f 2772/337/821 2774/339/821 2773/340/821 2771/338/821
f 2774/339/821 2776/341/821 2775/342/821 2773/340/821
f 2776/341/821 2778/343/821 2777/344/821 2775/342/821
f 2778/343/821 2780/345/821 2779/346/821 2777/344/821
f 2780/345/821 2782/347/821 2781/348/821 2779/346/821
f 2782/347/821 2784/349/821 2783/350/821 2781/348/821
f 2784/349/821 2786/351/821 2785/352/821 2783/350/821
f 2786/351/821 2788/353/821 2787/354/821 2785/352/821
f 2788/353/821 2790/355/821 2789/356/821 2787/354/821
f 2790/355/821 2792/357/821 2791/358/821 2789/356/821
f 2792/357/821 2794/359/821 2793/360/821 2791/358/821
f 2794/359/821 2796/309/821 2795/310/821 2793/360/821
f 2798/299/821 2800/309/821 2799/310/821 2797/302/821
f 2802/299/821 2804/361/821 2803/362/821 2801/302/821
f 2804/361/821 2806/363/821 2805/364/821 2803/362/821
f 2806/363/821 2808/333/821 2807/334/821 2805/364/821
f 2808/333/821 2810/365/821 2809/366/821 2807/334/821
f 2810/365/821 2812/367/821 2811/368/821 2809/366/821
f 2812/367/821 2814/337/821 2813/338/821 2811/368/821
f 2814/337/821 2816/369/821 2815/370/821 2813/338/821
f 2816/369/821 2818/317/821 2817/318/821 2815/370/821
f 2818/317/821 2820/341/821 2819/342/821 2817/318/821
f 2820/341/821 2822/371/821 2821/372/821 2819/342/821
f 2822/371/821 2824/373/821 2823/374/821 2821/372/821
f 2824/373/821 2826/345/821 2825/346/821 2823/374/821
f 2826/345/821 2828/375/821 2827/376/821 2825/346/821
f 2828/375/821 2830/377/821 2829/378/821 2827/376/821
f 2830/377/821 2832/349/821 2831/350/821 2829/378/821
f 2832/349/821 2834/323/821 2833/324/821 2831/350/821
f 2834/323/821 2836/379/821 2835/380/821 2833/324/821
f 2836/379/821 2838/353/821 2837/354/821 2835/380/821
f 2838/353/821 2840/381/821 2839/382/821 2837/354/821
f 2840/381/821 2842/383/821 2841/384/821 2839/382/821
f 2842/383/821 2844/357/821 2843/358/821 2841/384/821
f 2844/357/821 2846/385/821 2845/386/821 2843/358/821
f 2846/385/821 2848/387/821 2847/388/821 2845/386/821
f 2848/387/821 2850/309/821 2849/310/821 2847/388/821
f 2852/299/821 2854/363/821 2853/364/821 2851/302/821
f 2854/363/821 2856/365/821 2855/366/821 2853/364/821
f 2856/365/821 2858/337/821 2857/338/821 2855/366/821
f 2858/337/821 2860/317/821 2859/318/821 2857/338/821
f 2860/317/821 2862/371/821 2861/372/821 2859/318/821
f 2862/371/821 2864/345/821 2863/346/821 2861/372/821
f 2864/345/821 2866/377/821 2865/378/821 2863/346/821
f 2866/377/821 2868/323/821 2867/324/821 2865/378/821
f 2868/323/821 2870/353/821 2869/354/821 2867/324/821
f 2870/353/821 2872/383/821 2871/384/821 2869/354/821
f 2872/383/821 2874/385/821 2873/386/821 2871/384/821
f 2874/385/821 2876/309/821 2875/310/821 2873/386/821
f 2878/299/821 2880/309/821 2879/310/821 2877/302/821
f 2882/299/821 2884/309/821 2883/310/821 2881/302/821
f 2886/299/821 2888/309/821 2887/310/821 2885/302/821
f 2890/299/821 2892/300/821 2891/301/821 2889/302/821
f 2892/300/821 2894/303/821 2893/304/821 2891/301/821
f 2894/303/821 2896/305/821 2895/306/821 2893/304/821
f 2896/305/821 2898/307/821 2897/308/821 2895/306/821
f 2898/307/821 2900/309/821 2899/310/821 2897/308/821
f 2902/299/821 2904/331/821 2903/332/821 2901/302/821
f 2904/331/821 2906/333/821 2905/334/821 2903/332/821
f 2906/333/821 2908/335/821 2907/336/821 2905/334/821
f 2908/335/821 2910/337/821 2909/338/821 2907/336/821
f 2910/337/821 2912/339/821 2911/340/821 2909/338/821
f 2912/339/821 2914/341/821 2913/342/821 2911/340/821
f 2914/341/821 2916/343/821 2915/344/821 2913/342/821
f 2916/343/821 2918/345/821 2917/346/821 2915/344/821
f 2918/345/821 2920/347/821 2919/348/821 2917/346/821
f 2920/347/821 2922/349/821 2921/350/821 2919/348/821
f 2922/349/821 2924/351/821 2923/352/821 2921/350/821
f 2924/351/821 2926/353/821 2925/354/821 2923/352/821
f 2926/353/821 2928/355/821 2927/356/821 2925/354/821
f 2928/355/821 2930/357/821 2929/358/821 2927/356/821
f 2930/357/821 2932/359/821 2931/360/821 2929/358/821
f 2932/359/821 2934/309/821 2933/310/821 2931/360/821
f 2936/299/821 2938/333/821 2937/334/821 2935/302/821
f 2938/333/821 2940/337/821 2939/338/821 2937/334/821
f 2940/337/821 2942/341/821 2941/342/821 2939/338/821
f 2942/341/821 2944/345/821 2943/346/821 2941/342/821
f 2944/345/821 2946/349/821 2945/350/821 2943/346/821
f 2946/349/821 2948/353/821 2947/354/821 2945/350/821
f 2948/353/821 2950/357/821 2949/358/821 2947/354/821
f 2950/357/821 2952/309/821 2951/310/821 2949/358/821
f 2954/299/821 2956/365/821 2955/366/821 2953/302/821
f 2956/365/821 2958/317/821 2957/318/821 2955/366/821
f 2958/317/821 2960/345/821 2959/346/821 2957/318/821
f 2960/345/821 2962/323/821 2961/324/821 2959/346/821
f 2962/323/821 2964/383/821 2963/384/821 2961/324/821
f 2964/383/821 2966/309/821 2965/310/821 2963/384/821
f 2968/299/821 2970/389/821 2969/390/821 2967/302/821
f 2970/389/821 2972/391/821 2971/392/821 2969/390/821
f 2972/391/821 2974/393/821 2973/394/821 2971/392/821
f 2974/393/821 2976/395/821 2975/396/821 2973/394/821
f 2976/395/821 2978/397/821 2977/398/821 2975/396/821
f 2978/397/821 2980/399/821 2979/400/821 2977/398/821
f 2980/399/821 2982/401/821 2981/402/821 2979/400/821
f 2982/401/821 2984/403/821 2983/404/821 2981/402/821
f 2984/403/821 2986/405/821 2985/406/821 2983/404/821
f 2986/405/821 2988/407/821 2987/408/821 2985/406/821
f 2988/407/821 2990/409/821 2989/410/821 2987/408/821
f 2990/409/821 2992/411/821 2991/412/821 2989/410/821
f 2992/411/821 2994/413/821 2993/414/821 2991/412/821
f 2994/413/821 2996/415/821 2995/416/821 2993/414/821
f 2996/415/821 2998/417/821 2997/418/821 2995/416/821
f 2998/417/821 3000/419/821 2999/420/821 2997/418/821
f 3000/419/821 3002/421/821 3001/422/821 2999/420/821
f 3002/421/821 3004/423/821 3003/424/821 3001/422/821
f 3004/423/821 3006/425/821 3005/426/821 3003/424/821
f 3006/425/821 3008/427/821 3007/428/821 3005/426/821
f 3008/427/821 3010/429/821 3009/430/821 3007/428/821
f 3010/429/821 3012/431/821 3011/432/821 3009/430/821
f 3012/431/821 3014/309/821 3013/310/821 3011/432/821
f 3016/299/821 3018/433/821 3017/434/821 3015/302/821
f 3018/433/821 3020/435/821 3019/436/821 3017/434/821
f 3020/435/821 3022/437/821 3021/438/821 3019/436/821
f 3022/437/821 3024/439/821 3023/440/821 3021/438/821
f 3024/439/821 3026/441/821 3025/442/821 3023/440/821
f 3026/441/821 3028/443/821 3027/444/821 3025/442/821
f 3028/443/821 3030/309/821 3029/310/821 3027/444/821
f 3032/299/821 3034/445/821 3033/446/821 3031/302/821
f 3034/445/821 3036/447/821 3035/448/821 3033/446/821
f 3036/447/821 3038/449/821 3037/450/821 3035/448/821
f 3038/449/821 3040/451/821 3039/452/821 3037/450/821
f 3040/451/821 3042/453/821 3041/454/821 3039/452/821
f 3042/453/821 3044/455/821 3043/456/821 3041/454/821
f 3044/455/821 3046/457/821 3045/458/821 3043/456/821
f 3046/457/821 3048/459/821 3047/460/821 3045/458/821
f 3048/459/821 3050/317/821 3049/318/821 3047/460/821
f 3050/317/821 3052/461/821 3051/462/821 3049/318/821
f 3052/461/821 3054/463/821 3053/464/821 3051/462/821
f 3054/463/821 3056/465/821 3055/466/821 3053/464/821
f 3056/465/821 3058/467/821 3057/468/821 3055/466/821
f 3058/467/821 3060/469/821 3059/470/821 3057/468/821
f 3060/469/821 3062/471/821 3061/472/821 3059/470/821
f 3062/471/821 3064/473/821 3063/474/821 3061/472/821
f 3064/473/821 3066/475/821 3065/476/821 3063/474/821
f 3066/475/821 3068/323/821 3067/324/821 3065/476/821
f 3068/323/821 3070/477/821 3069/478/821 3067/324/821
f 3070/477/821 3072/479/821 3071/480/821 3069/478/821
f 3072/479/821 3074/481/821 3073/482/821 3071/480/821
f 3074/481/821 3076/483/821 3075/484/821 3073/482/821
f 3076/483/821 3078/485/821 3077/486/821 3075/484/821
f 3078/485/821 3080/487/821 3079/488/821 3077/486/821
f 3080/487/821 3082/489/821 3081/490/821 3079/488/821
f 3082/489/821 3084/491/821 3083/492/821 3081/490/821
f 3084/491/821 3086/309/821 3085/310/821 3083/492/821
f 3088/299/821 3090/493/821 3089/494/821 3087/302/821
f 3090/493/821 3092/495/821 3091/496/821 3089/494/821
f 3092/495/821 3094/497/821 3093/498/821 3091/496/821
f 3094/497/821 3096/499/821 3095/500/821 3093/498/821
f 3096/499/821 3098/501/821 3097/502/821 3095/500/821
f 3098/501/821 3100/503/821 3099/504/821 3097/502/821
f 3100/503/821 3102/505/821 3101/506/821 3099/504/821
f 3102/505/821 3104/507/821 3103/508/821 3101/506/821
f 3104/507/821 3106/509/821 3105/510/821 3103/508/821
f 3106/509/821 3108/511/821 3107/512/821 3105/510/821
f 3108/511/821 3110/309/821 3109/310/821 3107/512/821
f 3112/299/821 3114/309/821 3113/310/821 3111/302/821
f 3116/299/821 3118/309/821 3117/310/821 3115/302/821
f 3120/299/821 3122/309/821 3121/310/821 3119/302/821
f 3124/299/821 3126/309/821 3125/310/821 3123/302/821
f 3128/299/821 3130/333/821 3129/334/821 3127/302/821
f 3130/333/821 3132/337/821 3131/338/821 3129/334/821
f 3132/337/821 3134/341/821 3133/342/821 3131/338/821
f 3134/341/821 3136/345/821 3135/346/821 3133/342/821
f 3136/345/821 3138/349/821 3137/350/821 3135/346/821
f 3138/349/821 3140/353/821 3139/354/821 3137/350/821
f 3140/353/821 3142/357/821 3141/358/821 3139/354/821
f 3142/357/821 3144/309/821 3143/310/821 3141/358/821
f 3146/299/821 3148/309/821 3147/310/821 3145/302/821
f 3150/299/821 3152/345/821 3151/346/821 3149/302/821
f 3152/345/821 3154/309/821 3153/310/821 3151/346/821
f 3156/299/821 3158/365/821 3157/366/821 3155/302/821
f 3158/365/821 3160/317/821 3159/318/821 3157/366/821
f 3160/317/821 3162/345/821 3161/346/821 3159/318/821
f 3162/345/821 3164/323/821 3163/324/821 3161/346/821
f 3164/323/821 3166/383/821 3165/384/821 3163/324/821
f 3166/383/821 3168/309/821 3167/310/821 3165/384/821
f 3170/299/821 3172/309/821 3171/310/821 3169/302/821
f 3174/299/821 3176/333/821 3175/334/821 3173/302/821
f 3176/333/821 3178/337/821 3177/338/821 3175/334/821
f 3178/337/821 3180/341/821 3179/342/821 3177/338/821
f 3180/341/821 3182/345/821 3181/346/821 3179/342/821
f 3182/345/821 3184/349/821 3183/350/821 3181/346/821
f 3184/349/821 3186/353/821 3185/354/821 3183/350/821
f 3186/353/821 3188/357/821 3187/358/821 3185/354/821
f 3188/357/821 3190/309/821 3189/310/821 3187/358/821
f 3192/299/821 3194/513/821 3193/514/821 3191/302/821
f 3194/513/821 3196/515/821 3195/516/821 3193/514/821
f 3196/515/821 3198/517/821 3197/518/821 3195/516/821
f 3198/517/821 3200/519/821 3199/520/821 3197/518/821
f 3200/519/821 3202/521/821 3201/522/821 3199/520/821
f 3202/521/821 3204/523/821 3203/524/821 3201/522/821
f 3204/523/821 3206/525/821 3205/526/821 3203/524/821
f 3206/525/821 3208/527/821 3207/528/821 3205/526/821
f 3208/527/821 3210/529/821 3209/530/821 3207/528/821
f 3210/529/821 3212/531/821 3211/532/821 3209/530/821
f 3212/531/821 3214/533/821 3213/534/821 3211/532/821
f 3214/533/821 3216/535/821 3215/536/821 3213/534/821
f 3216/535/821 3218/309/821 3217/310/821 3215/536/821
f 3220/299/821 3222/311/821 3221/312/821 3219/302/821
f 3222/311/821 3224/313/821 3223/314/821 3221/312/821
f 3224/313/821 3226/300/821 3225/301/821 3223/314/821
f 3226/300/821 3228/315/821 3227/316/821 3225/301/821
f 3228/315/821 3230/317/821 3229/318/821 3227/316/821
f 3230/317/821 3232/303/821 3231/304/821 3229/318/821
f 3232/303/821 3234/319/821 3233/320/821 3231/304/821
f 3234/319/821 3236/321/821 3235/322/821 3233/320/821
f 3236/321/821 3238/305/821 3237/306/821 3235/322/821
f 3238/305/821 3240/323/821 3239/324/821 3237/306/821
f 3240/323/821 3242/325/821 3241/326/821 3239/324/821
f 3242/325/821 3244/307/821 3243/308/821 3241/326/821
f 3244/307/821 3246/327/821 3245/328/821 3243/308/821
f 3246/327/821 3248/329/821 3247/330/821 3245/328/821
f 3248/329/821 3250/309/821 3249/310/821 3247/330/821
f 3252/299/821 3254/537/821 3253/538/821 3251/302/821
f 3254/537/821 3256/311/821 3255/312/821 3253/538/821
f 3256/311/821 3258/539/821 3257/540/821 3255/312/821
f 3258/539/821 3260/313/821 3259/314/821 3257/540/821
f 3260/313/821 3262/365/821 3261/366/821 3259/314/821
f 3262/365/821 3264/300/821 3263/301/821 3261/366/821
f 3264/300/821 3266/541/821 3265/542/821 3263/301/821
f 3266/541/821 3268/315/821 3267/316/821 3265/542/821
f 3268/315/821 3270/543/821 3269/544/821 3267/316/821
f 3270/543/821 3272/317/821 3271/318/821 3269/544/821
f 3272/317/821 3274/545/821 3273/546/821 3271/318/821
f 3274/545/821 3276/303/821 3275/304/821 3273/546/821
f 3276/303/821 3278/547/821 3277/548/821 3275/304/821
f 3278/547/821 3280/319/821 3279/320/821 3277/548/821
f 3280/319/821 3282/345/821 3281/346/821 3279/320/821
f 3282/345/821 3284/321/821 3283/322/821 3281/346/821
f 3284/321/821 3286/549/821 3285/550/821 3283/322/821
f 3286/549/821 3288/305/821 3287/306/821 3285/550/821
f 3288/305/821 3290/551/821 3289/552/821 3287/306/821
f 3290/551/821 3292/323/821 3291/324/821 3289/552/821
f 3292/323/821 3294/553/821 3293/554/821 3291/324/821
f 3294/553/821 3296/325/821 3295/326/821 3293/554/821
f 3296/325/821 3298/555/821 3297/556/821 3295/326/821
f 3298/555/821 3300/307/821 3299/308/821 3297/556/821
f 3300/307/821 3302/383/821 3301/384/821 3299/308/821
f 3302/383/821 3304/327/821 3303/328/821 3301/384/821
f 3304/327/821 3306/557/821 3305/558/821 3303/328/821
f 3306/557/821 3308/329/821 3307/330/821 3305/558/821
f 3308/329/821 3310/559/821 3309/560/821 3307/330/821
f 3310/559/821 3312/309/821 3311/310/821 3309/560/821
f 3314/299/821 3316/317/821 3315/318/821 3313/302/821
f 3316/317/821 3318/323/821 3317/324/821 3315/318/821
f 3318/323/821 3320/309/821 3319/310/821 3317/324/821
f 3322/299/821 3324/309/821 3323/310/821 3321/302/821
f 3326/299/821 3328/309/821 3327/310/821 3325/302/821
f 3330/299/821 3332/309/821 3331/310/821 3329/302/821
f 3334/299/821 3336/345/821 3335/346/821 3333/302/821
f 3336/345/821 3338/309/821 3337/310/821 3335/346/821
f 3340/299/821 3342/345/821 3341/346/821 3339/302/821
f 3342/345/821 3344/309/821 3343/310/821 3341/346/821
f 3346/299/821 3348/337/821 3347/338/821 3345/302/821
f 3348/337/821 3350/345/821 3349/346/821 3347/338/821
f 3350/345/821 3352/353/821 3351/354/821 3349/346/821
f 3352/353/821 3354/309/821 3353/310/821 3351/354/821
f 3356/299/821 3358/317/821 3357/318/821 3355/302/821
f 3358/317/821 3360/323/821 3359/324/821 3357/318/821
f 3360/323/821 3362/309/821 3361/310/821 3359/324/821
f 3364/299/821 3366/300/821 3365/301/821 3363/302/821
f 3366/300/821 3368/303/821 3367/304/821 3365/301/821
f 3368/303/821 3370/305/821 3369/306/821 3367/304/821
f 3370/305/821 3372/307/821 3371/308/821 3369/306/821
f 3372/307/821 3374/309/821 3373/310/821 3371/308/821
f 3376/299/821 3378/333/821 3377/334/821 3375/302/821
f 3378/333/821 3380/337/821 3379/338/821 3377/334/821
f 3380/337/821 3382/341/821 3381/342/821 3379/338/821
f 3382/341/821 3384/345/821 3383/346/821 3381/342/821
f 3384/345/821 3386/349/821 3385/350/821 3383/346/821
f 3386/349/821 3388/353/821 3387/354/821 3385/350/821
f 3388/353/821 3390/357/821 3389/358/821 3387/354/821
f 3390/357/821 3392/309/821 3391/310/821 3389/358/821
f 3394/299/821 3396/309/821 3395/310/821 3393/302/821
f 3398/299/821 3400/345/821 3399/346/821 3397/302/821
f 3400/345/821 3402/309/821 3401/310/821 3399/346/821
f 3404/299/821 3406/345/821 3405/346/821 3403/302/821
f 3406/345/821 3408/309/821 3407/310/821 3405/346/821
f 3410/299/821 3412/345/821 3411/346/821 3409/302/821
f 3412/345/821 3414/309/821 3413/310/821 3411/346/821
f 3416/299/821 3418/337/821 3417/338/821 3415/302/821
f 3418/337/821 3420/345/821 3419/346/821 3417/338/821
f 3420/345/821 3422/353/821 3421/354/821 3419/346/821
f 3422/353/821 3424/309/821 3423/310/821 3421/354/821
f 3426/299/821 3428/345/821 3427/346/821 3425/302/821
f 3428/345/821 3430/309/821 3429/310/821 3427/346/821
f 3432/299/821 3434/309/821 3433/310/821 3431/302/821
f 3436/299/821 3438/337/821 3437/338/821 3435/302/821
f 3438/337/821 3440/345/821 3439/346/821 3437/338/821
f 3440/345/821 3442/353/821 3441/354/821 3439/346/821
f 3442/353/821 3444/309/821 3443/310/821 3441/354/821
f 3446/299/821 3448/309/821 3447/310/821 3445/302/821
f 3450/299/821 3452/345/821 3451/346/821 3449/302/821
f 3452/345/821 3454/309/821 3453/310/821 3451/346/821
f 3456/299/821 3458/317/821 3457/318/821 3455/302/821
f 3458/317/821 3460/323/821 3459/324/821 3457/318/821
f 3460/323/821 3462/309/821 3461/310/821 3459/324/821
f 3464/299/821 3466/309/821 3465/310/821 3463/302/821
f 3468/299/821 3470/317/821 3469/318/821 3467/302/821
f 3470/317/821 3472/323/821 3471/324/821 3469/318/821
f 3472/323/821 3474/309/821 3473/310/821 3471/324/821
f 3476/299/821 3478/317/821 3477/318/821 3475/302/821
f 3478/317/821 3480/323/821 3479/324/821 3477/318/821
f 3480/323/821 3482/309/821 3481/310/821 3479/324/821
f 3484/299/821 3486/561/821 3485/562/821 3483/302/821
f 3486/561/821 3488/563/821 3487/564/821 3485/562/821
f 3488/563/821 3490/363/821 3489/364/821 3487/564/821
f 3490/363/821 3492/449/821 3491/450/821 3489/364/821
f 3492/449/821 3494/565/821 3493/566/821 3491/450/821
f 3494/565/821 3496/365/821 3495/366/821 3493/566/821
f 3496/365/821 3498/567/821 3497/568/821 3495/366/821
f 3498/567/821 3500/455/821 3499/456/821 3497/568/821
f 3500/455/821 3502/337/821 3501/338/821 3499/456/821
f 3502/337/821 3504/569/821 3503/570/821 3501/338/821
f 3504/569/821 3506/571/821 3505/572/821 3503/570/821
f 3506/571/821 3508/317/821 3507/318/821 3505/572/821
f 3508/317/821 3510/573/821 3509/574/821 3507/318/821
f 3510/573/821 3512/575/821 3511/576/821 3509/574/821
f 3512/575/821 3514/371/821 3513/372/821 3511/576/821
f 3514/371/821 3516/465/821 3515/466/821 3513/372/821
f 3516/465/821 3518/577/821 3517/578/821 3515/466/821
f 3518/577/821 3520/345/821 3519/346/821 3517/578/821
f 3520/345/821 3522/579/821 3521/580/821 3519/346/821
f 3522/579/821 3524/471/821 3523/472/821 3521/580/821
f 3524/471/821 3526/377/821 3525/378/821 3523/472/821
f 3526/377/821 3528/581/821 3527/582/821 3525/378/821
f 3528/581/821 3530/583/821 3529/584/821 3527/582/821
f 3530/583/821 3532/323/821 3531/324/821 3529/584/821
f 3532/323/821 3534/585/821 3533/586/821 3531/324/821
f 3534/585/821 3536/587/821 3535/588/821 3533/586/821
f 3536/587/821 3538/353/821 3537/354/821 3535/588/821
f 3538/353/821 3540/481/821 3539/482/821 3537/354/821
f 3540/481/821 3542/589/821 3541/590/821 3539/482/821
f 3542/589/821 3544/383/821 3543/384/821 3541/590/821
f 3544/383/821 3546/591/821 3545/592/821 3543/384/821
f 3546/591/821 3548/487/821 3547/488/821 3545/592/821
f 3548/487/821 3550/385/821 3549/386/821 3547/488/821
f 3550/385/821 3552/593/821 3551/594/821 3549/386/821
f 3552/593/821 3554/595/821 3553/596/821 3551/594/821
f 3554/595/821 3556/309/821 3555/310/821 3553/596/821
